Age,EdLevel,Employment,WorkExp,YearsCode,DevType,ICorPM,RemoteWork,Industry,Country,LanguageHaveWorkedWith,DatabaseHaveWorkedWith,annual_salary_usd,income_tier,orgsize_log
29.5,5.0,0,8.0,14.0,"Developer, mobile",1.0,Remote,Fintech,UKR,3.0,2.0,61256.0,2.0,4.085976312551584
59.5,5.0,0,40.0,46.0,"Developer, full-stack",0.0,"Your choice (very flexible, you can come in when you want or just as needed)",Computer Systems Design and Services,DEU,3.0,4.0,99773.0,3.0,9.903487552536127
29.5,4.0,0,2.0,5.0,"Developer, full-stack",0.0,Remote,Healthcare,USA,7.0,2.0,85000.0,3.0,9.903487552536127
39.5,5.0,0,17.0,18.0,"Developer, back-end",0.0,Remote,Fintech,PRT,5.0,2.0,145018.0,3.0,4.085976312551584
39.5,4.0,0,20.0,25.0,"Developer, full-stack",0.0,"Hybrid (some remote, leans heavy to in-person)",Banking/Financial Services,AUS,5.0,3.0,100765.0,3.0,8.006200887093147
39.5,6.0,0,20.0,25.0,"Senior executive (C-suite, VP, etc.)",1.0,"Your choice (very flexible, you can come in when you want or just as needed)",Software Development,FRA,3.0,,232029.0,3.0,4.085976312551584
49.5,2.0,0,28.0,28.0,"Developer, full-stack",0.0,Remote,Software Development,USA,8.0,3.0,215000.0,3.0,4.085976312551584
29.5,4.0,0,11.0,11.0,"Developer, full-stack",1.0,In-person,Software Development,IND,7.0,3.0,9299.0,1.0,9.903487552536127
29.5,5.0,0,4.0,10.0,"Developer, full-stack",0.0,"Your choice (very flexible, you can come in when you want or just as needed)","Transportation, or Supply Chain",IND,4.0,2.0,20923.0,1.0,9.903487552536127
21.0,1.0,0,3.0,10.0,"Developer, full-stack",0.0,In-person,Software Development,GBR,10.0,2.0,34035.0,3.0,4.085976312551584
29.5,4.0,1,13.0,20.0,"Developer, back-end",,,"Internet, Telecomm or Information Services",SVK,4.0,3.0,90491.0,3.0,
21.0,4.0,0,2.0,6.0,"Developer, full-stack",0.0,Remote,Other:,POL,7.0,1.0,26198.0,3.0,4.085976312551584
39.5,2.0,1,15.0,15.0,"Developer, desktop or enterprise applications",,,Software Development,PAK,7.0,4.0,6000.0,1.0,
29.5,4.0,0,8.0,5.0,"Developer, desktop or enterprise applications",0.0,In-person,Other:,GBR,6.0,1.0,36758.0,3.0,4.085976312551584
39.5,4.0,0,14.0,21.0,"Developer, back-end",0.0,"Hybrid (some remote, leans heavy to in-person)",Software Development,HUN,5.0,5.0,52050.0,3.0,5.702114417555504
77.5,4.0,1,28.0,35.0,"Developer, back-end",,,Healthcare,CAN,1.0,,145917.0,3.0,
29.5,4.0,0,4.0,7.0,DevOps engineer or professional,0.0,"Hybrid (some in-person, leans heavy to flexibility)",Software Development,BEL,9.0,3.0,51511.0,3.0,4.085976312551584
29.5,5.0,0,12.0,17.0,"Developer, embedded applications or devices",0.0,"Hybrid (some remote, leans heavy to in-person)",Government,GBR,11.0,2.0,98158.0,3.0,5.702114417555504
29.5,5.0,0,5.0,12.0,"Developer, full-stack",0.0,"Hybrid (some remote, leans heavy to in-person)",Software Development,FRA,7.0,4.0,55687.0,3.0,5.702114417555504
39.5,5.0,0,12.0,18.0,"Developer, back-end",0.0,"Hybrid (some remote, leans heavy to in-person)",Software Development,CZE,,,56167.0,3.0,9.903487552536127
49.5,5.0,0,26.0,40.0,Data scientist,0.0,"Hybrid (some in-person, leans heavy to flexibility)",Software Development,NLD,6.0,2.0,89868.0,3.0,9.903487552536127
29.5,1.0,0,1.0,2.0,"Developer, desktop or enterprise applications",0.0,In-person,Software Development,RUS,2.0,2.0,19139.0,3.0,5.702114417555504
49.5,6.0,0,30.0,40.0,"Developer, front-end",0.0,"Hybrid (some remote, leans heavy to in-person)",Software Development,DEU,7.0,4.0,76570.0,3.0,4.085976312551584
29.5,4.0,1,12.0,15.0,"Developer, back-end",0.0,Remote,Software Development,BRA,7.0,2.0,66128.0,2.0,5.702114417555504
59.5,4.0,0,29.0,34.0,"Developer, desktop or enterprise applications",0.0,"Hybrid (some remote, leans heavy to in-person)",Retail and Consumer Services,DEU,1.0,1.0,99773.0,3.0,8.006200887093147
29.5,4.0,0,10.0,10.0,"Developer, full-stack",0.0,Remote,Other:,GBR,5.0,2.0,149756.0,3.0,9.903487552536127
39.5,4.0,1,10.0,11.0,"Developer, back-end",0.0,Remote,Software Development,POL,,,136450.0,3.0,0.0
29.5,4.0,1,13.0,15.0,"Developer, mobile",,,Retail and Consumer Services,ESP,8.0,,127616.0,3.0,
21.0,4.0,0,2.0,10.0,"Developer, mobile",0.0,"Hybrid (some remote, leans heavy to in-person)",Government,GBR,6.0,1.0,61264.0,3.0,5.702114417555504
39.5,2.0,0,12.0,15.0,"Developer, back-end",0.0,Remote,"Internet, Telecomm or Information Services",POL,,4.0,68225.0,3.0,6.619406317542652
29.5,4.0,0,5.0,9.0,"Developer, full-stack",0.0,"Hybrid (some remote, leans heavy to in-person)",Software Development,DEU,8.0,6.0,39445.0,3.0,2.302585092994046
49.5,,0,15.0,20.0,"Developer, full-stack",0.0,Remote,Software Development,DEU,3.0,,51046.0,3.0,2.302585092994046
39.5,4.0,0,8.0,10.0,"Developer, embedded applications or devices",0.0,Remote,Software Development,GBR,,,98703.0,3.0,
39.5,4.0,0,16.0,20.0,"Developer, game or graphics",0.0,"Hybrid (some remote, leans heavy to in-person)",Software Development,SWE,4.0,,78616.0,3.0,5.702114417555504
39.5,1.0,1,24.0,28.0,"Developer, back-end",,,"Transportation, or Supply Chain",AUT,2.0,1.0,185623.0,3.0,
29.5,5.0,0,3.0,7.0,"Developer, full-stack",0.0,"Hybrid (some remote, leans heavy to in-person)",Software Development,MRT,5.0,2.0,121570.0,1.0,4.085976312551584
39.5,,0,16.0,21.0,"Developer, full-stack",0.0,"Hybrid (some remote, leans heavy to in-person)",Government,DEU,7.0,4.0,72672.0,3.0,5.702114417555504
21.0,4.0,0,4.0,4.0,"Developer, full-stack",0.0,In-person,Software Development,PHL,5.0,3.0,13169.0,2.0,9.903487552536127
39.5,6.0,0,7.0,,Data scientist,0.0,"Hybrid (some remote, leans heavy to in-person)",Other:,DEU,2.0,7.0,81210.0,3.0,8.006200887093147
59.5,4.0,1,39.0,43.0,"Developer, full-stack",,,Healthcare,IRL,6.0,2.0,116015.0,3.0,
39.5,5.0,0,13.0,18.0,Data engineer,0.0,Remote,Software Development,USA,7.0,6.0,570000.0,3.0,9.903487552536127
49.5,4.0,0,25.0,30.0,Data engineer,0.0,"Your choice (very flexible, you can come in when you want or just as needed)",Retail and Consumer Services,DEU,6.0,5.0,139218.0,3.0,8.922591630635415
49.5,4.0,0,25.0,30.0,"Developer, full-stack",0.0,Remote,Software Development,USA,8.0,6.0,190000.0,3.0,
29.5,4.0,0,2.0,6.0,"Developer, back-end",0.0,In-person,Media & Advertising Services,FRA,1.0,1.0,35965.0,3.0,2.302585092994046
49.5,4.0,0,27.0,35.0,"Developer, full-stack",0.0,"Hybrid (some remote, leans heavy to in-person)",Software Development,AUS,14.0,8.0,149522.0,3.0,4.085976312551584
29.5,2.0,1,15.0,15.0,"Founder, technology or otherwise",0.0,Remote,Computer Systems Design and Services,PRT,8.0,3.0,139218.0,3.0,2.302585092994046
29.5,4.0,0,8.0,7.0,"Developer, full-stack",0.0,"Hybrid (some in-person, leans heavy to flexibility)",Software Development,BLR,4.0,2.0,55000.0,2.0,6.619406317542652
39.5,5.0,0,11.0,14.0,"Developer, full-stack",0.0,Remote,Software Development,BRA,6.0,,13107.0,2.0,5.702114417555504
39.5,5.0,0,14.0,20.0,"Developer, desktop or enterprise applications",0.0,Remote,Software Development,DEU,2.0,2.0,116015.0,3.0,9.903487552536127
59.5,4.0,1,41.0,42.0,"Developer, full-stack",,,Software Development,BRA,2.0,3.0,36407.0,2.0,
49.5,4.0,0,21.0,25.0,"Architect, software or solutions",0.0,"Hybrid (some in-person, leans heavy to flexibility)",Government,USA,6.0,1.0,150000.0,3.0,9.903487552536127
39.5,5.0,0,4.0,15.0,"Developer, full-stack",0.0,"Hybrid (some remote, leans heavy to in-person)",Other:,DEU,6.0,5.0,71465.0,3.0,5.702114417555504
39.5,1.0,0,16.0,22.0,"Developer, back-end",0.0,Remote,Software Development,CAN,6.0,5.0,248058.0,3.0,8.006200887093147
39.5,2.0,0,12.0,25.0,"Developer, full-stack",0.0,Remote,Software Development,DEU,8.0,3.0,69609.0,3.0,2.302585092994046
29.5,5.0,0,1.0,6.0,"Developer, full-stack",,"Your choice (very flexible, you can come in when you want or just as needed)",Software Development,FIN,6.0,4.0,49886.0,3.0,4.085976312551584
49.5,5.0,0,25.0,25.0,"Architect, software or solutions",1.0,"Hybrid (some in-person, leans heavy to flexibility)",Computer Systems Design and Services,BRA,6.0,4.0,21844.0,2.0,2.302585092994046
29.5,4.0,0,6.0,9.0,"Developer, full-stack",0.0,"Hybrid (some remote, leans heavy to in-person)",Retail and Consumer Services,SWE,7.0,3.0,41929.0,3.0,2.302585092994046
59.5,,0,40.0,48.0,Product manager,0.0,Remote,Higher Education,USA,6.0,4.0,210000.0,3.0,2.302585092994046
39.5,5.0,0,16.0,23.0,Engineering manager,1.0,Remote,Fintech,BRA,6.0,2.0,101941.0,2.0,6.619406317542652
29.5,5.0,0,12.0,12.0,"Architect, software or solutions",0.0,"Hybrid (some in-person, leans heavy to flexibility)",Software Development,DEU,6.0,3.0,83531.0,3.0,8.006200887093147
29.5,5.0,0,8.0,10.0,Academic researcher,0.0,"Hybrid (some in-person, leans heavy to flexibility)",Software Development,DEU,6.0,4.0,75410.0,3.0,9.903487552536127
29.5,4.0,0,6.0,10.0,"Developer, full-stack",1.0,"Hybrid (some in-person, leans heavy to flexibility)",Healthcare,USA,5.0,5.0,85000.0,3.0,9.903487552536127
39.5,5.0,1,17.0,22.0,"Senior executive (C-suite, VP, etc.)",1.0,"Your choice (very flexible, you can come in when you want or just as needed)",Software Development,IRN,8.0,4.0,712166.0,2.0,4.085976312551584
39.5,5.0,0,13.0,18.0,"Developer, desktop or enterprise applications",0.0,"Hybrid (some in-person, leans heavy to flexibility)",Software Development,USA,4.0,,200000.0,3.0,9.903487552536127
39.5,5.0,0,20.0,30.0,"Developer, back-end",0.0,Remote,Software Development,USA,6.0,1.0,500000.0,3.0,9.903487552536127
39.5,4.0,0,9.0,16.0,"Developer, front-end",0.0,Remote,Insurance,DEU,4.0,1.0,92812.0,3.0,9.903487552536127
39.5,2.0,0,7.0,10.0,"Developer, full-stack",0.0,"Hybrid (some remote, leans heavy to in-person)",Software Development,CAN,5.0,2.0,56908.0,3.0,5.702114417555504
49.5,4.0,0,23.0,42.0,"Developer, back-end",0.0,Remote,Software Development,USA,9.0,4.0,160000.0,3.0,4.085976312551584
29.5,2.0,0,7.0,9.0,"Developer, full-stack",0.0,Remote,Software Development,USA,4.0,2.0,80000.0,3.0,2.302585092994046
29.5,4.0,0,9.0,13.0,"Developer, back-end",0.0,Remote,Software Development,IND,6.0,5.0,75556.0,1.0,5.702114417555504
21.0,4.0,0,1.0,2.0,"Developer, full-stack",0.0,In-person,Other:,USA,10.0,3.0,88000.0,3.0,5.702114417555504
49.5,2.0,0,22.0,25.0,"Developer, mobile",0.0,Remote,Software Development,ESP,4.0,6.0,34804.0,3.0,5.702114417555504
29.5,4.0,0,2.0,16.0,DevOps engineer or professional,0.0,"Hybrid (some in-person, leans heavy to flexibility)",Software Development,USA,4.0,,107000.0,3.0,9.903487552536127
29.5,4.0,0,5.0,8.0,"Developer, mobile",0.0,"Hybrid (some in-person, leans heavy to flexibility)",Banking/Financial Services,POL,1.0,,65496.0,3.0,8.006200887093147
21.0,4.0,0,3.0,5.0,Other (please specify):,0.0,In-person,Banking/Financial Services,USA,1.0,,40000.0,3.0,4.085976312551584
29.5,5.0,1,13.0,20.0,"Developer, full-stack",,,Fintech,PRT,3.0,5.0,83531.0,3.0,
29.5,4.0,0,3.0,11.0,"Developer, back-end",0.0,In-person,Retail and Consumer Services,NLD,4.0,1.0,48726.0,3.0,2.302585092994046
49.5,1.0,0,17.0,17.0,"Developer, front-end",0.0,Remote,"Internet, Telecomm or Information Services",ZAF,2.0,,62017.0,2.0,9.903487552536127
29.5,4.0,0,14.0,20.0,"Developer, front-end",0.0,Remote,Software Development,IND,3.0,,29060.0,1.0,8.922591630635415
29.5,4.0,0,12.0,13.0,"Architect, software or solutions",0.0,Remote,Software Development,BRA,9.0,3.0,89198.0,2.0,4.085976312551584
29.5,4.0,0,9.0,13.0,"Developer, full-stack",0.0,"Hybrid (some remote, leans heavy to in-person)",Software Development,IND,5.0,2.0,37197.0,1.0,9.903487552536127
29.5,2.0,0,10.0,15.0,"Developer, back-end",1.0,Remote,Fintech,FRA,6.0,1.0,92812.0,3.0,8.006200887093147
77.5,6.0,1,35.0,40.0,"Developer, full-stack",,,Manufacturing,DEU,8.0,2.0,104413.0,3.0,
29.5,4.0,0,12.0,14.0,"Developer, mobile",0.0,"Hybrid (some in-person, leans heavy to flexibility)",Software Development,USA,3.0,,154000.0,3.0,2.302585092994046
29.5,4.0,0,6.0,8.0,"Developer, mobile",0.0,"Hybrid (some remote, leans heavy to in-person)","Internet, Telecomm or Information Services",CHE,4.0,,96714.0,3.0,4.085976312551584
21.0,4.0,0,1.0,10.0,"Developer, full-stack",0.0,"Your choice (very flexible, you can come in when you want or just as needed)",Manufacturing,DEU,7.0,1.0,58587.0,3.0,8.006200887093147
49.5,4.0,0,29.0,32.0,"Architect, software or solutions",0.0,"Hybrid (some remote, leans heavy to in-person)",Healthcare,CAN,8.0,3.0,109438.0,3.0,5.702114417555504
59.5,2.0,1,42.0,44.0,"Architect, software or solutions",,,Software Development,USA,2.0,,250000.0,3.0,
49.5,5.0,0,20.0,25.0,"Developer, back-end",0.0,Remote,Software Development,CAN,6.0,4.0,116733.0,3.0,9.903487552536127
29.5,4.0,0,1.0,8.0,"Developer, full-stack",0.0,"Your choice (very flexible, you can come in when you want or just as needed)",Government,HUN,9.0,1.0,23133.0,3.0,5.702114417555504
39.5,3.0,0,20.0,25.0,"Developer, full-stack",0.0,"Hybrid (some remote, leans heavy to in-person)",Higher Education,CAN,10.0,2.0,73932.0,3.0,8.006200887093147
39.5,4.0,0,13.0,18.0,"Developer, back-end",0.0,Remote,Banking/Financial Services,DEU,4.0,3.0,99773.0,3.0,5.702114417555504
21.0,5.0,0,6.0,7.0,"Developer, full-stack",0.0,Remote,Government,USA,5.0,1.0,102000.0,3.0,5.702114417555504
29.5,4.0,0,4.0,10.0,"Developer, full-stack",0.0,"Hybrid (some in-person, leans heavy to flexibility)",Other:,GBR,3.0,1.0,47650.0,3.0,8.006200887093147
39.5,2.0,0,20.0,16.0,Other (please specify):,0.0,Remote,Software Development,USA,5.0,5.0,355000.0,3.0,9.903487552536127
21.0,1.0,1,7.0,12.0,"Developer, back-end",,,Other:,FIN,11.0,9.0,104413.0,3.0,
59.5,5.0,1,28.0,30.0,"Developer, full-stack",,,Other:,GBR,5.0,3.0,88492.0,3.0,
29.5,4.0,0,6.0,9.0,"Developer, mobile",0.0,"Your choice (very flexible, you can come in when you want or just as needed)",Retail and Consumer Services,CZE,1.0,,89867.0,3.0,5.702114417555504
39.5,5.0,0,13.0,20.0,"Developer, back-end",0.0,Remote,Software Development,HRV,5.0,2.0,75410.0,3.0,2.302585092994046
21.0,5.0,0,2.0,6.0,"Developer, front-end",0.0,"Hybrid (some remote, leans heavy to in-person)",Software Development,GBR,6.0,1.0,53095.0,3.0,2.302585092994046
29.5,2.0,0,5.0,9.0,"Developer, back-end",0.0,Remote,Software Development,GBR,2.0,2.0,83046.0,3.0,4.085976312551584
39.5,5.0,0,20.0,30.0,"Developer, full-stack",0.0,"Hybrid (some in-person, leans heavy to flexibility)",Software Development,NLD,7.0,2.0,64968.0,3.0,5.702114417555504
29.5,5.0,0,4.0,9.0,Academic researcher,0.0,"Hybrid (some remote, leans heavy to in-person)",Energy,QAT,6.0,3.0,46111.0,3.0,4.085976312551584
21.0,3.0,0,4.0,10.0,"Architect, software or solutions",0.0,Remote,Software Development,USA,5.0,1.0,80000.0,3.0,5.702114417555504
39.5,4.0,0,13.0,17.0,"Developer, full-stack",0.0,"Your choice (very flexible, you can come in when you want or just as needed)","Transportation, or Supply Chain",USA,11.0,1.0,75000.0,3.0,9.903487552536127
29.5,4.0,0,5.0,8.0,"Developer, full-stack",0.0,In-person,Higher Education,USA,7.0,4.0,82000.0,3.0,6.619406317542652
49.5,4.0,0,6.0,11.0,"Developer, full-stack",0.0,In-person,Manufacturing,GBR,6.0,3.0,59902.0,3.0,8.006200887093147
29.5,5.0,0,7.0,7.0,Cloud infrastructure engineer,0.0,In-person,"Internet, Telecomm or Information Services",BGD,,,1317.0,1.0,6.619406317542652
29.5,2.0,0,5.0,6.0,"Developer, full-stack",0.0,"Hybrid (some remote, leans heavy to in-person)",Other:,ESP,3.0,1.0,51046.0,3.0,5.702114417555504
39.5,5.0,0,12.0,23.0,"Developer, back-end",0.0,Remote,Software Development,DEU,,,92812.0,3.0,5.702114417555504
49.5,5.0,1,30.0,35.0,"Developer, embedded applications or devices",0.0,Remote,Energy,USA,4.0,,250000.0,3.0,0.0
39.5,4.0,0,13.0,18.0,DevOps engineer or professional,0.0,Remote,Software Development,USA,5.0,1.0,215000.0,3.0,5.702114417555504
49.5,4.0,0,30.0,40.0,Engineering manager,1.0,Remote,Software Development,USA,12.0,7.0,253000.0,3.0,2.302585092994046
29.5,2.0,0,3.0,10.0,"Developer, full-stack",,"Hybrid (some remote, leans heavy to in-person)",Software Development,NLD,5.0,3.0,60560.0,3.0,2.302585092994046
39.5,3.0,0,6.0,6.0,"Architect, software or solutions",0.0,Remote,Software Development,USA,2.0,2.0,185000.0,3.0,4.085976312551584
29.5,5.0,0,7.0,12.0,"Developer, mobile",1.0,"Hybrid (some remote, leans heavy to in-person)",Software Development,GBR,8.0,,78962.0,3.0,4.085976312551584
29.5,5.0,0,10.0,15.0,"Developer, full-stack",0.0,"Hybrid (some in-person, leans heavy to flexibility)",Software Development,FRA,15.0,7.0,95132.0,3.0,8.006200887093147
39.5,4.0,0,14.0,22.0,"Architect, software or solutions",0.0,Remote,Software Development,USA,12.0,9.0,160000.0,3.0,2.302585092994046
29.5,5.0,0,3.0,10.0,"Developer, embedded applications or devices",0.0,"Hybrid (some remote, leans heavy to in-person)",Software Development,FRA,4.0,,52207.0,3.0,8.006200887093147
29.5,2.0,0,10.0,12.0,"Architect, software or solutions",1.0,"Hybrid (some remote, leans heavy to in-person)",Government,CZE,10.0,1.0,24339.0,3.0,5.702114417555504
49.5,4.0,0,20.0,27.0,"Developer, full-stack",0.0,"Your choice (very flexible, you can come in when you want or just as needed)",Software Development,GBR,4.0,1.0,61264.0,3.0,5.702114417555504
29.5,4.0,0,2.0,13.0,"Developer, full-stack",0.0,In-person,Other:,CHL,14.0,3.0,16541.0,3.0,2.302585092994046
29.5,,0,7.0,15.0,"Developer, full-stack",0.0,"Your choice (very flexible, you can come in when you want or just as needed)",Other:,CAN,4.0,2.0,56908.0,3.0,2.302585092994046
21.0,4.0,0,3.0,4.0,"Developer, back-end",0.0,"Hybrid (some remote, leans heavy to in-person)",Software Development,IND,7.0,7.0,5231.0,1.0,9.903487552536127
39.5,4.0,0,14.0,16.0,"Developer, full-stack",0.0,Remote,Fintech,USA,7.0,2.0,160272.0,3.0,8.006200887093147
21.0,4.0,0,2.0,4.0,"Developer, full-stack",0.0,"Your choice (very flexible, you can come in when you want or just as needed)",Fintech,UKR,4.0,7.0,11504.0,2.0,4.085976312551584
39.5,4.0,0,10.0,17.0,"Developer, back-end",0.0,Remote,Software Development,PRT,6.0,4.0,116015.0,3.0,2.302585092994046
29.5,4.0,0,7.0,7.0,"Developer, full-stack",0.0,"Hybrid (some in-person, leans heavy to flexibility)",Software Development,USA,8.0,5.0,138000.0,3.0,
29.5,4.0,0,8.0,13.0,Cloud infrastructure engineer,0.0,Remote,Media & Advertising Services,BRA,7.0,9.0,36000.0,2.0,4.085976312551584
39.5,5.0,0,12.0,17.0,"Developer, embedded applications or devices",0.0,Remote,Computer Systems Design and Services,GBR,8.0,4.0,183791.0,3.0,9.903487552536127
49.5,4.0,0,28.0,28.0,"Developer, back-end",0.0,Remote,Higher Education,USA,8.0,14.0,185000.0,3.0,8.006200887093147
39.5,5.0,0,4.0,5.0,"Developer, front-end",0.0,Remote,"Internet, Telecomm or Information Services",UKR,5.0,1.0,11400.0,2.0,5.702114417555504
29.5,4.0,0,5.0,8.0,"Developer, game or graphics",0.0,Remote,Other:,SWE,2.0,,51572.0,3.0,5.702114417555504
29.5,4.0,0,5.0,10.0,"Developer, full-stack",0.0,"Hybrid (some remote, leans heavy to in-person)",Software Development,IND,5.0,2.0,12205.0,1.0,9.903487552536127
29.5,4.0,0,9.0,24.0,"Developer, full-stack",0.0,Remote,Software Development,USA,4.0,1.0,120000.0,3.0,2.302585092994046
29.5,5.0,0,3.0,10.0,Academic researcher,0.0,"Hybrid (some remote, leans heavy to in-person)","Internet, Telecomm or Information Services",FRA,13.0,2.0,46406.0,3.0,5.702114417555504
39.5,5.0,0,9.0,12.0,"Developer, full-stack",1.0,"Your choice (very flexible, you can come in when you want or just as needed)",Software Development,GBR,5.0,4.0,106463.0,3.0,8.006200887093147
77.5,5.0,1,43.0,48.0,"Architect, software or solutions",1.0,"Hybrid (some remote, leans heavy to in-person)",Computer Systems Design and Services,ITA,6.0,4.0,78890.0,3.0,2.302585092994046
49.5,4.0,0,25.0,25.0,"Developer, back-end",0.0,Remote,Software Development,ARG,7.0,11.0,100000.0,2.0,5.702114417555504
39.5,5.0,0,18.0,20.0,"Developer, full-stack",0.0,"Hybrid (some in-person, leans heavy to flexibility)","Internet, Telecomm or Information Services",GBR,4.0,,103468.0,3.0,2.302585092994046
39.5,2.0,0,15.0,25.0,Engineering manager,1.0,Remote,Software Development,USA,13.0,2.0,170000.0,3.0,
29.5,5.0,0,3.0,7.0,"Developer, desktop or enterprise applications",0.0,"Your choice (very flexible, you can come in when you want or just as needed)",Software Development,GBR,6.0,2.0,74878.0,3.0,8.006200887093147
39.5,2.0,0,9.0,12.0,"Developer, back-end",0.0,"Hybrid (some in-person, leans heavy to flexibility)",Software Development,NLD,7.0,6.0,82695.0,3.0,5.702114417555504
39.5,2.0,0,20.0,11.0,DevOps engineer or professional,0.0,Remote,Insurance,USA,9.0,4.0,180000.0,3.0,9.903487552536127
59.5,2.0,0,35.0,30.0,"Developer, desktop or enterprise applications",0.0,"Hybrid (some remote, leans heavy to in-person)",Software Development,BEL,6.0,2.0,52903.0,3.0,8.922591630635415
29.5,3.0,0,14.0,18.0,"Developer, full-stack",0.0,"Hybrid (some remote, leans heavy to in-person)",Media & Advertising Services,USA,7.0,5.0,80000.0,3.0,4.085976312551584
29.5,5.0,0,12.0,17.0,"Developer, back-end",0.0,"Hybrid (some in-person, leans heavy to flexibility)",Fintech,GBR,7.0,3.0,149756.0,3.0,8.922591630635415
39.5,4.0,0,10.0,20.0,"Developer, full-stack",0.0,Remote,Software Development,CAN,7.0,3.0,116733.0,3.0,4.085976312551584
39.5,5.0,0,12.0,11.0,"Developer, embedded applications or devices",1.0,"Hybrid (some remote, leans heavy to in-person)","Transportation, or Supply Chain",USA,7.0,1.0,825000.0,3.0,8.006200887093147
39.5,4.0,0,14.0,9.0,"Developer, full-stack",0.0,In-person,Energy,USA,5.0,2.0,89000.0,3.0,4.085976312551584
21.0,4.0,0,3.0,10.0,"Developer, full-stack",0.0,Remote,Software Development,GBR,5.0,4.0,75559.0,3.0,4.085976312551584
39.5,4.0,0,20.0,20.0,"Architect, software or solutions",0.0,Remote,Fintech,BRA,6.0,2.0,210252.0,2.0,2.302585092994046
39.5,6.0,0,12.0,12.0,Data scientist,0.0,Remote,Healthcare,USA,6.0,,131000.0,3.0,9.903487552536127
39.5,5.0,0,11.0,25.0,"Architect, software or solutions",0.0,"Hybrid (some in-person, leans heavy to flexibility)",Software Development,CHE,6.0,2.0,198389.0,3.0,5.702114417555504
21.0,4.0,0,1.0,5.0,"Developer, full-stack",0.0,In-person,Software Development,IND,5.0,3.0,12786.0,1.0,9.903487552536127
39.5,4.0,0,8.0,15.0,"Developer, full-stack",0.0,In-person,Government,USA,6.0,2.0,181000.0,3.0,5.702114417555504
29.5,5.0,0,3.0,12.0,"Developer, full-stack",0.0,Remote,Software Development,BRA,2.0,,11832.0,2.0,5.702114417555504
49.5,4.0,0,25.0,35.0,"Developer, back-end",0.0,"Hybrid (some in-person, leans heavy to flexibility)",Insurance,ESP,6.0,4.0,81210.0,3.0,9.903487552536127
29.5,1.0,1,13.0,20.0,"Developer, back-end",,,Software Development,CZE,8.0,2.0,74889.0,3.0,
39.5,2.0,0,16.0,22.0,"Developer, full-stack",0.0,In-person,Retail and Consumer Services,USA,8.0,5.0,200000.0,3.0,2.302585092994046
59.5,2.0,0,39.0,45.0,"Developer, mobile",0.0,"Your choice (very flexible, you can come in when you want or just as needed)",Software Development,GBR,10.0,2.0,84408.0,3.0,4.085976312551584
39.5,5.0,0,6.0,15.0,"Developer, embedded applications or devices",0.0,Remote,Software Development,UKR,4.0,,45000.0,2.0,9.903487552536127
29.5,2.0,0,8.0,16.0,"Developer, full-stack",1.0,"Hybrid (some in-person, leans heavy to flexibility)",Software Development,CZE,8.0,7.0,33700.0,3.0,2.302585092994046
29.5,4.0,0,9.0,9.0,Database administrator or engineer,0.0,"Hybrid (some remote, leans heavy to in-person)",Healthcare,BRA,4.0,1.0,24029.0,2.0,4.085976312551584
49.5,4.0,0,23.0,26.0,"Developer, full-stack",0.0,"Hybrid (some in-person, leans heavy to flexibility)",Government,USA,5.0,6.0,220000.0,3.0,5.702114417555504
29.5,4.0,0,6.0,16.0,"Developer, full-stack",0.0,In-person,Software Development,FRA,5.0,2.0,43505.0,3.0,5.702114417555504
49.5,5.0,0,20.0,40.0,"Developer, full-stack",0.0,"Hybrid (some remote, leans heavy to in-person)",Government,CHE,7.0,2.0,173590.0,3.0,4.085976312551584
39.5,4.0,0,22.0,25.0,Applied scientist,0.0,Remote,Government,CAN,11.0,1.0,76825.0,3.0,
39.5,4.0,0,13.0,13.0,"Developer, full-stack",0.0,In-person,Fintech,SWE,,,100629.0,3.0,6.619406317542652
49.5,2.0,0,31.0,35.0,"Architect, software or solutions",1.0,Remote,Software Development,CAN,3.0,5.0,100683.0,3.0,4.085976312551584
29.5,2.0,0,12.0,15.0,"Senior executive (C-suite, VP, etc.)",0.0,Remote,Software Development,USA,2.0,4.0,205000.0,3.0,4.085976312551584
21.0,5.0,0,2.0,6.0,"Developer, full-stack",0.0,"Hybrid (some remote, leans heavy to in-person)",Other:,FRA,7.0,3.0,55687.0,3.0,5.702114417555504
21.0,1.0,0,3.0,5.0,"Developer, full-stack",0.0,"Hybrid (some in-person, leans heavy to flexibility)",Software Development,DEU,7.0,3.0,58007.0,3.0,2.302585092994046
49.5,4.0,0,25.0,29.0,"Developer, full-stack",0.0,Remote,Software Development,USA,6.0,3.0,250000.0,3.0,0.0
39.5,2.0,1,18.0,26.0,"Architect, software or solutions",,,"Internet, Telecomm or Information Services",SVK,7.0,13.0,232029.0,3.0,
39.5,1.0,1,15.0,16.0,"Developer, mobile",,,Software Development,SWE,4.0,,157232.0,3.0,
39.5,4.0,0,16.0,30.0,"Developer, back-end",0.0,Remote,Fintech,GBR,4.0,4.0,142949.0,3.0,4.085976312551584
21.0,4.0,0,2.0,10.0,"Developer, back-end",0.0,In-person,Software Development,IND,8.0,8.0,11043.0,1.0,4.085976312551584
49.5,5.0,0,21.0,21.0,"Developer, full-stack",0.0,In-person,Software Development,SWE,,,29196.0,3.0,2.302585092994046
29.5,4.0,0,10.0,15.0,"Developer, full-stack",0.0,"Hybrid (some remote, leans heavy to in-person)",Retail and Consumer Services,USA,6.0,5.0,132300.0,3.0,9.903487552536127
39.5,5.0,0,13.0,23.0,"Developer, full-stack",0.0,"Your choice (very flexible, you can come in when you want or just as needed)",Software Development,POL,6.0,1.0,33840.0,3.0,8.922591630635415
21.0,4.0,0,6.0,11.0,Cybersecurity or InfoSec professional,1.0,"Your choice (very flexible, you can come in when you want or just as needed)","Internet, Telecomm or Information Services",USA,8.0,7.0,90000.0,3.0,2.302585092994046
39.5,6.0,0,15.0,24.0,Financial analyst or engineer,0.0,"Hybrid (some remote, leans heavy to in-person)",Banking/Financial Services,USA,6.0,4.0,250000.0,3.0,9.903487552536127
29.5,5.0,0,2.0,5.0,Data engineer,0.0,"Hybrid (some remote, leans heavy to in-person)",Manufacturing,ESP,8.0,4.0,35733.0,3.0,5.702114417555504
29.5,5.0,0,6.0,11.0,"Developer, back-end",0.0,In-person,Software Development,FRA,6.0,3.0,92812.0,3.0,5.702114417555504
59.5,2.0,0,41.0,45.0,"Developer, full-stack",0.0,Remote,Government,USA,7.0,1.0,155000.0,3.0,8.006200887093147
49.5,4.0,0,28.0,28.0,"Developer, full-stack",1.0,Remote,"Internet, Telecomm or Information Services",CAN,3.0,2.0,69310.0,3.0,2.302585092994046
39.5,5.0,0,14.0,15.0,"Developer, back-end",0.0,Remote,Other:,FRA,8.0,3.0,92812.0,3.0,4.085976312551584
39.5,4.0,0,18.0,10.0,"Developer, full-stack",0.0,Remote,Healthcare,USA,6.0,5.0,155000.0,3.0,5.702114417555504
39.5,4.0,0,14.0,19.0,"Developer, mobile",0.0,"Hybrid (some in-person, leans heavy to flexibility)",Software Development,BEL,3.0,,81210.0,3.0,4.085976312551584
39.5,4.0,0,10.0,10.0,Database administrator or engineer,0.0,"Hybrid (some remote, leans heavy to in-person)","Internet, Telecomm or Information Services",CAN,11.0,7.0,58367.0,3.0,9.903487552536127
29.5,2.0,0,7.0,12.0,"Developer, full-stack",0.0,"Hybrid (some in-person, leans heavy to flexibility)",Insurance,ARG,6.0,3.0,23340.0,2.0,5.702114417555504
29.5,4.0,0,6.0,15.0,"Developer, full-stack",0.0,"Hybrid (some remote, leans heavy to in-person)",Government,SWE,4.0,,57861.0,3.0,8.006200887093147
39.5,2.0,0,8.0,15.0,"Developer, back-end",,Remote,"Transportation, or Supply Chain",BGD,2.0,4.0,1064.0,1.0,4.085976312551584
29.5,5.0,0,6.0,9.0,"Developer, embedded applications or devices",0.0,"Hybrid (some remote, leans heavy to in-person)",Software Development,POL,8.0,,29473.0,3.0,8.006200887093147
29.5,5.0,0,5.0,7.0,"Developer, embedded applications or devices",0.0,"Hybrid (some in-person, leans heavy to flexibility)",Software Development,USA,7.0,2.0,129000.0,3.0,5.702114417555504
59.5,2.0,0,35.0,25.0,"Architect, software or solutions",0.0,Remote,Software Development,IRL,8.0,4.0,139218.0,3.0,4.085976312551584
29.5,2.0,0,9.0,9.0,"Developer, front-end",0.0,Remote,Healthcare,USA,4.0,1.0,77000.0,3.0,4.085976312551584
49.5,2.0,0,20.0,20.0,"Developer, full-stack",0.0,Remote,Insurance,USA,3.0,4.0,234000.0,3.0,5.702114417555504
49.5,4.0,0,25.0,29.0,"Developer, back-end",0.0,"Hybrid (some in-person, leans heavy to flexibility)",Software Development,SWE,,,75472.0,3.0,5.702114417555504
39.5,5.0,0,25.0,27.0,"Developer, back-end",0.0,"Hybrid (some in-person, leans heavy to flexibility)",Other:,ROU,1.0,1.0,110279.0,3.0,5.702114417555504
39.5,4.0,0,8.0,16.0,Engineering manager,1.0,In-person,Software Development,KEN,6.0,3.0,21362.0,1.0,4.085976312551584
29.5,4.0,0,6.0,12.0,"Developer, full-stack",0.0,Remote,Software Development,USA,12.0,4.0,128000.0,3.0,8.006200887093147
49.5,4.0,0,15.0,17.0,"Developer, full-stack",0.0,Remote,Software Development,USA,5.0,2.0,225000.0,3.0,2.302585092994046
29.5,2.0,1,5.0,10.0,"Developer, back-end",,,Software Development,CZE,10.0,5.0,31360.0,3.0,
29.5,4.0,0,2.0,6.0,"Developer, mobile",0.0,"Hybrid (some remote, leans heavy to in-person)",Software Development,USA,8.0,4.0,94000.0,3.0,2.302585092994046
39.5,5.0,0,7.0,19.0,Data scientist,0.0,"Hybrid (some remote, leans heavy to in-person)",Media & Advertising Services,FRA,2.0,2.0,93972.0,3.0,6.619406317542652
39.5,2.0,0,15.0,27.0,DevOps engineer or professional,0.0,"Hybrid (some in-person, leans heavy to flexibility)","Transportation, or Supply Chain",ARG,12.0,9.0,51183.0,2.0,5.702114417555504
29.5,2.0,0,10.0,12.0,"Architect, software or solutions",0.0,Remote,Healthcare,USA,6.0,8.0,275000.0,3.0,4.085976312551584
49.5,5.0,1,24.0,36.0,Engineering manager,,,Software Development,GBR,2.0,,68071.0,3.0,
29.5,4.0,0,9.0,12.0,"Developer, back-end",0.0,Remote,Fintech,USA,5.0,3.0,250000.0,3.0,9.903487552536127
49.5,5.0,0,29.0,40.0,"Architect, software or solutions",0.0,"Hybrid (some remote, leans heavy to in-person)",Software Development,FIN,7.0,5.0,87011.0,3.0,2.302585092994046
39.5,5.0,1,10.0,15.0,"Developer, full-stack",,,Software Development,LTU,5.0,6.0,60328.0,3.0,
29.5,5.0,0,3.0,8.0,"Developer, full-stack",0.0,"Hybrid (some remote, leans heavy to in-person)",Software Development,SWE,3.0,1.0,57861.0,3.0,4.085976312551584
39.5,4.0,0,14.0,25.0,"Developer, full-stack",0.0,"Hybrid (some remote, leans heavy to in-person)",Retail and Consumer Services,USA,6.0,2.0,156000.0,3.0,5.702114417555504
21.0,5.0,0,2.0,4.0,Data scientist,0.0,In-person,Higher Education,USA,5.0,2.0,70000.0,3.0,8.006200887093147
29.5,2.0,0,2.0,8.0,"Developer, full-stack",0.0,"Hybrid (some remote, leans heavy to in-person)",Healthcare,SWE,7.0,2.0,41929.0,3.0,6.619406317542652
77.5,1.0,0,40.0,40.0,"Developer, embedded applications or devices",0.0,"Your choice (very flexible, you can come in when you want or just as needed)",Manufacturing,USA,7.0,2.0,120000.0,3.0,
49.5,5.0,0,28.0,34.0,"Developer, back-end",0.0,Remote,Software Development,USA,7.0,3.0,210000.0,3.0,2.302585092994046
39.5,2.0,0,24.0,29.0,"Developer, back-end",0.0,Remote,Retail and Consumer Services,CAN,5.0,3.0,109438.0,3.0,2.302585092994046
39.5,1.0,0,20.0,34.0,"Developer, embedded applications or devices",0.0,"Hybrid (some in-person, leans heavy to flexibility)",Other:,DEU,11.0,1.0,69609.0,3.0,8.922591630635415
39.5,5.0,1,18.0,35.0,"Developer, full-stack",0.0,"Your choice (very flexible, you can come in when you want or just as needed)",Software Development,NLD,6.0,5.0,64968.0,3.0,0.0
29.5,5.0,0,7.0,11.0,"Developer, back-end",0.0,"Your choice (very flexible, you can come in when you want or just as needed)",Healthcare,UKR,4.0,1.0,41462.0,2.0,4.085976312551584
29.5,4.0,0,8.0,16.0,"Developer, desktop or enterprise applications",0.0,"Hybrid (some remote, leans heavy to in-person)",Software Development,USA,8.0,1.0,96000.0,3.0,8.922591630635415
29.5,4.0,0,6.0,8.0,"Developer, full-stack",1.0,"Your choice (very flexible, you can come in when you want or just as needed)",Software Development,IND,9.0,6.0,2790.0,1.0,2.302585092994046
29.5,1.0,0,14.0,10.0,"Developer, full-stack",0.0,Remote,Retail and Consumer Services,GBR,7.0,2.0,115720.0,3.0,8.006200887093147
21.0,4.0,0,4.0,8.0,"Developer, desktop or enterprise applications",0.0,"Hybrid (some remote, leans heavy to in-person)",Manufacturing,USA,7.0,1.0,94000.0,3.0,8.922591630635415
49.5,6.0,0,25.0,20.0,"Developer, full-stack",1.0,In-person,Software Development,USA,,,170000.0,3.0,2.302585092994046
49.5,4.0,1,25.0,30.0,"Developer, mobile",,,Software Development,GBR,6.0,4.0,108913.0,3.0,
59.5,4.0,0,39.0,39.0,"Architect, software or solutions",0.0,Remote,Other:,USA,3.0,1.0,125000.0,3.0,4.085976312551584
29.5,5.0,0,5.0,13.0,"Developer, full-stack",0.0,"Your choice (very flexible, you can come in when you want or just as needed)",Software Development,USA,7.0,2.0,100000.0,3.0,5.702114417555504
39.5,4.0,0,22.0,22.0,"Developer, front-end",0.0,Remote,Banking/Financial Services,BRA,3.0,,145629.0,2.0,6.619406317542652
39.5,5.0,0,18.0,27.0,"Developer, full-stack",0.0,Remote,Retail and Consumer Services,USA,10.0,3.0,242000.0,3.0,6.619406317542652
49.5,4.0,0,30.0,20.0,System administrator,0.0,"Hybrid (some remote, leans heavy to in-person)",Software Development,USA,4.0,1.0,120000.0,3.0,5.702114417555504
21.0,4.0,0,1.0,7.0,DevOps engineer or professional,0.0,In-person,Other:,USA,3.0,,80000.0,3.0,9.903487552536127
39.5,3.0,0,9.0,12.0,"Developer, desktop or enterprise applications",0.0,In-person,Software Development,USA,8.0,2.0,65000.0,3.0,2.302585092994046
49.5,4.0,0,20.0,35.0,"Developer, embedded applications or devices",0.0,"Your choice (very flexible, you can come in when you want or just as needed)",Software Development,ISR,2.0,,176485.0,3.0,9.903487552536127
21.0,2.0,0,4.0,6.0,"Developer, back-end",0.0,Remote,Media & Advertising Services,USA,8.0,4.0,70000.0,3.0,2.302585092994046
29.5,4.0,0,18.0,18.0,"Developer, front-end",0.0,Remote,Banking/Financial Services,USA,5.0,1.0,160000.0,3.0,8.006200887093147
49.5,4.0,0,27.0,35.0,"Developer, desktop or enterprise applications",0.0,Remote,"Internet, Telecomm or Information Services",USA,5.0,3.0,115000.0,3.0,4.085976312551584
29.5,4.0,1,5.0,10.0,"Developer, full-stack",,,Retail and Consumer Services,LVA,7.0,5.0,104413.0,3.0,
29.5,5.0,0,4.0,6.0,"Developer, full-stack",0.0,Remote,Software Development,GBR,5.0,3.0,86109.0,3.0,4.085976312551584
29.5,4.0,0,7.0,12.0,"Developer, back-end",0.0,Remote,Software Development,BRA,14.0,8.0,66000.0,2.0,2.302585092994046
59.5,5.0,0,33.0,40.0,"Developer, back-end",0.0,,Software Development,DEU,5.0,,63808.0,3.0,4.085976312551584
77.5,5.0,1,40.0,49.0,"Developer, desktop or enterprise applications",,,Healthcare,CZE,2.0,2.0,70208.0,3.0,
29.5,5.0,0,4.0,6.0,"Developer, mobile",0.0,Remote,Retail and Consumer Services,COL,2.0,1.0,17813.0,2.0,9.903487552536127
49.5,4.0,0,28.0,10.0,"Developer, full-stack",0.0,Remote,Fintech,NZL,3.0,1.0,108424.0,3.0,0.0
29.5,4.0,0,14.0,14.0,"Founder, technology or otherwise",1.0,Remote,Software Development,ESP,4.0,3.0,87011.0,3.0,4.085976312551584
29.5,4.0,0,4.0,15.0,DevOps engineer or professional,0.0,"Hybrid (some remote, leans heavy to in-person)",Manufacturing,USA,10.0,4.0,90000.0,3.0,9.903487552536127
49.5,4.0,0,26.0,42.0,"Architect, software or solutions",1.0,"Hybrid (some remote, leans heavy to in-person)",Software Development,GBR,12.0,7.0,96660.0,3.0,9.903487552536127
59.5,4.0,0,31.0,40.0,"Developer, desktop or enterprise applications",0.0,"Your choice (very flexible, you can come in when you want or just as needed)",Banking/Financial Services,USA,6.0,2.0,129750.0,3.0,9.903487552536127
29.5,4.0,0,6.0,6.0,"Developer, QA or test",0.0,Remote,Software Development,IND,5.0,4.0,46496.0,1.0,8.006200887093147
29.5,5.0,0,4.0,10.0,"Developer, back-end",0.0,"Hybrid (some remote, leans heavy to in-person)",Software Development,FRA,7.0,,53367.0,3.0,9.903487552536127
21.0,2.0,0,1.0,2.0,"Developer, full-stack",1.0,"Hybrid (some remote, leans heavy to in-person)",Software Development,ESP,6.0,5.0,17605.0,3.0,2.302585092994046
49.5,4.0,1,25.0,25.0,"Developer, full-stack",,,Media & Advertising Services,BRA,7.0,4.0,54611.0,2.0,
39.5,2.0,0,9.0,10.0,"Developer, full-stack",0.0,"Hybrid (some in-person, leans heavy to flexibility)",Other:,USA,9.0,4.0,175000.0,3.0,2.302585092994046
39.5,2.0,0,15.0,25.0,"Developer, back-end",0.0,In-person,Software Development,NOR,1.0,1.0,98827.0,3.0,2.302585092994046
49.5,4.0,1,12.0,12.0,"Developer, full-stack",,In-person,Software Development,ZWE,2.0,5.0,20000.0,1.0,2.302585092994046
49.5,4.0,0,28.0,28.0,"Developer, full-stack",0.0,Remote,Manufacturing,SWE,,,50314.0,3.0,2.302585092994046
29.5,4.0,0,3.0,3.0,AI/ML engineer,0.0,"Your choice (very flexible, you can come in when you want or just as needed)",Fintech,PHL,8.0,3.0,18331.0,2.0,8.006200887093147
59.5,5.0,0,40.0,44.0,DevOps engineer or professional,1.0,Remote,Other:,USA,4.0,2.0,80000.0,3.0,4.085976312551584
29.5,5.0,0,12.0,21.0,AI/ML engineer,0.0,"Hybrid (some remote, leans heavy to in-person)",Software Development,USA,7.0,,220000.0,3.0,9.903487552536127
49.5,5.0,0,25.0,10.0,"Developer, back-end",0.0,Remote,Banking/Financial Services,BRA,10.0,9.0,45509.0,2.0,9.903487552536127
49.5,4.0,0,30.0,40.0,"Developer, full-stack",1.0,"Hybrid (some remote, leans heavy to in-person)",Software Development,AUS,9.0,3.0,91013.0,3.0,5.702114417555504
39.5,4.0,0,16.0,20.0,"Developer, full-stack",0.0,Remote,Software Development,AUS,7.0,6.0,188527.0,3.0,2.302585092994046
59.5,4.0,0,35.0,40.0,"Developer, mobile",0.0,Remote,Banking/Financial Services,USA,8.0,2.0,216000.0,3.0,4.085976312551584
21.0,4.0,0,6.0,11.0,"Developer, back-end",0.0,Remote,Software Development,BRA,3.0,,18204.0,2.0,8.922591630635415
29.5,2.0,0,7.0,7.0,"Developer, full-stack",1.0,Remote,Software Development,USA,7.0,4.0,85000.0,3.0,5.702114417555504
29.5,4.0,0,7.0,13.0,"Developer, front-end",0.0,Remote,"Internet, Telecomm or Information Services",IND,4.0,4.0,60000.0,1.0,2.302585092994046
39.5,4.0,0,15.0,20.0,DevOps engineer or professional,0.0,"Your choice (very flexible, you can come in when you want or just as needed)",Software Development,DEU,4.0,,119495.0,3.0,9.903487552536127
49.5,4.0,0,20.0,25.0,"Developer, full-stack",0.0,Remote,Fintech,AUS,7.0,6.0,113766.0,3.0,5.702114417555504
21.0,4.0,0,8.0,14.0,"Developer, full-stack",0.0,"Your choice (very flexible, you can come in when you want or just as needed)",Software Development,ISL,10.0,4.0,117637.0,3.0,2.302585092994046
29.5,4.0,0,11.0,14.0,"Developer, full-stack",0.0,In-person,Software Development,AUS,8.0,,65009.0,3.0,5.702114417555504
39.5,2.0,1,7.0,20.0,"Developer, full-stack",1.0,"Hybrid (some in-person, leans heavy to flexibility)",Banking/Financial Services,TUR,11.0,5.0,80000.0,2.0,2.302585092994046
21.0,4.0,0,3.0,7.0,"Developer, desktop or enterprise applications",0.0,"Hybrid (some remote, leans heavy to in-person)",Software Development,USA,5.0,,93000.0,3.0,5.702114417555504
29.5,5.0,0,3.0,8.0,"Developer, back-end",0.0,Remote,Government,USA,,,175000.0,3.0,4.085976312551584
49.5,4.0,0,28.0,43.0,Academic researcher,1.0,"Hybrid (some in-person, leans heavy to flexibility)",Healthcare,USA,6.0,3.0,130000.0,3.0,9.903487552536127
39.5,4.0,0,21.0,30.0,"Developer, back-end",0.0,Remote,Software Development,USA,7.0,3.0,170000.0,3.0,4.085976312551584
29.5,2.0,0,8.0,14.0,"Developer, back-end",0.0,Remote,Software Development,IND,1.0,2.0,22086.0,1.0,4.085976312551584
49.5,4.0,0,25.0,30.0,"Developer, full-stack",0.0,"Hybrid (some remote, leans heavy to in-person)",Other:,USA,11.0,6.0,116000.0,3.0,5.702114417555504
49.5,4.0,0,30.0,30.0,Cybersecurity or InfoSec professional,0.0,Remote,Retail and Consumer Services,MEX,5.0,2.0,6843.0,2.0,8.006200887093147
49.5,4.0,0,24.0,34.0,"Architect, software or solutions",0.0,"Your choice (very flexible, you can come in when you want or just as needed)",Software Development,AUS,4.0,1.0,123518.0,3.0,4.085976312551584
29.5,2.0,1,7.0,8.0,"Developer, full-stack",0.0,Remote,Software Development,USA,12.0,4.0,60000.0,3.0,5.702114417555504
29.5,4.0,0,8.0,8.0,"Developer, full-stack",0.0,"Hybrid (some remote, leans heavy to in-person)",Software Development,BEL,,,46406.0,3.0,2.302585092994046
29.5,5.0,0,3.0,7.0,"Developer, embedded applications or devices",0.0,"Hybrid (some remote, leans heavy to in-person)",Energy,USA,,,100000.0,3.0,8.006200887093147
39.5,4.0,0,10.0,12.0,Cloud infrastructure engineer,0.0,"Your choice (very flexible, you can come in when you want or just as needed)",Software Development,ISR,,,294142.0,3.0,9.903487552536127
39.5,1.0,0,15.0,22.0,"Developer, full-stack",0.0,"Hybrid (some remote, leans heavy to in-person)",Other:,DEU,6.0,2.0,98612.0,3.0,5.702114417555504
21.0,4.0,0,3.0,7.0,Other (please specify):,0.0,"Hybrid (some in-person, leans heavy to flexibility)",Software Development,IND,8.0,6.0,40684.0,1.0,4.085976312551584
39.5,3.0,0,13.0,15.0,"Developer, mobile",0.0,Remote,Software Development,DEU,,3.0,99773.0,3.0,6.619406317542652
39.5,4.0,0,14.0,20.0,DevOps engineer or professional,0.0,"Hybrid (some in-person, leans heavy to flexibility)",Banking/Financial Services,AUS,6.0,3.0,93613.0,3.0,9.903487552536127
29.5,4.0,0,3.0,8.0,"Developer, back-end",0.0,In-person,Software Development,KAZ,3.0,3.0,16218.0,2.0,2.302585092994046
29.5,4.0,0,4.0,4.0,"Developer, back-end",0.0,In-person,Energy,UKR,6.0,7.0,33000.0,2.0,4.085976312551584
29.5,2.0,0,8.0,15.0,"Developer, full-stack",0.0,"Your choice (very flexible, you can come in when you want or just as needed)",Software Development,AUT,13.0,9.0,74713.0,3.0,5.702114417555504
39.5,6.0,0,14.0,17.0,"Architect, software or solutions",0.0,Remote,Computer Systems Design and Services,ITA,,,85851.0,3.0,8.006200887093147
29.5,2.0,0,7.0,7.0,Product manager,1.0,"Hybrid (some remote, leans heavy to in-person)",Software Development,NLD,4.0,2.0,49886.0,3.0,4.085976312551584
39.5,5.0,1,17.0,17.0,"Developer, full-stack",,,Software Development,SVK,6.0,2.0,116015.0,3.0,
59.5,2.0,0,35.0,44.0,"Developer, full-stack",0.0,In-person,Fintech,ZAF,4.0,1.0,58634.0,2.0,2.302585092994046
39.5,5.0,0,21.0,25.0,"Developer, back-end",0.0,"Hybrid (some in-person, leans heavy to flexibility)",Software Development,DNK,6.0,1.0,148678.0,3.0,5.702114417555504
29.5,4.0,0,8.0,21.0,"Developer, back-end",0.0,"Hybrid (some in-person, leans heavy to flexibility)",Energy,GBR,8.0,4.0,115720.0,3.0,5.702114417555504
39.5,4.0,0,14.0,20.0,"Developer, full-stack",0.0,"Hybrid (some remote, leans heavy to in-person)",Media & Advertising Services,ZAF,6.0,2.0,3383.0,2.0,4.085976312551584
21.0,4.0,0,6.0,10.0,"Developer, full-stack",0.0,"Hybrid (some remote, leans heavy to in-person)",Manufacturing,DEU,6.0,3.0,69609.0,3.0,8.006200887093147
39.5,5.0,0,15.0,18.0,Engineering manager,1.0,Remote,Computer Systems Design and Services,PRT,6.0,10.0,638081.0,3.0,5.702114417555504
29.5,5.0,1,5.0,9.0,AI/ML engineer,,,Software Development,UKR,2.0,2.0,71899.0,2.0,
29.5,5.0,1,7.0,10.0,"Developer, full-stack",,,Software Development,SVK,6.0,3.0,49886.0,3.0,
39.5,6.0,0,8.0,12.0,"Developer, full-stack",0.0,"Hybrid (some in-person, leans heavy to flexibility)",Software Development,DEU,6.0,2.0,64968.0,3.0,4.085976312551584
29.5,3.0,0,9.0,16.0,"Developer, back-end",0.0,"Hybrid (some in-person, leans heavy to flexibility)",Software Development,DEU,4.0,4.0,60328.0,3.0,4.085976312551584
29.5,5.0,0,9.0,20.0,"Developer, game or graphics",0.0,"Hybrid (some in-person, leans heavy to flexibility)",Other:,CZE,3.0,,70208.0,3.0,9.903487552536127
21.0,4.0,0,3.0,11.0,"Developer, mobile",0.0,"Hybrid (some remote, leans heavy to in-person)",Software Development,ROU,5.0,,34462.0,3.0,6.619406317542652
29.5,4.0,0,10.0,15.0,"Developer, full-stack",0.0,"Hybrid (some in-person, leans heavy to flexibility)",Software Development,BEL,4.0,2.0,53367.0,3.0,4.085976312551584
29.5,2.0,0,4.0,6.0,"Developer, full-stack",0.0,"Your choice (very flexible, you can come in when you want or just as needed)",Software Development,GBR,8.0,3.0,85088.0,3.0,8.006200887093147
49.5,2.0,0,20.0,30.0,"Developer, full-stack",0.0,"Hybrid (some in-person, leans heavy to flexibility)",Software Development,SWE,4.0,5.0,68134.0,3.0,2.302585092994046
39.5,5.0,0,9.0,9.0,"Developer, back-end",0.0,Remote,Software Development,IND,4.0,6.0,17749.0,1.0,8.006200887093147
29.5,5.0,0,10.0,14.0,Applied scientist,0.0,"Your choice (very flexible, you can come in when you want or just as needed)",Other:,GBR,3.0,,142949.0,3.0,5.702114417555504
59.5,6.0,0,30.0,25.0,Other (please specify):,0.0,"Hybrid (some remote, leans heavy to in-person)",Higher Education,FIN,6.0,4.0,74249.0,3.0,8.006200887093147
39.5,2.0,0,20.0,25.0,"Developer, mobile",0.0,"Hybrid (some in-person, leans heavy to flexibility)",Media & Advertising Services,GBR,9.0,,141587.0,3.0,8.006200887093147
21.0,5.0,0,2.0,6.0,"Developer, full-stack",0.0,"Hybrid (some remote, leans heavy to in-person)",Software Development,FRA,9.0,3.0,42925.0,3.0,8.006200887093147
49.5,4.0,0,25.0,,"Senior executive (C-suite, VP, etc.)",1.0,In-person,Software Development,IRN,3.0,2.0,3798.0,2.0,5.702114417555504
39.5,5.0,0,4.0,19.0,"Developer, full-stack",0.0,"Hybrid (some in-person, leans heavy to flexibility)","Transportation, or Supply Chain",DEU,5.0,1.0,59167.0,3.0,4.085976312551584
49.5,4.0,0,25.0,25.0,"Developer, full-stack",0.0,"Hybrid (some in-person, leans heavy to flexibility)",Healthcare,ZAF,10.0,6.0,6765.0,2.0,9.903487552536127
29.5,4.0,0,8.0,10.0,"Developer, full-stack",0.0,In-person,Government,POL,4.0,3.0,51851.0,3.0,5.702114417555504
29.5,4.0,0,6.0,9.0,"Developer, full-stack",0.0,"Your choice (very flexible, you can come in when you want or just as needed)",Software Development,FIN,5.0,5.0,54527.0,3.0,5.702114417555504
39.5,5.0,0,24.0,26.0,"Developer, back-end",1.0,"Hybrid (some remote, leans heavy to in-person)",Software Development,CHE,6.0,6.0,148791.0,3.0,4.085976312551584
49.5,5.0,0,25.0,38.0,"Architect, software or solutions",0.0,"Hybrid (some remote, leans heavy to in-person)",Higher Education,CZE,6.0,4.0,59000.0,3.0,8.006200887093147
49.5,4.0,0,16.0,12.0,"Developer, full-stack",0.0,"Hybrid (some in-person, leans heavy to flexibility)",Software Development,ISR,3.0,2.0,105891.0,3.0,5.702114417555504
21.0,4.0,0,3.0,,"Developer, full-stack",0.0,Remote,"Internet, Telecomm or Information Services",IND,8.0,5.0,8137.0,1.0,4.085976312551584
49.5,5.0,0,24.0,33.0,"Developer, embedded applications or devices",0.0,In-person,Computer Systems Design and Services,AUT,7.0,,174022.0,3.0,9.903487552536127
39.5,2.0,0,26.0,27.0,"UX, Research Ops or UI design professional",1.0,"Hybrid (some in-person, leans heavy to flexibility)",Software Development,GBR,4.0,,119805.0,3.0,5.702114417555504
29.5,5.0,1,12.0,18.0,"Developer, back-end",0.0,Remote,Software Development,CZE,1.0,,205485.0,3.0,0.0
29.5,4.0,0,10.0,18.0,"Developer, back-end",0.0,Remote,Software Development,GBR,3.0,4.0,132057.0,3.0,4.085976312551584
49.5,6.0,0,25.0,35.0,Other (please specify):,0.0,"Hybrid (some remote, leans heavy to in-person)",Software Development,SWE,3.0,,89098.0,3.0,8.006200887093147
39.5,2.0,1,19.0,21.0,"Developer, back-end",,,Fintech,CZE,5.0,4.0,73017.0,3.0,
59.5,5.0,0,31.0,34.0,"Developer, mobile",0.0,"Hybrid (some remote, leans heavy to in-person)",Healthcare,ISR,3.0,,122604.0,3.0,9.903487552536127
29.5,5.0,0,8.0,14.0,"Developer, back-end",0.0,Remote,Fintech,FRA,5.0,2.0,67289.0,3.0,4.085976312551584
49.5,2.0,0,14.0,14.0,"Developer, full-stack",0.0,"Hybrid (some in-person, leans heavy to flexibility)",Other:,NZL,6.0,2.0,81318.0,3.0,4.085976312551584
49.5,6.0,0,12.0,15.0,Data engineer,0.0,"Hybrid (some in-person, leans heavy to flexibility)","Transportation, or Supply Chain",DEU,4.0,5.0,104413.0,3.0,5.702114417555504
21.0,4.0,0,2.0,10.0,"Developer, back-end",0.0,In-person,Software Development,SWE,4.0,,47799.0,3.0,9.903487552536127
49.5,6.0,0,21.0,26.0,"Developer, back-end",0.0,"Hybrid (some remote, leans heavy to in-person)",Energy,DNK,2.0,1.0,130637.0,3.0,5.702114417555504
49.5,6.0,0,16.0,23.0,"Developer, full-stack",0.0,In-person,"Internet, Telecomm or Information Services",CHE,6.0,,359579.0,3.0,9.903487552536127
39.5,5.0,0,10.0,14.0,"Developer, full-stack",0.0,"Hybrid (some remote, leans heavy to in-person)",Software Development,CHE,9.0,,136392.0,3.0,4.085976312551584
29.5,4.0,0,2.0,8.0,"Developer, full-stack",1.0,"Hybrid (some remote, leans heavy to in-person)",Other:,ESP,9.0,4.0,30164.0,3.0,6.619406317542652
39.5,1.0,0,23.0,26.0,Product manager,1.0,"Hybrid (some remote, leans heavy to in-person)",Software Development,ITA,8.0,7.0,116015.0,3.0,5.702114417555504
39.5,4.0,0,15.0,20.0,"Developer, game or graphics",0.0,"Hybrid (some remote, leans heavy to in-person)",Other:,ESP,4.0,,87011.0,3.0,6.619406317542652
29.5,4.0,1,10.0,13.0,"Developer, full-stack",0.0,Remote,Software Development,FRA,3.0,,139218.0,3.0,0.0
29.5,4.0,0,4.0,8.0,"Developer, full-stack",0.0,Remote,Fintech,IND,6.0,5.0,19180.0,1.0,4.085976312551584
49.5,5.0,0,27.0,36.0,"Developer, desktop or enterprise applications",0.0,"Hybrid (some remote, leans heavy to in-person)",Manufacturing,CHE,8.0,2.0,148791.0,3.0,5.702114417555504
29.5,3.0,0,16.0,16.0,"Developer, full-stack",0.0,"Your choice (very flexible, you can come in when you want or just as needed)","Internet, Telecomm or Information Services",CHE,6.0,1.0,123993.0,3.0,2.302585092994046
39.5,4.0,1,18.0,22.0,"Developer, back-end",0.0,"Hybrid (some in-person, leans heavy to flexibility)",Manufacturing,NLD,6.0,5.0,17402.0,3.0,6.619406317542652
29.5,4.0,0,7.0,10.0,"Developer, front-end",0.0,"Hybrid (some remote, leans heavy to in-person)",Fintech,DNK,3.0,1.0,83981.0,3.0,4.085976312551584
49.5,4.0,0,32.0,30.0,"Developer, full-stack",0.0,"Hybrid (some in-person, leans heavy to flexibility)",Software Development,NZL,6.0,2.0,90353.0,3.0,5.702114417555504
29.5,4.0,0,4.0,7.0,"Developer, desktop or enterprise applications",0.0,In-person,Energy,ISR,2.0,3.0,84125.0,3.0,5.702114417555504
39.5,5.0,0,10.0,10.0,"Developer, back-end",0.0,Remote,Software Development,IND,1.0,1.0,46496.0,1.0,9.903487552536127
77.5,5.0,0,45.0,47.0,"Developer, back-end",0.0,Remote,Software Development,USA,3.0,2.0,140000.0,3.0,2.302585092994046
29.5,5.0,0,16.0,22.0,"Senior executive (C-suite, VP, etc.)",1.0,"Hybrid (some in-person, leans heavy to flexibility)",Software Development,IRN,4.0,3.0,94955.0,2.0,5.702114417555504
29.5,5.0,0,6.0,11.0,"Developer, game or graphics",0.0,Remote,Software Development,NOR,5.0,1.0,90526.0,3.0,2.302585092994046
29.5,5.0,0,10.0,10.0,"Developer, full-stack",0.0,"Hybrid (some in-person, leans heavy to flexibility)",Software Development,IND,5.0,2.0,15111.0,1.0,5.702114417555504
21.0,5.0,0,5.0,7.0,"Developer, back-end",0.0,Remote,Fintech,IND,4.0,6.0,67419.0,1.0,4.085976312551584
29.5,4.0,0,2.0,4.0,"Developer, full-stack",0.0,"Hybrid (some remote, leans heavy to in-person)",Software Development,IND,11.0,3.0,29060.0,1.0,9.903487552536127
29.5,4.0,0,4.0,6.0,"Developer, back-end",0.0,"Hybrid (some remote, leans heavy to in-person)",Other:,ITA,9.0,5.0,39445.0,3.0,4.085976312551584
29.5,5.0,0,10.0,19.0,"Developer, full-stack",0.0,"Hybrid (some in-person, leans heavy to flexibility)",Software Development,DEU,7.0,1.0,63808.0,3.0,6.619406317542652
29.5,4.0,1,12.0,16.0,"Architect, software or solutions",,,Software Development,SVN,7.0,,92812.0,3.0,
29.5,4.0,0,1.0,9.0,"Developer, full-stack",0.0,"Hybrid (some remote, leans heavy to in-person)",Software Development,GRC,7.0,4.0,22043.0,3.0,2.302585092994046
29.5,6.0,0,2.0,14.0,AI/ML engineer,0.0,Remote,Software Development,GBR,4.0,3.0,60583.0,3.0,4.085976312551584
39.5,4.0,0,15.0,19.0,"Developer, embedded applications or devices",0.0,"Hybrid (some remote, leans heavy to in-person)",Manufacturing,FIN,2.0,,87591.0,3.0,8.006200887093147
29.5,4.0,0,5.0,6.0,"Developer, full-stack",0.0,"Your choice (very flexible, you can come in when you want or just as needed)",Healthcare,UKR,2.0,,35949.0,2.0,9.903487552536127
39.5,4.0,0,24.0,28.0,Engineering manager,1.0,"Your choice (very flexible, you can come in when you want or just as needed)",Other:,DEU,14.0,6.0,104413.0,3.0,2.302585092994046
49.5,5.0,0,5.0,6.0,"Developer, full-stack",0.0,"Hybrid (some in-person, leans heavy to flexibility)",Other:,ITA,6.0,3.0,34804.0,3.0,5.702114417555504
29.5,6.0,0,10.0,21.0,Data scientist,0.0,Remote,Other:,SWE,10.0,1.0,119076.0,3.0,6.619406317542652
29.5,5.0,0,5.0,15.0,"Developer, full-stack",0.0,"Hybrid (some remote, leans heavy to in-person)",Fintech,SVK,5.0,4.0,39665.0,3.0,2.302585092994046
59.5,4.0,0,37.0,42.0,"Developer, full-stack",0.0,Remote,Insurance,USA,6.0,3.0,163000.0,3.0,9.903487552536127
29.5,1.0,0,9.0,12.0,"Developer, desktop or enterprise applications",0.0,"Hybrid (some in-person, leans heavy to flexibility)",Software Development,DEU,8.0,5.0,72393.0,3.0,8.006200887093147
59.5,5.0,0,42.0,45.0,"Developer, embedded applications or devices",0.0,"Hybrid (some remote, leans heavy to in-person)",,AUS,9.0,4.0,97514.0,3.0,4.085976312551584
29.5,2.0,0,9.0,12.0,"Developer, back-end",0.0,"Hybrid (some remote, leans heavy to in-person)",Software Development,DEU,4.0,3.0,46406.0,3.0,4.085976312551584
21.0,2.0,0,4.0,4.0,Cloud infrastructure engineer,0.0,In-person,Retail and Consumer Services,AUS,9.0,12.0,115717.0,3.0,5.702114417555504
29.5,6.0,0,3.0,15.0,Academic researcher,0.0,"Your choice (very flexible, you can come in when you want or just as needed)",Higher Education,FRA,2.0,,38285.0,3.0,4.085976312551584
49.5,1.0,0,34.0,34.0,DevOps engineer or professional,0.0,"Hybrid (some remote, leans heavy to in-person)",Manufacturing,USA,16.0,3.0,120000.0,3.0,9.903487552536127
29.5,2.0,0,7.0,11.0,"Developer, full-stack",0.0,"Your choice (very flexible, you can come in when you want or just as needed)",Manufacturing,CHE,7.0,3.0,142592.0,3.0,5.702114417555504
29.5,4.0,1,8.0,12.0,"Developer, full-stack",,,Software Development,IMN,6.0,3.0,95299.0,3.0,
21.0,4.0,0,1.0,6.0,"Developer, full-stack",0.0,In-person,Software Development,IND,2.0,,5812.0,1.0,8.006200887093147
39.5,5.0,0,20.0,30.0,"Architect, software or solutions",0.0,Remote,Software Development,DEU,9.0,5.0,92812.0,3.0,5.702114417555504
29.5,6.0,1,4.0,7.0,"Developer, back-end",0.0,Remote,Software Development,NGA,,,60000.0,1.0,2.302585092994046
29.5,5.0,0,8.0,13.0,Data engineer,0.0,"Hybrid (some in-person, leans heavy to flexibility)",Software Development,BEL,5.0,2.0,93044.0,3.0,8.006200887093147
29.5,2.0,0,1.0,11.0,"Developer, full-stack",0.0,In-person,Other:,GBR,3.0,,27228.0,3.0,4.085976312551584
29.5,4.0,1,6.0,12.0,Other (please specify):,,,Media & Advertising Services,POL,5.0,4.0,55399.0,3.0,
29.5,5.0,0,7.0,12.0,"Developer, mobile",0.0,"Hybrid (some in-person, leans heavy to flexibility)",Retail and Consumer Services,CHE,2.0,,126473.0,3.0,5.702114417555504
29.5,5.0,0,7.0,9.0,"Developer, mobile",0.0,"Hybrid (some in-person, leans heavy to flexibility)","Internet, Telecomm or Information Services",GRC,6.0,,48726.0,3.0,8.006200887093147
49.5,4.0,0,26.0,35.0,"Developer, game or graphics",0.0,Remote,Software Development,FIN,3.0,,116015.0,3.0,9.903487552536127
29.5,4.0,0,5.0,14.0,"Developer, full-stack",0.0,"Hybrid (some remote, leans heavy to in-person)",Software Development,AUS,6.0,1.0,66310.0,3.0,4.085976312551584
29.5,5.0,0,11.0,17.0,"Developer, back-end",0.0,"Your choice (very flexible, you can come in when you want or just as needed)","Transportation, or Supply Chain",CZE,5.0,3.0,58507.0,3.0,4.085976312551584
29.5,,0,5.0,8.0,Other (please specify):,0.0,Remote,Government,CAN,7.0,2.0,68581.0,3.0,9.903487552536127
29.5,5.0,0,12.0,16.0,"Developer, back-end",0.0,Remote,Software Development,GBR,5.0,2.0,115720.0,3.0,4.085976312551584
39.5,5.0,0,21.0,21.0,"Developer, full-stack",0.0,"Hybrid (some remote, leans heavy to in-person)",Software Development,FRA,6.0,4.0,57953.0,3.0,6.619406317542652
49.5,4.0,1,15.0,20.0,"Developer, back-end",,,Software Development,BOL,7.0,3.0,18784.0,1.0,
49.5,6.0,0,14.0,26.0,Engineering manager,1.0,In-person,Software Development,USA,4.0,3.0,375000.0,3.0,9.903487552536127
39.5,4.0,0,17.0,23.0,"Developer, back-end",0.0,"Your choice (very flexible, you can come in when you want or just as needed)",Software Development,FIN,5.0,2.0,81210.0,3.0,8.006200887093147
39.5,5.0,0,6.0,10.0,"Developer, full-stack",0.0,Remote,Media & Advertising Services,PRT,9.0,7.0,46406.0,3.0,5.702114417555504
39.5,5.0,0,17.0,27.0,"Developer, back-end",0.0,Remote,Software Development,SVK,5.0,,92812.0,3.0,6.619406317542652
49.5,5.0,0,13.0,34.0,"Developer, back-end",0.0,In-person,"Internet, Telecomm or Information Services",DEU,5.0,6.0,87011.0,3.0,4.085976312551584
39.5,5.0,0,14.0,19.0,"Developer, back-end",0.0,Remote,Software Development,USA,7.0,4.0,190000.0,3.0,8.006200887093147
49.5,4.0,0,10.0,10.0,"Developer, full-stack",0.0,"Hybrid (some in-person, leans heavy to flexibility)",Other:,USA,6.0,3.0,146500.0,3.0,2.302585092994046
39.5,4.0,0,16.0,22.0,"Developer, back-end",0.0,Remote,Fintech,ARG,7.0,3.0,52800.0,2.0,9.903487552536127
39.5,5.0,0,13.0,17.0,"Developer, back-end",0.0,"Hybrid (some in-person, leans heavy to flexibility)","Transportation, or Supply Chain",ROU,3.0,2.0,75693.0,3.0,9.903487552536127
29.5,5.0,0,2.0,10.0,"Developer, mobile",0.0,Remote,"Transportation, or Supply Chain",RUS,11.0,1.0,38278.0,3.0,8.922591630635415
39.5,5.0,0,16.0,33.0,"Developer, full-stack",0.0,"Hybrid (some in-person, leans heavy to flexibility)",Insurance,DEU,6.0,2.0,93972.0,3.0,8.006200887093147
29.5,4.0,0,3.0,8.0,"Developer, full-stack",0.0,"Hybrid (some in-person, leans heavy to flexibility)",Banking/Financial Services,ROU,3.0,1.0,24813.0,3.0,5.702114417555504
49.5,6.0,0,27.0,33.0,"Developer, back-end",0.0,"Your choice (very flexible, you can come in when you want or just as needed)",Banking/Financial Services,USA,1.0,2.0,440000.0,3.0,6.619406317542652
29.5,4.0,0,5.0,8.0,"Developer, full-stack",0.0,Remote,Software Development,CAN,7.0,1.0,59826.0,3.0,2.302585092994046
29.5,5.0,0,8.0,11.0,"Developer, full-stack",1.0,"Hybrid (some remote, leans heavy to in-person)","Internet, Telecomm or Information Services",FRA,5.0,7.0,46406.0,3.0,4.085976312551584
29.5,5.0,0,4.0,15.0,"Developer, full-stack",0.0,Remote,Software Development,DEU,4.0,2.0,77730.0,3.0,5.702114417555504
39.5,5.0,0,10.0,20.0,"Developer, game or graphics",0.0,Remote,Software Development,PRT,3.0,,80000.0,3.0,4.085976312551584
39.5,3.0,0,12.0,16.0,"Developer, full-stack",0.0,"Hybrid (some in-person, leans heavy to flexibility)","Transportation, or Supply Chain",NLD,7.0,4.0,110214.0,3.0,2.302585092994046
21.0,2.0,1,2.0,4.0,Cybersecurity or InfoSec professional,1.0,Remote,Software Development,IND,9.0,10.0,34872.0,1.0,2.302585092994046
39.5,5.0,0,9.0,13.0,"Architect, software or solutions",0.0,Remote,Other:,UKR,3.0,5.0,72000.0,2.0,4.085976312551584
39.5,5.0,0,17.0,21.0,"Developer, full-stack",0.0,"Hybrid (some remote, leans heavy to in-person)",Government,BRA,,,85557.0,2.0,8.922591630635415
21.0,2.0,0,5.0,5.0,"Developer, QA or test",0.0,In-person,Software Development,POL,8.0,3.0,32748.0,3.0,4.085976312551584
39.5,4.0,0,20.0,25.0,"Architect, software or solutions",0.0,"Hybrid (some in-person, leans heavy to flexibility)",Software Development,GBR,6.0,3.0,136141.0,3.0,8.922591630635415
39.5,5.0,0,18.0,18.0,Support engineer or analyst,0.0,Remote,Software Development,USA,7.0,14.0,20000.0,3.0,5.702114417555504
29.5,4.0,0,7.0,15.0,"Developer, embedded applications or devices",0.0,"Hybrid (some in-person, leans heavy to flexibility)",Manufacturing,USA,5.0,1.0,115000.0,3.0,8.006200887093147
49.5,3.0,1,18.0,29.0,"Developer, full-stack",,,Software Development,ESP,4.0,2.0,29004.0,3.0,
49.5,5.0,0,25.0,27.0,"Architect, software or solutions",1.0,"Hybrid (some remote, leans heavy to in-person)",Other:,USA,9.0,5.0,170000.0,3.0,8.006200887093147
39.5,5.0,1,16.0,20.0,"Developer, full-stack",,,Healthcare,FRA,5.0,4.0,116015.0,3.0,
59.5,5.0,0,26.0,20.0,"Developer, desktop or enterprise applications",0.0,Remote,Software Development,AUT,3.0,3.0,42577.0,3.0,2.302585092994046
29.5,4.0,0,4.0,10.0,"Developer, full-stack",1.0,"Hybrid (some in-person, leans heavy to flexibility)","Transportation, or Supply Chain",IND,3.0,3.0,20109.0,1.0,9.903487552536127
49.5,6.0,0,24.0,35.0,"Developer, back-end",0.0,"Hybrid (some remote, leans heavy to in-person)",Insurance,DEU,3.0,3.0,69609.0,3.0,4.085976312551584
29.5,4.0,0,13.0,16.0,"Developer, full-stack",0.0,Remote,Software Development,CHE,5.0,2.0,128953.0,3.0,5.702114417555504
29.5,3.0,0,9.0,11.0,"Developer, full-stack",0.0,Remote,Software Development,PRT,10.0,6.0,64968.0,3.0,4.085976312551584
39.5,4.0,0,22.0,22.0,"Developer, full-stack",0.0,Remote,Software Development,LVA,3.0,2.0,69609.0,3.0,2.302585092994046
29.5,5.0,1,9.0,12.0,"Developer, back-end",0.0,Remote,Software Development,SRB,19.0,14.0,72000.0,2.0,4.085976312551584
39.5,2.0,1,6.0,6.0,"Developer, back-end",,,Software Development,ITA,7.0,6.0,50118.0,3.0,
59.5,5.0,0,28.0,28.0,"Senior executive (C-suite, VP, etc.)",1.0,Remote,Media & Advertising Services,USA,5.0,1.0,189000.0,3.0,4.085976312551584
49.5,5.0,0,25.0,30.0,"Developer, embedded applications or devices",0.0,Remote,Other:,GBR,6.0,,115040.0,3.0,4.085976312551584
29.5,2.0,0,8.0,16.0,"Developer, full-stack",0.0,In-person,"Transportation, or Supply Chain",GBR,10.0,9.0,54457.0,3.0,9.903487552536127
39.5,4.0,1,16.0,18.0,"Developer, full-stack",,,Software Development,USA,4.0,1.0,162000.0,3.0,
21.0,4.0,0,3.0,8.0,"Developer, front-end",0.0,Remote,Other:,USA,8.0,3.0,100000.0,3.0,4.085976312551584
29.5,5.0,0,14.0,20.0,Other (please specify):,0.0,"Your choice (very flexible, you can come in when you want or just as needed)",Other:,ROU,12.0,,68924.0,3.0,9.903487552536127
39.5,4.0,0,13.0,13.0,Engineering manager,1.0,"Hybrid (some in-person, leans heavy to flexibility)","Internet, Telecomm or Information Services",USA,7.0,6.0,210000.0,3.0,8.006200887093147
49.5,5.0,0,30.0,36.0,"Developer, full-stack",0.0,In-person,Software Development,ESP,4.0,2.0,174022.0,3.0,4.085976312551584
29.5,5.0,0,2.0,9.0,"Developer, desktop or enterprise applications",0.0,"Hybrid (some remote, leans heavy to in-person)",Energy,CHE,2.0,,109684.0,3.0,4.085976312551584
39.5,5.0,0,9.0,10.0,"Developer, back-end",0.0,Remote,Retail and Consumer Services,DEU,1.0,1.0,64968.0,3.0,6.619406317542652
49.5,4.0,0,18.0,22.0,"Developer, back-end",1.0,"Hybrid (some in-person, leans heavy to flexibility)",Software Development,ISR,2.0,4.0,229431.0,3.0,8.922591630635415
49.5,4.0,0,23.0,25.0,"Developer, full-stack",0.0,"Your choice (very flexible, you can come in when you want or just as needed)",Energy,USA,6.0,3.0,120000.0,3.0,6.619406317542652
29.5,4.0,0,3.0,6.0,DevOps engineer or professional,0.0,"Your choice (very flexible, you can come in when you want or just as needed)","Internet, Telecomm or Information Services",POL,7.0,5.0,36841.0,3.0,9.903487552536127
39.5,4.0,0,20.0,30.0,"Developer, full-stack",0.0,"Hybrid (some remote, leans heavy to in-person)",Higher Education,GBR,7.0,4.0,53095.0,3.0,8.006200887093147
49.5,5.0,0,16.0,38.0,"Developer, front-end",0.0,"Your choice (very flexible, you can come in when you want or just as needed)",Software Development,ITA,3.0,2.0,74249.0,3.0,5.702114417555504
49.5,4.0,0,25.0,30.0,"Architect, software or solutions",0.0,Remote,Software Development,USA,5.0,5.0,194000.0,3.0,2.302585092994046
21.0,1.0,0,,2.0,Data scientist,0.0,"Hybrid (some in-person, leans heavy to flexibility)",Retail and Consumer Services,UKR,9.0,,3739.0,2.0,9.903487552536127
29.5,3.0,0,3.0,4.0,"Developer, full-stack",0.0,"Hybrid (some in-person, leans heavy to flexibility)",Other:,ESP,5.0,3.0,32484.0,3.0,4.085976312551584
21.0,4.0,0,1.0,13.0,Cybersecurity or InfoSec professional,0.0,Remote,Software Development,USA,19.0,4.0,90000.0,3.0,2.302585092994046
29.5,4.0,0,3.0,15.0,"Developer, full-stack",0.0,"Hybrid (some remote, leans heavy to in-person)",Fintech,USA,6.0,1.0,99500.0,3.0,5.702114417555504
39.5,6.0,0,15.0,19.0,"Developer, back-end",1.0,Remote,Software Development,USA,6.0,4.0,225000.0,3.0,2.302585092994046
49.5,5.0,0,26.0,23.0,Engineering manager,1.0,Remote,Software Development,COL,7.0,4.0,60000.0,2.0,5.702114417555504
29.5,2.0,0,8.0,11.0,"Developer, full-stack",0.0,"Your choice (very flexible, you can come in when you want or just as needed)",Fintech,ESP,5.0,3.0,83531.0,3.0,5.702114417555504
29.5,5.0,0,7.0,8.0,"Developer, back-end",0.0,"Hybrid (some in-person, leans heavy to flexibility)",Software Development,MAR,12.0,11.0,13192.0,1.0,6.619406317542652
39.5,4.0,0,4.0,9.0,"Developer, front-end",0.0,Remote,Banking/Financial Services,CAN,3.0,1.0,62015.0,3.0,9.903487552536127
39.5,4.0,1,18.0,20.0,"Developer, full-stack",0.0,Remote,Software Development,COL,7.0,7.0,11745.0,2.0,0.0
29.5,2.0,0,4.0,6.0,"Developer, front-end",0.0,"Hybrid (some remote, leans heavy to in-person)","Internet, Telecomm or Information Services",NOR,7.0,8.0,62755.0,3.0,8.006200887093147
29.5,4.0,0,9.0,12.0,"Developer, back-end",0.0,Remote,Media & Advertising Services,USA,12.0,4.0,156500.0,3.0,6.619406317542652
59.5,4.0,0,30.0,30.0,"Developer, mobile",0.0,"Hybrid (some in-person, leans heavy to flexibility)",Insurance,USA,7.0,6.0,190000.0,3.0,8.922591630635415
29.5,,0,4.0,11.0,"Developer, full-stack",0.0,"Hybrid (some in-person, leans heavy to flexibility)",Software Development,AUT,6.0,1.0,71349.0,3.0,2.302585092994046
29.5,5.0,0,15.0,15.0,Support engineer or analyst,1.0,"Hybrid (some in-person, leans heavy to flexibility)","Transportation, or Supply Chain",USA,7.0,8.0,126000.0,3.0,8.006200887093147
29.5,5.0,1,4.0,6.0,"Architect, software or solutions",0.0,Remote,Software Development,MEX,7.0,5.0,85000.0,2.0,9.903487552536127
39.5,4.0,0,19.0,26.0,"Developer, mobile",1.0,"Hybrid (some remote, leans heavy to in-person)",Software Development,MDA,10.0,2.0,4873.0,2.0,9.903487552536127
21.0,4.0,0,4.0,9.0,Database administrator or engineer,0.0,"Your choice (very flexible, you can come in when you want or just as needed)",Software Development,RUS,3.0,1.0,30623.0,3.0,4.085976312551584
29.5,6.0,0,5.0,9.0,"Developer, full-stack",0.0,Remote,Higher Education,CHL,9.0,7.0,27992.0,3.0,4.085976312551584
39.5,4.0,0,5.0,6.0,"Developer, full-stack",0.0,"Hybrid (some in-person, leans heavy to flexibility)",Software Development,CAN,,,62379.0,3.0,5.702114417555504
39.5,5.0,1,7.0,19.0,"Developer, front-end",,,Software Development,UKR,4.0,2.0,17256.0,2.0,
39.5,2.0,0,18.0,28.0,"Developer, full-stack",0.0,"Your choice (very flexible, you can come in when you want or just as needed)",Software Development,DEU,6.0,2.0,75410.0,3.0,5.702114417555504
29.5,3.0,0,11.0,13.0,"Developer, full-stack",1.0,Remote,Other:,USA,11.0,4.0,195000.0,3.0,4.085976312551584
77.5,4.0,0,37.0,37.0,"Developer, full-stack",0.0,Remote,Computer Systems Design and Services,USA,4.0,1.0,145000.0,3.0,0.0
29.5,5.0,1,12.0,15.0,"Architect, software or solutions",,,Software Development,CZE,3.0,3.0,117014.0,3.0,
29.5,4.0,0,11.0,16.0,"Developer, back-end",0.0,"Hybrid (some in-person, leans heavy to flexibility)",Software Development,USA,4.0,1.0,120000.0,3.0,6.619406317542652
29.5,4.0,0,8.0,13.0,"Developer, full-stack",0.0,"Hybrid (some remote, leans heavy to in-person)",Software Development,USA,7.0,,1000000.0,3.0,6.619406317542652
49.5,5.0,0,28.0,38.0,"Developer, full-stack",,"Hybrid (some in-person, leans heavy to flexibility)",Healthcare,DEU,5.0,2.0,85851.0,3.0,6.619406317542652
39.5,5.0,0,16.0,23.0,"Developer, mobile",0.0,Remote,Fintech,POL,4.0,,55944.0,3.0,8.006200887093147
39.5,4.0,1,8.0,10.0,"Developer, full-stack",0.0,Remote,Software Development,PER,5.0,6.0,3343.0,2.0,0.0
21.0,4.0,0,1.0,4.0,"Developer, full-stack",0.0,In-person,Software Development,GBR,7.0,1.0,38120.0,3.0,2.302585092994046
59.5,4.0,0,40.0,44.0,"Developer, desktop or enterprise applications",0.0,In-person,Software Development,USA,4.0,3.0,160000.0,3.0,4.085976312551584
29.5,5.0,0,5.0,9.0,AI/ML engineer,0.0,"Hybrid (some remote, leans heavy to in-person)",Other:,USA,5.0,1.0,112000.0,3.0,4.085976312551584
29.5,4.0,0,3.0,12.0,"Developer, full-stack",0.0,"Hybrid (some in-person, leans heavy to flexibility)",Healthcare,USA,9.0,3.0,120000.0,3.0,9.903487552536127
29.5,4.0,0,7.0,7.0,"Developer, front-end",0.0,Remote,Media & Advertising Services,ESP,2.0,,48726.0,3.0,5.702114417555504
39.5,5.0,0,16.0,23.0,"Developer, full-stack",1.0,"Hybrid (some in-person, leans heavy to flexibility)",Software Development,NOR,4.0,1.0,113651.0,3.0,8.006200887093147
49.5,5.0,0,20.0,24.0,"Developer, full-stack",0.0,"Hybrid (some in-person, leans heavy to flexibility)",Media & Advertising Services,DEU,7.0,2.0,68449.0,3.0,4.085976312551584
39.5,4.0,0,15.0,18.0,"Architect, software or solutions",0.0,Remote,"Internet, Telecomm or Information Services",SYR,9.0,4.0,25000.0,0.0,8.006200887093147
21.0,2.0,1,3.0,,"Developer, full-stack",0.0,In-person,Other:,IND,,,1000000.0,1.0,0.0
21.0,4.0,0,1.0,7.0,"Developer, full-stack",0.0,"Hybrid (some remote, leans heavy to in-person)",Retail and Consumer Services,USA,3.0,1.0,66000.0,3.0,2.302585092994046
39.5,5.0,0,4.0,8.0,"Developer, full-stack",0.0,"Hybrid (some remote, leans heavy to in-person)",Software Development,SWE,6.0,1.0,56604.0,3.0,2.302585092994046
49.5,4.0,1,20.0,30.0,"Developer, full-stack",,,Software Development,HUN,3.0,2.0,31808.0,3.0,
49.5,3.0,0,22.0,25.0,"Developer, full-stack",0.0,"Hybrid (some remote, leans heavy to in-person)","Internet, Telecomm or Information Services",USA,6.0,3.0,125000.0,3.0,4.085976312551584
21.0,5.0,0,3.0,11.0,"Developer, front-end",0.0,Remote,Software Development,USA,3.0,,138000.0,3.0,9.903487552536127
29.5,1.0,1,11.0,19.0,"Developer, front-end",,,Software Development,USA,6.0,,105424.0,3.0,
39.5,5.0,0,22.0,24.0,"Developer, back-end",0.0,Remote,Healthcare,USA,4.0,4.0,305000.0,3.0,9.903487552536127
49.5,4.0,0,35.0,40.0,"Developer, embedded applications or devices",0.0,Remote,Manufacturing,BRA,10.0,2.0,65533.0,2.0,4.085976312551584
29.5,5.0,0,9.0,14.0,"Developer, front-end",0.0,"Hybrid (some remote, leans heavy to in-person)",Software Development,USA,3.0,,300000.0,3.0,9.903487552536127
39.5,5.0,1,10.0,20.0,"Developer, full-stack",,,Software Development,KWT,4.0,2.0,156950.0,3.0,
29.5,0.0,0,6.0,7.0,"Developer, back-end",0.0,Remote,Other:,ESP,7.0,2.0,57775.0,3.0,4.085976312551584
39.5,4.0,0,26.0,40.0,"Developer, back-end",0.0,Remote,"Internet, Telecomm or Information Services",USA,8.0,4.0,300000.0,3.0,5.702114417555504
29.5,6.0,0,2.0,4.0,"Developer, full-stack",0.0,"Hybrid (some in-person, leans heavy to flexibility)",Software Development,BRA,9.0,3.0,14563.0,2.0,2.302585092994046
39.5,1.0,0,2.0,23.0,Other (please specify):,0.0,Remote,Software Development,DEU,7.0,4.0,31324.0,3.0,4.085976312551584
39.5,4.0,1,22.0,18.0,"Developer, desktop or enterprise applications",1.0,Remote,Software Development,USA,6.0,4.0,182400.0,3.0,0.0
49.5,5.0,1,20.0,15.0,"Developer, back-end",,,Software Development,GBR,6.0,5.0,108913.0,3.0,
29.5,4.0,0,11.0,13.0,"Developer, back-end",0.0,Remote,Software Development,USA,5.0,2.0,213000.0,3.0,4.085976312551584
29.5,4.0,0,3.0,3.0,"Developer, back-end",0.0,"Your choice (very flexible, you can come in when you want or just as needed)",Software Development,UKR,6.0,7.0,12000.0,2.0,8.922591630635415
49.5,2.0,0,25.0,25.0,"Developer, full-stack",0.0,"Hybrid (some remote, leans heavy to in-person)","Transportation, or Supply Chain",ZAF,9.0,5.0,62017.0,2.0,5.702114417555504
29.5,5.0,0,11.0,24.0,"Developer, full-stack",0.0,"Hybrid (some in-person, leans heavy to flexibility)",Software Development,LUX,10.0,4.0,104413.0,3.0,4.085976312551584
29.5,4.0,0,1.0,7.0,AI/ML engineer,0.0,Remote,Retail and Consumer Services,MEX,3.0,3.0,15000.0,2.0,5.702114417555504
21.0,2.0,1,1.0,9.0,"Developer, full-stack",0.0,"Hybrid (some remote, leans heavy to in-person)",Software Development,GBR,7.0,3.0,40842.0,3.0,9.903487552536127
39.5,4.0,0,24.0,26.0,Academic researcher,0.0,"Hybrid (some remote, leans heavy to in-person)",Software Development,NZL,9.0,2.0,72282.0,3.0,9.903487552536127
29.5,5.0,0,3.0,15.0,"Developer, embedded applications or devices",0.0,"Hybrid (some remote, leans heavy to in-person)",Other:,DNK,7.0,1.0,85536.0,3.0,4.085976312551584
39.5,5.0,0,18.0,22.0,Cloud infrastructure engineer,0.0,"Hybrid (some remote, leans heavy to in-person)",Software Development,MKD,5.0,,63808.0,2.0,8.006200887093147
49.5,3.0,0,28.0,30.0,Engineering manager,0.0,"Hybrid (some in-person, leans heavy to flexibility)","Internet, Telecomm or Information Services",AUS,2.0,2.0,120267.0,3.0,5.702114417555504
29.5,4.0,0,9.0,14.0,"Architect, software or solutions",1.0,Remote,"Transportation, or Supply Chain",IND,6.0,3.0,34872.0,1.0,9.903487552536127
59.5,5.0,0,31.0,34.0,"Developer, full-stack",0.0,Remote,Software Development,CAN,9.0,1.0,87550.0,3.0,8.006200887093147
49.5,6.0,0,25.0,29.0,"Developer, back-end",0.0,"Hybrid (some in-person, leans heavy to flexibility)",Software Development,USA,5.0,1.0,300000.0,3.0,8.006200887093147
29.5,2.0,0,7.0,11.0,"Developer, front-end",0.0,Remote,Software Development,USA,4.0,1.0,90000.0,3.0,4.085976312551584
39.5,4.0,0,15.0,15.0,"Developer, full-stack",0.0,"Hybrid (some in-person, leans heavy to flexibility)",Other:,MEX,10.0,3.0,18950.0,2.0,5.702114417555504
29.5,3.0,0,6.0,8.0,"Developer, embedded applications or devices",0.0,"Hybrid (some in-person, leans heavy to flexibility)",Insurance,USA,6.0,2.0,90000.0,3.0,5.702114417555504
39.5,6.0,0,14.0,10.0,Data scientist,0.0,Remote,Healthcare,USA,3.0,3.0,190000.0,3.0,
29.5,4.0,0,3.0,7.0,"Developer, back-end",0.0,Remote,Banking/Financial Services,CUB,10.0,6.0,402113.0,2.0,6.619406317542652
39.5,5.0,0,14.0,23.0,Data engineer,0.0,"Your choice (very flexible, you can come in when you want or just as needed)",Healthcare,USA,2.0,2.0,154000.0,3.0,9.903487552536127
29.5,4.0,0,7.0,13.0,"Developer, full-stack",0.0,In-person,Fintech,NZL,5.0,1.0,84329.0,3.0,8.006200887093147
29.5,5.0,0,5.0,10.0,Other (please specify):,0.0,Remote,Software Development,USA,5.0,,106000.0,3.0,6.619406317542652
21.0,4.0,0,2.0,4.0,"Developer, back-end",0.0,Remote,Software Development,IND,12.0,4.0,69744.0,1.0,2.302585092994046
39.5,2.0,0,20.0,20.0,DevOps engineer or professional,0.0,Remote,Insurance,AUS,4.0,,120267.0,3.0,9.903487552536127
29.5,5.0,0,3.0,11.0,Academic researcher,0.0,"Your choice (very flexible, you can come in when you want or just as needed)",Software Development,DEU,,,69609.0,3.0,6.619406317542652
29.5,5.0,0,6.0,14.0,"Developer, front-end",0.0,"Hybrid (some remote, leans heavy to in-person)",Software Development,IND,5.0,2.0,13949.0,1.0,5.702114417555504
39.5,4.0,1,20.0,25.0,"Developer, back-end",,,Software Development,LTU,1.0,1.0,174022.0,3.0,
59.5,4.0,0,40.0,40.0,"Developer, desktop or enterprise applications",0.0,"Your choice (very flexible, you can come in when you want or just as needed)",Computer Systems Design and Services,GBR,3.0,1.0,79779.0,3.0,9.903487552536127
21.0,5.0,0,5.0,7.0,"Developer, back-end",0.0,"Your choice (very flexible, you can come in when you want or just as needed)",Other:,UKR,4.0,4.0,40000.0,2.0,5.702114417555504
29.5,5.0,0,7.0,9.0,"Developer, full-stack",0.0,Remote,Software Development,FRA,,,41765.0,3.0,2.302585092994046
29.5,4.0,0,9.0,13.0,"Developer, back-end",0.0,Remote,Software Development,USA,6.0,8.0,250000.0,3.0,9.903487552536127
39.5,4.0,0,12.0,13.0,"Developer, full-stack",0.0,"Hybrid (some in-person, leans heavy to flexibility)",Banking/Financial Services,IND,6.0,,52308.0,1.0,9.903487552536127
49.5,4.0,0,24.0,32.0,"Developer, full-stack",0.0,In-person,Software Development,DEU,4.0,5.0,67289.0,3.0,2.302585092994046
39.5,5.0,1,19.0,19.0,"Developer, full-stack",,,Software Development,SWE,7.0,3.0,125786.0,3.0,
29.5,4.0,0,12.0,12.0,"Developer, full-stack",0.0,"Hybrid (some remote, leans heavy to in-person)",Healthcare,DEU,4.0,4.0,98612.0,3.0,4.085976312551584
39.5,5.0,0,14.0,16.0,"Developer, back-end",0.0,Remote,Software Development,POL,3.0,5.0,39298.0,3.0,6.619406317542652
39.5,5.0,0,15.0,22.0,"Developer, desktop or enterprise applications",0.0,"Your choice (very flexible, you can come in when you want or just as needed)",Software Development,ITA,4.0,2.0,30164.0,3.0,8.922591630635415
29.5,4.0,0,7.0,18.0,"Developer, back-end",0.0,"Your choice (very flexible, you can come in when you want or just as needed)",Software Development,IRL,4.0,,185623.0,3.0,9.903487552536127
49.5,5.0,0,19.0,25.0,"Developer, full-stack",0.0,"Hybrid (some in-person, leans heavy to flexibility)","Transportation, or Supply Chain",DEU,5.0,2.0,102093.0,3.0,6.619406317542652
49.5,5.0,1,27.0,35.0,"Architect, software or solutions",,,Software Development,DNK,5.0,2.0,155521.0,3.0,
29.5,2.0,0,12.0,16.0,"Developer, embedded applications or devices",0.0,"Your choice (very flexible, you can come in when you want or just as needed)",Software Development,GBR,4.0,,136141.0,3.0,5.702114417555504
39.5,5.0,0,15.0,19.0,"Architect, software or solutions",0.0,"Hybrid (some remote, leans heavy to in-person)",Media & Advertising Services,FRA,6.0,8.0,83531.0,3.0,4.085976312551584
49.5,4.0,0,21.0,26.0,Engineering manager,1.0,Remote,Banking/Financial Services,AUS,5.0,3.0,113116.0,3.0,8.006200887093147
39.5,4.0,0,19.0,28.0,"Developer, full-stack",0.0,Remote,Software Development,AUS,5.0,4.0,78011.0,3.0,2.302585092994046
21.0,4.0,0,1.0,5.0,AI/ML engineer,0.0,In-person,Other:,MUS,7.0,6.0,10577.0,2.0,2.302585092994046
29.5,5.0,0,8.0,16.0,AI/ML engineer,0.0,Remote,Healthcare,ITA,3.0,,127616.0,3.0,5.702114417555504
39.5,4.0,0,16.0,20.0,"Developer, back-end",0.0,"Hybrid (some remote, leans heavy to in-person)",Banking/Financial Services,CHE,9.0,4.0,198389.0,3.0,8.006200887093147
29.5,4.0,0,3.0,3.0,"Developer, full-stack",0.0,Remote,,IND,2.0,3.0,4882.0,1.0,4.085976312551584
29.5,4.0,0,4.0,8.0,"Developer, embedded applications or devices",0.0,"Hybrid (some remote, leans heavy to in-person)",Software Development,DEU,5.0,,69609.0,3.0,8.922591630635415
21.0,2.0,0,5.0,9.0,"Developer, full-stack",0.0,"Hybrid (some in-person, leans heavy to flexibility)",Software Development,CHN,11.0,3.0,18107.0,2.0,2.302585092994046
49.5,4.0,0,27.0,32.0,"Senior executive (C-suite, VP, etc.)",1.0,"Hybrid (some in-person, leans heavy to flexibility)",Software Development,GBR,5.0,3.0,95299.0,3.0,2.302585092994046
39.5,6.0,0,21.0,25.0,"Founder, technology or otherwise",1.0,"Hybrid (some in-person, leans heavy to flexibility)",Computer Systems Design and Services,RUS,11.0,,51038.0,3.0,2.302585092994046
29.5,4.0,0,5.0,11.0,"Developer, full-stack",0.0,In-person,Software Development,GBR,5.0,2.0,61264.0,3.0,2.302585092994046
29.5,1.0,0,4.0,7.0,"Developer, full-stack",,,Software Development,BRA,10.0,4.0,12014.0,2.0,2.302585092994046
29.5,4.0,0,3.0,5.0,"Developer, front-end",0.0,"Hybrid (some remote, leans heavy to in-person)",Fintech,IRN,,,170920.0,2.0,4.085976312551584
49.5,5.0,0,20.0,30.0,"Architect, software or solutions",1.0,Remote,Software Development,ESP,,,55687.0,3.0,8.922591630635415
21.0,4.0,1,3.0,4.0,"Developer, full-stack",1.0,In-person,Software Development,DZA,,,1156.0,2.0,0.0
29.5,4.0,0,10.0,13.0,"Developer, mobile",0.0,Remote,Banking/Financial Services,TUR,3.0,,42416.0,2.0,9.903487552536127
39.5,3.0,0,15.0,17.0,"Developer, full-stack",0.0,Remote,Software Development,DEU,6.0,5.0,118335.0,3.0,2.302585092994046
29.5,4.0,1,7.0,12.0,"Developer, full-stack",0.0,"Hybrid (some remote, leans heavy to in-person)",Software Development,ITA,10.0,6.0,34804.0,3.0,2.302585092994046
21.0,4.0,0,3.0,5.0,AI/ML engineer,0.0,Remote,Software Development,UKR,5.0,6.0,18000.0,2.0,4.085976312551584
29.5,3.0,0,9.0,12.0,"Developer, mobile",0.0,In-person,Software Development,DEU,6.0,2.0,51975.0,3.0,2.302585092994046
39.5,5.0,0,15.0,25.0,"Developer, full-stack",1.0,"Hybrid (some remote, leans heavy to in-person)",Media & Advertising Services,FRA,5.0,2.0,81210.0,3.0,2.302585092994046
21.0,4.0,0,4.0,7.0,"Developer, embedded applications or devices",0.0,In-person,Manufacturing,BLR,4.0,1.0,21000.0,2.0,5.702114417555504
29.5,4.0,0,12.0,18.0,"Architect, software or solutions",0.0,"Hybrid (some remote, leans heavy to in-person)",Software Development,GBR,,,108913.0,3.0,6.619406317542652
59.5,4.0,0,45.0,49.0,"Developer, full-stack",0.0,"Hybrid (some remote, leans heavy to in-person)",Banking/Financial Services,GBR,,,136141.0,3.0,4.085976312551584
59.5,4.0,0,34.0,38.0,"Developer, full-stack",0.0,"Hybrid (some in-person, leans heavy to flexibility)",Banking/Financial Services,USA,4.0,1.0,118000.0,3.0,8.006200887093147
29.5,4.0,0,8.0,10.0,"Developer, desktop or enterprise applications",0.0,Remote,Other:,CZE,9.0,2.0,58975.0,3.0,8.922591630635415
59.5,5.0,0,20.0,40.0,"Developer, full-stack",1.0,Remote,Insurance,USA,6.0,9.0,220000.0,3.0,8.006200887093147
49.5,5.0,0,25.0,29.0,"Developer, full-stack",0.0,"Your choice (very flexible, you can come in when you want or just as needed)",Higher Education,FIN,10.0,4.0,64388.0,3.0,2.302585092994046
39.5,5.0,0,17.0,17.0,"Developer, full-stack",0.0,"Your choice (very flexible, you can come in when you want or just as needed)",Software Development,DEU,6.0,5.0,98612.0,3.0,4.085976312551584
29.5,5.0,0,10.0,14.0,"Developer, full-stack",0.0,"Your choice (very flexible, you can come in when you want or just as needed)",Software Development,POL,5.0,1.0,70135.0,3.0,
29.5,5.0,0,8.0,9.0,Data scientist,0.0,"Hybrid (some remote, leans heavy to in-person)",Banking/Financial Services,FRA,7.0,5.0,69609.0,3.0,9.903487552536127
21.0,4.0,0,4.0,8.0,"Developer, full-stack",0.0,"Hybrid (some remote, leans heavy to in-person)",Software Development,POL,6.0,,38206.0,3.0,4.085976312551584
39.5,4.0,0,13.0,16.0,"Developer, back-end",0.0,Remote,"Transportation, or Supply Chain",DEU,6.0,2.0,110214.0,3.0,9.903487552536127
29.5,2.0,0,6.0,13.0,"Developer, back-end",0.0,"Your choice (very flexible, you can come in when you want or just as needed)",Government,USA,6.0,5.0,116700.0,3.0,9.903487552536127
39.5,2.0,0,18.0,25.0,"Developer, full-stack",0.0,"Your choice (very flexible, you can come in when you want or just as needed)","Internet, Telecomm or Information Services",SWE,5.0,,56604.0,3.0,4.085976312551584
39.5,4.0,0,10.0,13.0,DevOps engineer or professional,0.0,In-person,Higher Education,FIN,4.0,3.0,58007.0,3.0,8.006200887093147
39.5,5.0,0,18.0,20.0,"Developer, back-end",0.0,"Hybrid (some in-person, leans heavy to flexibility)",Energy,DNK,4.0,3.0,93312.0,3.0,2.302585092994046
59.5,2.0,1,38.0,44.0,"Developer, full-stack",,,Manufacturing,USA,7.0,3.0,120000.0,3.0,
49.5,2.0,0,30.0,40.0,"Developer, desktop or enterprise applications",0.0,Remote,Software Development,GBR,6.0,10.0,102106.0,3.0,6.619406317542652
29.5,5.0,0,10.0,15.0,"Developer, back-end",0.0,"Hybrid (some in-person, leans heavy to flexibility)",Energy,ESP,2.0,3.0,87011.0,3.0,8.922591630635415
21.0,2.0,0,3.0,6.0,"Developer, full-stack",0.0,"Hybrid (some remote, leans heavy to in-person)",Energy,AUT,2.0,1.0,50350.0,3.0,2.302585092994046
39.5,5.0,0,21.0,28.0,"Developer, full-stack",0.0,"Hybrid (some in-person, leans heavy to flexibility)",Banking/Financial Services,DEU,4.0,1.0,92812.0,3.0,8.006200887093147
29.5,4.0,0,9.0,17.0,"Developer, full-stack",0.0,Remote,Retail and Consumer Services,USA,8.0,5.0,125000.0,3.0,5.702114417555504
29.5,5.0,0,3.0,17.0,"Developer, back-end",0.0,"Your choice (very flexible, you can come in when you want or just as needed)",Software Development,DEU,5.0,,68449.0,3.0,8.006200887093147
29.5,4.0,0,10.0,13.0,Data engineer,0.0,"Your choice (very flexible, you can come in when you want or just as needed)",Software Development,NLD,1.0,3.0,44086.0,3.0,4.085976312551584
39.5,1.0,0,20.0,15.0,Product manager,1.0,Remote,Software Development,USA,1.0,,600000.0,3.0,9.903487552536127
21.0,5.0,0,3.0,9.0,"Architect, software or solutions",0.0,In-person,Manufacturing,FRA,3.0,2.0,40605.0,3.0,2.302585092994046
29.5,5.0,0,7.0,10.0,"Developer, full-stack",0.0,Remote,Healthcare,UKR,7.0,4.0,85000.0,2.0,5.702114417555504
29.5,1.0,0,12.0,12.0,DevOps engineer or professional,0.0,"Hybrid (some in-person, leans heavy to flexibility)","Transportation, or Supply Chain",BGR,8.0,8.0,41515.0,3.0,6.619406317542652
39.5,5.0,0,14.0,18.0,"Architect, software or solutions",0.0,Remote,Software Development,GBR,3.0,2.0,119805.0,3.0,6.619406317542652
59.5,5.0,0,25.0,35.0,"Developer, desktop or enterprise applications",0.0,Remote,Manufacturing,USA,8.0,2.0,110000.0,3.0,8.006200887093147
39.5,4.0,0,13.0,20.0,"Developer, desktop or enterprise applications",0.0,Remote,Software Development,CAN,9.0,3.0,87550.0,3.0,2.302585092994046
29.5,4.0,0,4.0,4.0,"Developer, full-stack",0.0,"Hybrid (some in-person, leans heavy to flexibility)",Software Development,NLD,5.0,4.0,52207.0,3.0,8.006200887093147
21.0,5.0,0,,6.0,"Developer, desktop or enterprise applications",,In-person,Software Development,FRA,11.0,5.0,36753.0,3.0,5.702114417555504
21.0,3.0,0,2.0,9.0,"Developer, full-stack",0.0,"Your choice (very flexible, you can come in when you want or just as needed)",Other:,AUT,9.0,5.0,49886.0,3.0,6.619406317542652
29.5,5.0,0,8.0,10.0,"Developer, back-end",0.0,Remote,"Internet, Telecomm or Information Services",FRA,2.0,1.0,69609.0,3.0,8.006200887093147
29.5,6.0,0,8.0,12.0,"Senior executive (C-suite, VP, etc.)",1.0,"Hybrid (some in-person, leans heavy to flexibility)",Software Development,FRA,5.0,2.0,76570.0,3.0,4.085976312551584
59.5,4.0,0,36.0,45.0,"Developer, full-stack",0.0,"Hybrid (some remote, leans heavy to in-person)",Manufacturing,USA,5.0,3.0,150000.0,3.0,5.702114417555504
29.5,4.0,0,7.0,7.0,"Developer, full-stack",0.0,In-person,"Transportation, or Supply Chain",NLD,6.0,3.0,127616.0,3.0,8.006200887093147
49.5,4.0,0,21.0,25.0,"Developer, full-stack",0.0,"Your choice (very flexible, you can come in when you want or just as needed)",Other:,USA,9.0,1.0,140000.0,3.0,5.702114417555504
39.5,4.0,0,21.0,28.0,"Developer, full-stack",0.0,Remote,Other:,USA,5.0,2.0,118000.0,3.0,4.085976312551584
49.5,5.0,0,29.0,36.0,DevOps engineer or professional,0.0,In-person,"Internet, Telecomm or Information Services",USA,9.0,5.0,160000.0,3.0,5.702114417555504
39.5,4.0,0,10.0,16.0,"Developer, back-end",1.0,Remote,Software Development,USA,9.0,6.0,160000.0,3.0,4.085976312551584
29.5,1.0,0,6.0,9.0,"Developer, full-stack",1.0,In-person,Retail and Consumer Services,DEU,5.0,3.0,69609.0,3.0,4.085976312551584
29.5,4.0,0,8.0,10.0,"Developer, full-stack",0.0,"Hybrid (some in-person, leans heavy to flexibility)",Software Development,BEL,4.0,2.0,75410.0,3.0,4.085976312551584
39.5,2.0,0,22.0,31.0,"Senior executive (C-suite, VP, etc.)",1.0,Remote,Media & Advertising Services,AUS,9.0,10.0,162523.0,3.0,4.085976312551584
39.5,4.0,0,16.0,18.0,Other (please specify):,0.0,"Hybrid (some remote, leans heavy to in-person)",Computer Systems Design and Services,USA,4.0,,90000.0,3.0,4.085976312551584
39.5,4.0,0,19.0,25.0,"Developer, full-stack",0.0,Remote,"Internet, Telecomm or Information Services",GBR,8.0,1.0,115720.0,3.0,5.702114417555504
29.5,4.0,0,3.0,4.0,"Developer, desktop or enterprise applications",0.0,In-person,Healthcare,USA,7.0,1.0,107000.0,3.0,9.903487552536127
29.5,5.0,0,8.0,12.0,"Developer, back-end",0.0,"Hybrid (some remote, leans heavy to in-person)",Software Development,FRA,7.0,4.0,52207.0,3.0,2.302585092994046
77.5,5.0,1,31.0,40.0,"Developer, desktop or enterprise applications",,,Software Development,USA,2.0,2.0,120000.0,3.0,
21.0,4.0,0,1.0,3.0,"Developer, back-end",0.0,"Hybrid (some remote, leans heavy to in-person)",Software Development,UKR,6.0,2.0,11456.0,2.0,4.085976312551584
39.5,6.0,0,12.0,18.0,AI/ML engineer,0.0,Remote,Fintech,USA,5.0,7.0,205000.0,3.0,2.302585092994046
59.5,5.0,0,33.0,46.0,AI/ML engineer,1.0,In-person,Software Development,NOR,6.0,2.0,118593.0,3.0,5.702114417555504
29.5,4.0,0,15.0,15.0,"Developer, full-stack",1.0,Remote,Software Development,BRA,4.0,3.0,54611.0,2.0,5.702114417555504
39.5,2.0,0,22.0,30.0,"Architect, software or solutions",1.0,Remote,Software Development,HUN,3.0,,75183.0,3.0,9.903487552536127
49.5,5.0,0,24.0,20.0,"Developer, back-end",0.0,Remote,Software Development,ROU,3.0,1.0,97452.0,3.0,2.302585092994046
59.5,4.0,0,30.0,45.0,"Developer, embedded applications or devices",0.0,In-person,Manufacturing,USA,4.0,,185000.0,3.0,4.085976312551584
29.5,4.0,0,11.0,20.0,"Developer, full-stack",0.0,Remote,Software Development,CAN,9.0,6.0,127677.0,3.0,8.922591630635415
49.5,5.0,0,30.0,40.0,"Developer, full-stack",0.0,"Your choice (very flexible, you can come in when you want or just as needed)",Software Development,GBR,9.0,1.0,68071.0,3.0,2.302585092994046
39.5,2.0,1,18.0,32.0,"Senior executive (C-suite, VP, etc.)",1.0,Remote,Software Development,,10.0,4.0,200000.0,,0.0
29.5,4.0,0,5.0,8.0,"Developer, full-stack",0.0,"Hybrid (some remote, leans heavy to in-person)","Transportation, or Supply Chain",AUS,6.0,2.0,61759.0,3.0,4.085976312551584
39.5,5.0,0,16.0,20.0,Data engineer,0.0,"Your choice (very flexible, you can come in when you want or just as needed)",Other:,DEU,2.0,4.0,127616.0,3.0,9.903487552536127
29.5,5.0,0,4.0,10.0,AI/ML engineer,0.0,"Hybrid (some in-person, leans heavy to flexibility)",Software Development,AUT,6.0,5.0,63808.0,3.0,2.302585092994046
21.0,4.0,0,2.0,10.0,"Developer, full-stack",0.0,In-person,Software Development,ITA,9.0,4.0,34804.0,3.0,2.302585092994046
39.5,5.0,0,11.0,19.0,"Developer, back-end",0.0,Remote,Other:,ITA,5.0,7.0,78890.0,3.0,6.619406317542652
39.5,5.0,0,10.0,12.0,"Developer, full-stack",0.0,Remote,Healthcare,CAN,4.0,2.0,150294.0,3.0,4.085976312551584
39.5,2.0,1,20.0,25.0,"Developer, full-stack",,,Software Development,ARG,7.0,7.0,78000.0,2.0,
21.0,5.0,0,1.0,12.0,AI/ML engineer,0.0,"Hybrid (some remote, leans heavy to in-person)","Transportation, or Supply Chain",USA,4.0,3.0,95000.0,3.0,5.702114417555504
21.0,4.0,0,2.0,8.0,Data or business analyst,0.0,In-person,Banking/Financial Services,COL,3.0,1.0,5383.0,2.0,8.006200887093147
29.5,5.0,1,11.0,15.0,"Architect, software or solutions",,,Software Development,POL,3.0,4.0,87328.0,3.0,
29.5,4.0,0,11.0,17.0,Engineering manager,1.0,"Your choice (very flexible, you can come in when you want or just as needed)",Software Development,CAN,3.0,,91198.0,3.0,5.702114417555504
39.5,5.0,1,18.0,22.0,"Developer, back-end",,,Software Development,POL,3.0,,136450.0,3.0,
21.0,4.0,0,4.0,12.0,"Developer, desktop or enterprise applications",0.0,In-person,Software Development,USA,12.0,2.0,83960.0,3.0,8.006200887093147
21.0,4.0,0,3.0,5.0,"Developer, mobile",0.0,Remote,Fintech,NGA,4.0,4.0,3564.0,1.0,5.702114417555504
49.5,5.0,0,30.0,40.0,"Developer, back-end",0.0,Remote,Software Development,FRA,5.0,4.0,69609.0,3.0,6.619406317542652
29.5,4.0,0,8.0,10.0,AI/ML engineer,0.0,Remote,Software Development,ESP,1.0,1.0,104413.0,3.0,4.085976312551584
29.5,6.0,0,8.0,9.0,"Developer, front-end",0.0,"Your choice (very flexible, you can come in when you want or just as needed)",Banking/Financial Services,BRA,2.0,2.0,42050.0,2.0,9.903487552536127
49.5,2.0,0,25.0,26.0,"Developer, back-end",0.0,"Hybrid (some remote, leans heavy to in-person)",Software Development,BEL,9.0,2.0,87011.0,3.0,4.085976312551584
29.5,4.0,0,8.0,15.0,"Developer, full-stack",1.0,In-person,Higher Education,DNK,2.0,2.0,131570.0,3.0,8.922591630635415
39.5,5.0,0,18.0,26.0,"Senior executive (C-suite, VP, etc.)",0.0,"Your choice (very flexible, you can come in when you want or just as needed)",Software Development,ROU,7.0,7.0,150819.0,3.0,8.006200887093147
29.5,5.0,0,10.0,9.0,AI/ML engineer,0.0,Remote,Software Development,IND,6.0,3.0,35000.0,1.0,0.0
59.5,4.0,1,40.0,47.0,"Developer, desktop or enterprise applications",,,"Internet, Telecomm or Information Services",CAN,4.0,3.0,145917.0,3.0,
29.5,6.0,0,5.0,15.0,"Developer, full-stack",0.0,"Hybrid (some in-person, leans heavy to flexibility)",Banking/Financial Services,CHE,7.0,5.0,179790.0,3.0,9.903487552536127
39.5,5.0,0,17.0,25.0,"Developer, full-stack",0.0,Remote,Software Development,DEU,5.0,4.0,102093.0,3.0,8.006200887093147
77.5,4.0,0,30.0,30.0,"Developer, full-stack",0.0,Remote,Healthcare,GBR,5.0,1.0,92576.0,3.0,5.702114417555504
49.5,4.0,0,30.0,43.0,"Developer, embedded applications or devices",0.0,In-person,Media & Advertising Services,USA,9.0,,360000.0,3.0,8.006200887093147
49.5,5.0,1,30.0,36.0,"Developer, full-stack",,,Computer Systems Design and Services,CZE,6.0,5.0,93611.0,3.0,
39.5,6.0,0,15.0,20.0,"Architect, software or solutions",0.0,"Hybrid (some remote, leans heavy to in-person)",Software Development,NLD,6.0,,98612.0,3.0,9.903487552536127
29.5,5.0,0,5.0,20.0,"Developer, back-end",0.0,"Hybrid (some remote, leans heavy to in-person)",Manufacturing,AUT,,,98612.0,3.0,8.006200887093147
21.0,4.0,0,1.0,4.0,Data engineer,0.0,In-person,Software Development,USA,4.0,1.0,107000.0,3.0,2.302585092994046
39.5,4.0,0,12.0,15.0,"Developer, full-stack",0.0,Remote,Software Development,TUR,7.0,6.0,4040.0,2.0,6.619406317542652
29.5,4.0,0,13.0,6.0,"Developer, front-end",0.0,Remote,Media & Advertising Services,USA,3.0,,102000.0,3.0,4.085976312551584
39.5,4.0,0,14.0,18.0,"Architect, software or solutions",0.0,Remote,Software Development,USA,9.0,7.0,165000.0,3.0,6.619406317542652
29.5,6.0,0,11.0,18.0,"Developer, back-end",1.0,"Hybrid (some in-person, leans heavy to flexibility)",Software Development,CZE,9.0,6.0,162884.0,3.0,8.922591630635415
29.5,5.0,0,7.0,19.0,DevOps engineer or professional,0.0,Remote,Other:,DEU,13.0,7.0,93972.0,3.0,9.903487552536127
29.5,4.0,0,4.0,6.0,"Developer, back-end",0.0,"Hybrid (some in-person, leans heavy to flexibility)",Software Development,HUN,5.0,5.0,43375.0,3.0,9.903487552536127
39.5,4.0,0,11.0,11.0,"Architect, software or solutions",1.0,Remote,Energy,USA,3.0,4.0,140000.0,3.0,8.922591630635415
39.5,5.0,0,19.0,25.0,Data engineer,0.0,"Hybrid (some in-person, leans heavy to flexibility)",Other:,POL,7.0,3.0,136450.0,3.0,4.085976312551584
29.5,5.0,0,5.0,15.0,"Developer, back-end",0.0,"Your choice (very flexible, you can come in when you want or just as needed)",Software Development,NLD,8.0,5.0,40896.0,3.0,5.702114417555504
39.5,5.0,0,15.0,24.0,"Developer, full-stack",0.0,Remote,Software Development,ESP,3.0,1.0,52845.0,3.0,4.085976312551584
29.5,2.0,0,5.0,9.0,"Developer, back-end",1.0,In-person,Software Development,ITA,6.0,4.0,27844.0,3.0,2.302585092994046
39.5,5.0,0,22.0,27.0,"Developer, full-stack",0.0,"Hybrid (some remote, leans heavy to in-person)",Banking/Financial Services,USA,1.0,4.0,250000.0,3.0,8.006200887093147
59.5,5.0,0,36.0,44.0,"Developer, full-stack",0.0,"Hybrid (some remote, leans heavy to in-person)","Transportation, or Supply Chain",NLD,3.0,,46406.0,3.0,5.702114417555504
39.5,2.0,0,12.0,24.0,"Senior executive (C-suite, VP, etc.)",1.0,"Hybrid (some in-person, leans heavy to flexibility)",Software Development,ITA,7.0,1.0,117175.0,3.0,4.085976312551584
29.5,5.0,0,2.0,5.0,"Developer, full-stack",0.0,"Your choice (very flexible, you can come in when you want or just as needed)",Software Development,PRT,3.0,3.0,25523.0,3.0,2.302585092994046
21.0,4.0,0,1.0,9.0,DevOps engineer or professional,0.0,"Hybrid (some in-person, leans heavy to flexibility)",Software Development,GBR,7.0,2.0,51734.0,3.0,9.903487552536127
39.5,4.0,0,12.0,17.0,"Developer, desktop or enterprise applications",0.0,In-person,Software Development,CAN,7.0,2.0,62015.0,3.0,4.085976312551584
39.5,6.0,0,20.0,17.0,"Developer, embedded applications or devices",0.0,In-person,Other:,ITA,6.0,,40605.0,3.0,6.619406317542652
39.5,2.0,0,4.0,30.0,"Developer, front-end",,Remote,Software Development,ARG,2.0,,48000.0,2.0,6.619406317542652
29.5,4.0,0,5.0,13.0,Engineering manager,1.0,Remote,Software Development,GRC,1.0,5.0,71929.0,3.0,8.006200887093147
59.5,4.0,0,27.0,27.0,"Developer, back-end",0.0,Remote,Other:,USA,8.0,8.0,154000.0,3.0,4.085976312551584
39.5,5.0,0,25.0,30.0,"Developer, mobile",0.0,Remote,Software Development,USA,6.0,,100000.0,3.0,2.302585092994046
21.0,4.0,0,3.0,5.0,"Developer, mobile",0.0,In-person,Banking/Financial Services,VNM,10.0,5.0,11464.0,2.0,5.702114417555504
29.5,4.0,1,13.0,16.0,"Developer, mobile",,,Software Development,BLR,7.0,2.0,70000.0,2.0,
29.5,1.0,0,14.0,16.0,"Developer, back-end",0.0,Remote,Software Development,USA,11.0,2.0,164800.0,3.0,4.085976312551584
39.5,4.0,0,13.0,13.0,"Developer, back-end",,,Software Development,IND,4.0,2.0,17436.0,1.0,4.085976312551584
29.5,1.0,0,8.0,10.0,"Developer, full-stack",0.0,"Hybrid (some in-person, leans heavy to flexibility)",Government,DEU,,,63808.0,3.0,2.302585092994046
49.5,4.0,0,30.0,35.0,"Developer, back-end",0.0,Remote,Software Development,CAN,5.0,,131325.0,3.0,
21.0,4.0,0,3.0,6.0,"Developer, back-end",0.0,Remote,Software Development,IND,4.0,7.0,27898.0,1.0,5.702114417555504
29.5,5.0,0,10.0,10.0,"Developer, back-end",0.0,"Hybrid (some remote, leans heavy to in-person)",Other:,DEU,2.0,3.0,75410.0,3.0,6.619406317542652
39.5,4.0,0,16.0,20.0,DevOps engineer or professional,0.0,"Hybrid (some remote, leans heavy to in-person)","Transportation, or Supply Chain",FRA,4.0,,81210.0,3.0,9.903487552536127
49.5,5.0,0,25.0,37.0,"Architect, software or solutions",0.0,"Hybrid (some remote, leans heavy to in-person)",Banking/Financial Services,CHE,7.0,2.0,210788.0,3.0,9.903487552536127
39.5,6.0,0,15.0,20.0,Academic researcher,0.0,"Hybrid (some remote, leans heavy to in-person)",Other:,DEU,5.0,4.0,81210.0,3.0,
29.5,5.0,0,11.0,13.0,Engineering manager,1.0,In-person,"Transportation, or Supply Chain",CIV,9.0,8.0,36089.0,1.0,6.619406317542652
39.5,6.0,0,6.0,6.0,"Developer, back-end",0.0,"Hybrid (some remote, leans heavy to in-person)",Banking/Financial Services,USA,4.0,2.0,100000.0,3.0,8.006200887093147
29.5,4.0,0,6.0,13.0,"Developer, embedded applications or devices",0.0,"Hybrid (some remote, leans heavy to in-person)",Software Development,USA,,,150000.0,3.0,5.702114417555504
39.5,6.0,0,14.0,20.0,"Architect, software or solutions",0.0,Remote,Software Development,CZE,2.0,4.0,140417.0,3.0,8.006200887093147
39.5,4.0,0,13.0,16.0,"Developer, desktop or enterprise applications",0.0,"Your choice (very flexible, you can come in when you want or just as needed)",Banking/Financial Services,USA,4.0,1.0,120000.0,3.0,8.006200887093147
59.5,4.0,0,35.0,39.0,Applied scientist,0.0,"Hybrid (some in-person, leans heavy to flexibility)",Higher Education,USA,6.0,2.0,105000.0,3.0,8.006200887093147
59.5,4.0,0,35.0,45.0,"Developer, desktop or enterprise applications",0.0,Remote,Software Development,USA,3.0,2.0,125000.0,3.0,6.619406317542652
39.5,5.0,0,18.0,19.0,"Developer, full-stack",0.0,"Hybrid (some in-person, leans heavy to flexibility)",Government,BEL,5.0,2.0,92812.0,3.0,4.085976312551584
39.5,5.0,0,20.0,27.0,"Architect, software or solutions",0.0,"Hybrid (some remote, leans heavy to in-person)",Other:,DNK,5.0,,124416.0,3.0,6.619406317542652
29.5,2.0,0,2.0,12.0,"Developer, back-end",0.0,"Hybrid (some in-person, leans heavy to flexibility)",Software Development,ITA,6.0,3.0,31324.0,3.0,4.085976312551584
29.5,4.0,0,6.0,8.0,"Developer, front-end",0.0,"Hybrid (some in-person, leans heavy to flexibility)",Fintech,IND,5.0,5.0,29060.0,1.0,6.619406317542652
29.5,4.0,0,10.0,12.0,"Developer, full-stack",0.0,Remote,Software Development,MEX,6.0,7.0,63167.0,2.0,4.085976312551584
29.5,4.0,0,9.0,15.0,"Developer, full-stack",0.0,Remote,Software Development,CAN,3.0,2.0,145166.0,3.0,8.922591630635415
21.0,4.0,0,3.0,9.0,"Developer, back-end",0.0,In-person,Fintech,IND,3.0,3.0,34872.0,1.0,8.006200887093147
21.0,4.0,0,2.0,8.0,"Developer, back-end",0.0,Remote,Computer Systems Design and Services,POL,1.0,4.0,60038.0,3.0,5.702114417555504
49.5,5.0,0,25.0,29.0,"Architect, software or solutions",0.0,"Hybrid (some remote, leans heavy to in-person)","Internet, Telecomm or Information Services",IRL,4.0,3.0,142698.0,3.0,5.702114417555504
39.5,4.0,0,13.0,21.0,"Developer, full-stack",0.0,Remote,Government,USA,9.0,2.0,143420.0,3.0,5.702114417555504
49.5,6.0,0,22.0,35.0,AI/ML engineer,0.0,"Hybrid (some remote, leans heavy to in-person)",Software Development,USA,6.0,1.0,255000.0,3.0,4.085976312551584
49.5,4.0,0,20.0,21.0,"Architect, software or solutions",0.0,"Hybrid (some remote, leans heavy to in-person)",Software Development,USA,6.0,5.0,235000.0,3.0,2.302585092994046
49.5,4.0,0,21.0,18.0,"Architect, software or solutions",0.0,In-person,Other:,USA,10.0,7.0,200000.0,3.0,5.702114417555504
21.0,4.0,0,3.0,6.0,"Developer, back-end",0.0,"Hybrid (some remote, leans heavy to in-person)",Banking/Financial Services,USA,7.0,3.0,75000.0,3.0,5.702114417555504
29.5,4.0,0,5.0,10.0,"Developer, back-end",0.0,"Hybrid (some in-person, leans heavy to flexibility)",Software Development,BGR,,,46406.0,3.0,9.903487552536127
49.5,4.0,0,25.0,26.0,"Developer, full-stack",0.0,"Hybrid (some in-person, leans heavy to flexibility)",Software Development,USA,4.0,1.0,157500.0,3.0,2.302585092994046
29.5,5.0,0,3.0,8.0,AI/ML engineer,0.0,"Hybrid (some in-person, leans heavy to flexibility)",Software Development,NLD,8.0,5.0,52207.0,3.0,4.085976312551584
49.5,4.0,0,8.0,12.0,"Developer, full-stack",0.0,"Hybrid (some remote, leans heavy to in-person)",Software Development,USA,6.0,4.0,192000.0,3.0,8.006200887093147
49.5,5.0,0,25.0,20.0,"Developer, back-end",0.0,Remote,Computer Systems Design and Services,USA,,,300000.0,3.0,9.903487552536127
39.5,1.0,0,11.0,23.0,"Developer, back-end",0.0,Remote,Software Development,NOR,,,123534.0,3.0,2.302585092994046
29.5,6.0,0,7.0,10.0,"Developer, back-end",0.0,Remote,"Internet, Telecomm or Information Services",BRA,4.0,8.0,17476.0,2.0,5.702114417555504
29.5,4.0,0,11.0,13.0,"Developer, front-end",0.0,"Hybrid (some in-person, leans heavy to flexibility)",Software Development,CAN,6.0,,71134.0,3.0,5.702114417555504
39.5,5.0,0,21.0,22.0,"Architect, software or solutions",0.0,Remote,Software Development,POL,8.0,4.0,154000.0,3.0,5.702114417555504
39.5,5.0,0,10.0,20.0,"Developer, desktop or enterprise applications",0.0,Remote,Software Development,DEU,6.0,1.0,116015.0,3.0,6.619406317542652
39.5,5.0,0,16.0,19.0,"Architect, software or solutions",1.0,"Hybrid (some in-person, leans heavy to flexibility)",Higher Education,CAN,6.0,4.0,72958.0,3.0,8.006200887093147
49.5,5.0,0,17.0,29.0,Data engineer,0.0,Remote,Software Development,USA,3.0,6.0,180000.0,3.0,2.302585092994046
39.5,6.0,0,14.0,33.0,"Developer, full-stack",0.0,"Hybrid (some remote, leans heavy to in-person)",Fintech,GBR,5.0,1.0,81942.0,3.0,9.903487552536127
39.5,5.0,0,15.0,20.0,"Developer, desktop or enterprise applications",0.0,"Your choice (very flexible, you can come in when you want or just as needed)",Software Development,USA,5.0,,206000.0,3.0,9.903487552536127
39.5,2.0,1,20.0,25.0,"Developer, full-stack",,,"Transportation, or Supply Chain",ESP,5.0,1.0,139218.0,3.0,
59.5,5.0,1,39.0,47.0,"Architect, software or solutions",,,Software Development,GBR,6.0,5.0,54457.0,3.0,
39.5,4.0,0,16.0,24.0,"Developer, back-end",0.0,"Your choice (very flexible, you can come in when you want or just as needed)",Other:,GBR,2.0,1.0,120349.0,3.0,5.702114417555504
39.5,4.0,0,18.0,31.0,"Architect, software or solutions",0.0,Remote,Manufacturing,NZL,7.0,6.0,114447.0,3.0,8.006200887093147
49.5,5.0,0,26.0,27.0,"Developer, back-end",0.0,"Hybrid (some in-person, leans heavy to flexibility)","Internet, Telecomm or Information Services",AUT,8.0,5.0,100933.0,3.0,5.702114417555504
39.5,5.0,0,4.0,5.0,"Developer, front-end",0.0,Remote,Software Development,UKR,3.0,,4300.0,2.0,6.619406317542652
39.5,2.0,0,20.0,25.0,"Architect, software or solutions",0.0,Remote,Computer Systems Design and Services,RUS,,,216910.0,3.0,8.006200887093147
39.5,0.0,0,2.0,6.0,"Developer, back-end",0.0,Remote,Retail and Consumer Services,CAN,7.0,2.0,69310.0,3.0,4.085976312551584
39.5,5.0,0,13.0,19.0,Data scientist,1.0,Remote,Media & Advertising Services,USA,8.0,5.0,165000.0,3.0,4.085976312551584
29.5,4.0,0,7.0,10.0,Data scientist,0.0,"Hybrid (some remote, leans heavy to in-person)",Energy,USA,2.0,,135000.0,3.0,8.006200887093147
39.5,4.0,0,14.0,13.0,Cybersecurity or InfoSec professional,0.0,"Hybrid (some remote, leans heavy to in-person)","Internet, Telecomm or Information Services",USA,8.0,3.0,143000.0,3.0,9.903487552536127
39.5,2.0,0,13.0,15.0,"Developer, full-stack",0.0,Remote,Healthcare,DEU,6.0,2.0,87011.0,3.0,5.702114417555504
59.5,5.0,1,25.0,35.0,"Developer, mobile",,,Software Development,DEU,7.0,4.0,13922.0,3.0,
29.5,5.0,0,6.0,17.0,"Developer, full-stack",0.0,Remote,Software Development,DEU,7.0,2.0,75410.0,3.0,4.085976312551584
49.5,4.0,0,30.0,32.0,"Architect, software or solutions",0.0,"Hybrid (some in-person, leans heavy to flexibility)",Fintech,DEU,6.0,3.0,116015.0,3.0,8.922591630635415
49.5,4.0,0,25.0,27.0,"Developer, desktop or enterprise applications",0.0,Remote,Software Development,USA,6.0,3.0,140000.0,3.0,6.619406317542652
29.5,4.0,0,6.0,10.0,Data engineer,1.0,In-person,Fintech,CIV,5.0,4.0,33966.0,1.0,4.085976312551584
29.5,2.0,0,10.0,15.0,DevOps engineer or professional,0.0,Remote,Other:,DEU,2.0,2.0,110214.0,3.0,6.619406317542652
29.5,4.0,0,13.0,17.0,"Developer, mobile",0.0,"Your choice (very flexible, you can come in when you want or just as needed)",Software Development,FRA,5.0,,48726.0,3.0,2.302585092994046
29.5,5.0,0,6.0,10.0,"Developer, full-stack",0.0,"Hybrid (some remote, leans heavy to in-person)",Software Development,HRV,7.0,8.0,41765.0,3.0,4.085976312551584
59.5,2.0,0,39.0,39.0,"Architect, software or solutions",0.0,"Hybrid (some remote, leans heavy to in-person)","Transportation, or Supply Chain",USA,5.0,4.0,159000.0,3.0,9.903487552536127
39.5,2.0,0,15.0,20.0,"Architect, software or solutions",0.0,Remote,Software Development,DEU,2.0,2.0,104413.0,3.0,9.903487552536127
39.5,5.0,0,28.0,30.0,"Developer, desktop or enterprise applications",0.0,"Your choice (very flexible, you can come in when you want or just as needed)",Healthcare,DEU,3.0,3.0,27844.0,3.0,4.085976312551584
21.0,,0,4.0,6.0,Academic researcher,0.0,"Your choice (very flexible, you can come in when you want or just as needed)",Higher Education,USA,9.0,,30000.0,3.0,8.006200887093147
29.5,5.0,0,8.0,9.0,"Developer, front-end",0.0,"Your choice (very flexible, you can come in when you want or just as needed)",Energy,CZE,5.0,3.0,56167.0,3.0,8.006200887093147
29.5,4.0,0,7.0,10.0,"Developer, full-stack",0.0,In-person,Higher Education,USA,6.0,4.0,77000.0,3.0,
39.5,5.0,0,16.0,27.0,"Developer, back-end",0.0,"Hybrid (some in-person, leans heavy to flexibility)",Software Development,DEU,11.0,5.0,74249.0,3.0,5.702114417555504
29.5,4.0,0,2.0,3.0,Data engineer,0.0,In-person,Software Development,USA,6.0,6.0,110000.0,3.0,4.085976312551584
29.5,4.0,0,10.0,10.0,"Developer, full-stack",0.0,Remote,Software Development,SWE,6.0,2.0,75472.0,3.0,2.302585092994046
39.5,5.0,0,21.0,26.0,Engineering manager,1.0,Remote,Software Development,GBR,2.0,4.0,204212.0,3.0,8.922591630635415
29.5,4.0,0,6.0,10.0,"Developer, full-stack",0.0,Remote,Government,USA,8.0,2.0,105000.0,3.0,6.619406317542652
59.5,,0,38.0,44.0,"Developer, full-stack",0.0,Remote,Software Development,USA,10.0,3.0,190000.0,3.0,5.702114417555504
39.5,6.0,0,15.0,12.0,"Developer, full-stack",0.0,"Hybrid (some remote, leans heavy to in-person)",Retail and Consumer Services,USA,6.0,5.0,120000.0,3.0,5.702114417555504
39.5,5.0,1,9.0,15.0,"Developer, embedded applications or devices",,,Software Development,POL,3.0,,75189.0,3.0,
49.5,4.0,1,28.0,30.0,"Developer, full-stack",,,Healthcare,NZL,5.0,5.0,117459.0,3.0,
49.5,5.0,0,21.0,12.0,"Developer, full-stack",0.0,"Hybrid (some remote, leans heavy to in-person)",Software Development,USA,12.0,3.0,130000.0,3.0,5.702114417555504
29.5,4.0,0,3.0,10.0,"Developer, full-stack",0.0,Remote,Banking/Financial Services,USA,9.0,6.0,165000.0,3.0,9.903487552536127
29.5,6.0,0,5.0,5.0,"Developer, full-stack",0.0,"Hybrid (some in-person, leans heavy to flexibility)",Software Development,GBR,6.0,1.0,81685.0,3.0,5.702114417555504
59.5,4.0,1,39.0,43.0,"Developer, AI apps or physical AI",,,Software Development,AUS,10.0,7.0,120000.0,3.0,
29.5,4.0,0,9.0,16.0,"Developer, back-end",0.0,"Hybrid (some in-person, leans heavy to flexibility)",Fintech,JAM,3.0,1.0,62180.0,2.0,4.085976312551584
59.5,,0,26.0,41.0,"Developer, desktop or enterprise applications",0.0,"Hybrid (some remote, leans heavy to in-person)",Other:,DEU,7.0,,81210.0,3.0,5.702114417555504
39.5,2.0,0,15.0,17.0,"Developer, back-end",0.0,Remote,Fintech,USA,4.0,3.0,194000.0,3.0,4.085976312551584
39.5,4.0,0,9.0,12.0,Data engineer,0.0,Remote,Energy,USA,3.0,4.0,200000.0,3.0,9.903487552536127
29.5,4.0,0,6.0,6.0,"Developer, back-end",,,Fintech,BRA,1.0,1.0,22573.0,2.0,5.702114417555504
39.5,4.0,0,15.0,15.0,"Developer, full-stack",0.0,"Hybrid (some in-person, leans heavy to flexibility)",Media & Advertising Services,FRA,11.0,2.0,116015.0,3.0,8.006200887093147
29.5,5.0,0,8.0,12.0,"Developer, full-stack",1.0,Remote,Computer Systems Design and Services,USA,2.0,1.0,170000.0,3.0,5.702114417555504
29.5,5.0,0,10.0,20.0,"Developer, back-end",0.0,"Hybrid (some remote, leans heavy to in-person)",Software Development,IND,4.0,1.0,15111.0,1.0,9.903487552536127
49.5,2.0,0,20.0,30.0,"Developer, full-stack",0.0,Remote,Healthcare,USA,8.0,4.0,177000.0,3.0,5.702114417555504
39.5,4.0,0,21.0,29.0,"Developer, desktop or enterprise applications",0.0,"Hybrid (some remote, leans heavy to in-person)",Software Development,USA,8.0,2.0,218000.0,3.0,9.903487552536127
59.5,5.0,0,27.0,30.0,Data or business analyst,0.0,In-person,Government,AUS,9.0,3.0,70938.0,3.0,6.619406317542652
39.5,5.0,0,15.0,23.0,AI/ML engineer,0.0,"Hybrid (some in-person, leans heavy to flexibility)",Energy,FRA,7.0,4.0,92812.0,3.0,9.903487552536127
29.5,4.0,0,12.0,13.0,Data engineer,0.0,Remote,Government,USA,5.0,3.0,87000.0,3.0,8.922591630635415
29.5,4.0,0,7.0,3.0,"Developer, full-stack",1.0,"Hybrid (some remote, leans heavy to in-person)",Software Development,BGD,,,6382.0,1.0,2.302585092994046
49.5,2.0,0,30.0,45.0,"Developer, full-stack",0.0,In-person,Software Development,USA,9.0,6.0,80000.0,3.0,9.903487552536127
21.0,3.0,0,7.0,10.0,DevOps engineer or professional,0.0,"Your choice (very flexible, you can come in when you want or just as needed)",Software Development,DEU,12.0,7.0,58007.0,3.0,9.903487552536127
59.5,2.0,0,31.0,42.0,"Developer, mobile",0.0,Remote,Other:,USA,4.0,,152000.0,3.0,5.702114417555504
39.5,5.0,0,10.0,20.0,"Developer, back-end",0.0,Remote,Software Development,UKR,,,100000.0,2.0,6.619406317542652
39.5,5.0,0,11.0,12.0,"Developer, back-end",0.0,"Hybrid (some remote, leans heavy to in-person)",Other:,NOR,7.0,,108710.0,3.0,8.006200887093147
49.5,4.0,0,30.0,35.0,"Developer, mobile",0.0,Remote,Software Development,AUS,4.0,,81912.0,3.0,4.085976312551584
39.5,4.0,0,18.0,23.0,"Developer, full-stack",1.0,In-person,Banking/Financial Services,ZAF,4.0,2.0,101482.0,2.0,5.702114417555504
29.5,4.0,1,10.0,10.0,"Developer, full-stack",0.0,Remote,Software Development,IND,12.0,10.0,46496.0,1.0,2.302585092994046
39.5,,0,3.0,5.0,"Developer, back-end",0.0,Remote,Software Development,UKR,,7.0,33000.0,2.0,5.702114417555504
39.5,5.0,0,25.0,30.0,DevOps engineer or professional,0.0,"Hybrid (some in-person, leans heavy to flexibility)",Software Development,CHE,4.0,4.0,400497.0,3.0,9.903487552536127
39.5,4.0,0,8.0,10.0,"Developer, back-end",0.0,"Your choice (very flexible, you can come in when you want or just as needed)",Fintech,DEU,6.0,4.0,92812.0,3.0,5.702114417555504
39.5,5.0,0,14.0,25.0,"Architect, software or solutions",,"Hybrid (some in-person, leans heavy to flexibility)",Healthcare,DEU,5.0,3.0,110214.0,3.0,6.619406317542652
39.5,5.0,0,12.0,17.0,"Developer, front-end",0.0,Remote,Software Development,HRV,7.0,,40373.0,3.0,4.085976312551584
39.5,5.0,0,8.0,8.0,"Developer, QA or test",0.0,"Hybrid (some in-person, leans heavy to flexibility)",Fintech,USA,6.0,3.0,120000.0,3.0,6.619406317542652
39.5,5.0,0,11.0,20.0,"Developer, back-end",0.0,"Hybrid (some remote, leans heavy to in-person)",Manufacturing,AUT,3.0,3.0,142592.0,3.0,9.903487552536127
29.5,4.0,0,7.0,9.0,"Developer, full-stack",0.0,In-person,"Internet, Telecomm or Information Services",CHN,10.0,6.0,44571.0,2.0,8.006200887093147
29.5,4.0,0,13.0,17.0,"Developer, back-end",1.0,In-person,Software Development,IND,6.0,2.0,1395.0,1.0,4.085976312551584
29.5,4.0,0,5.0,8.0,"Developer, back-end",0.0,Remote,Fintech,BEL,3.0,1.0,68449.0,3.0,4.085976312551584
39.5,4.0,0,15.0,15.0,"Developer, back-end",0.0,"Hybrid (some remote, leans heavy to in-person)","Transportation, or Supply Chain",LTU,7.0,3.0,87011.0,3.0,4.085976312551584
39.5,4.0,0,11.0,16.0,"Developer, full-stack",0.0,"Hybrid (some remote, leans heavy to in-person)",Software Development,ITA,6.0,3.0,41765.0,3.0,5.702114417555504
39.5,5.0,0,15.0,23.0,"Developer, back-end",0.0,"Hybrid (some remote, leans heavy to in-person)",Media & Advertising Services,FRA,4.0,2.0,81210.0,3.0,5.702114417555504
39.5,4.0,0,12.0,20.0,"Developer, front-end",1.0,In-person,Software Development,IRN,4.0,4.0,42730.0,2.0,6.619406317542652
21.0,4.0,0,2.0,6.0,"Developer, full-stack",0.0,"Hybrid (some remote, leans heavy to in-person)",Software Development,NLD,8.0,5.0,48726.0,3.0,4.085976312551584
29.5,4.0,0,13.0,17.0,"Developer, back-end",0.0,"Your choice (very flexible, you can come in when you want or just as needed)",Software Development,DEU,4.0,6.0,109054.0,3.0,5.702114417555504
59.5,5.0,1,35.0,40.0,"Developer, desktop or enterprise applications",,,Software Development,DEU,4.0,1.0,98612.0,3.0,
29.5,,0,3.0,6.0,"Developer, full-stack",0.0,"Hybrid (some remote, leans heavy to in-person)","Transportation, or Supply Chain",SWE,5.0,,60377.0,3.0,5.702114417555504
29.5,4.0,0,8.0,16.0,"Developer, embedded applications or devices",0.0,Remote,Other:,AUS,7.0,1.0,48757.0,3.0,2.302585092994046
21.0,4.0,0,4.0,4.0,"Developer, full-stack",0.0,"Hybrid (some remote, leans heavy to in-person)",Software Development,UKR,10.0,5.0,2397.0,2.0,4.085976312551584
39.5,2.0,0,9.0,12.0,"Developer, back-end",0.0,"Hybrid (some remote, leans heavy to in-person)",Software Development,SWE,10.0,3.0,73375.0,3.0,6.619406317542652
29.5,4.0,0,6.0,12.0,"Developer, full-stack",0.0,In-person,Software Development,USA,7.0,5.0,54000.0,3.0,4.085976312551584
49.5,4.0,1,20.0,25.0,"Developer, full-stack",,,Software Development,FRA,8.0,3.0,34804.0,3.0,
29.5,5.0,0,5.0,12.0,"Developer, back-end",0.0,Remote,Software Development,HRV,4.0,1.0,23710.0,3.0,2.302585092994046
29.5,4.0,0,,,"Developer, full-stack",0.0,In-person,Software Development,MYS,6.0,3.0,13195.0,2.0,2.302585092994046
29.5,4.0,0,13.0,15.0,"Developer, back-end",1.0,"Your choice (very flexible, you can come in when you want or just as needed)",Other:,RUS,3.0,4.0,38278.0,3.0,5.702114417555504
29.5,5.0,0,7.0,12.0,"Developer, embedded applications or devices",0.0,In-person,Software Development,IND,14.0,8.0,8718.0,1.0,2.302585092994046
29.5,5.0,0,6.0,10.0,Data scientist,0.0,Remote,Healthcare,USA,3.0,3.0,123000.0,3.0,9.903487552536127
29.5,6.0,0,5.0,6.0,Data scientist,0.0,Remote,Other:,GBR,2.0,5.0,54457.0,3.0,4.085976312551584
39.5,5.0,0,11.0,16.0,"Developer, QA or test",0.0,"Hybrid (some in-person, leans heavy to flexibility)",Software Development,POL,5.0,5.0,108477.0,3.0,8.006200887093147
29.5,2.0,0,8.0,15.0,"Architect, software or solutions",1.0,"Hybrid (some remote, leans heavy to in-person)",Other:,FRA,6.0,7.0,69609.0,3.0,4.085976312551584
21.0,5.0,0,3.0,5.0,"Developer, back-end",0.0,Remote,Banking/Financial Services,UKR,2.0,2.0,2397.0,2.0,9.903487552536127
29.5,4.0,0,4.0,12.0,"Developer, full-stack",0.0,"Hybrid (some remote, leans heavy to in-person)",Software Development,GRC,6.0,1.0,23203.0,3.0,4.085976312551584
29.5,4.0,0,4.0,10.0,"Developer, full-stack",0.0,"Your choice (very flexible, you can come in when you want or just as needed)",Other:,ESP,8.0,4.0,58007.0,3.0,9.903487552536127
39.5,4.0,1,13.0,21.0,"Developer, full-stack",,,"Transportation, or Supply Chain",FRA,6.0,4.0,67289.0,3.0,
39.5,4.0,0,15.0,18.0,"Developer, mobile",0.0,Remote,Energy,BRA,,,62257.0,2.0,5.702114417555504
39.5,5.0,0,10.0,20.0,"Developer, full-stack",0.0,In-person,Software Development,DEU,3.0,1.0,81210.0,3.0,4.085976312551584
29.5,5.0,0,9.0,14.0,"Developer, front-end",,In-person,Fintech,HKG,2.0,,129937.0,3.0,5.702114417555504
49.5,4.0,0,17.0,22.0,"Developer, full-stack",1.0,"Hybrid (some remote, leans heavy to in-person)",Retail and Consumer Services,CAN,8.0,1.0,109438.0,3.0,2.302585092994046
29.5,5.0,0,3.0,13.0,"Architect, software or solutions",0.0,"Hybrid (some remote, leans heavy to in-person)",Software Development,FRA,12.0,2.0,30164.0,3.0,4.085976312551584
29.5,5.0,1,10.0,15.0,"Architect, software or solutions",,,Fintech,CZE,,,102972.0,3.0,
29.5,2.0,0,12.0,14.0,"Architect, software or solutions",0.0,Remote,Retail and Consumer Services,ITA,9.0,4.0,77846.0,3.0,4.085976312551584
29.5,4.0,0,2.0,5.0,"Developer, back-end",0.0,In-person,Banking/Financial Services,POL,4.0,2.0,32748.0,3.0,4.085976312551584
29.5,5.0,0,6.0,6.0,"Senior executive (C-suite, VP, etc.)",0.0,"Hybrid (some in-person, leans heavy to flexibility)",Software Development,IND,8.0,1.0,3487.0,1.0,2.302585092994046
29.5,2.0,0,2.0,7.0,"Developer, back-end",0.0,Remote,Software Development,TUR,2.0,3.0,4545.0,2.0,2.302585092994046
29.5,5.0,0,13.0,17.0,"Developer, desktop or enterprise applications",0.0,In-person,Software Development,USA,6.0,2.0,210000.0,3.0,9.903487552536127
39.5,6.0,0,15.0,20.0,"Senior executive (C-suite, VP, etc.)",0.0,In-person,"Internet, Telecomm or Information Services",GBR,6.0,2.0,163370.0,3.0,4.085976312551584
29.5,4.0,0,8.0,20.0,DevOps engineer or professional,0.0,Remote,Insurance,USA,7.0,5.0,145000.0,3.0,6.619406317542652
39.5,5.0,0,14.0,15.0,"Developer, desktop or enterprise applications",0.0,Remote,Software Development,UKR,3.0,,8400.0,2.0,4.085976312551584
39.5,4.0,0,22.0,36.0,"Architect, software or solutions",1.0,In-person,Manufacturing,GBR,7.0,4.0,95299.0,3.0,5.702114417555504
49.5,4.0,0,20.0,27.0,"Developer, full-stack",0.0,"Hybrid (some remote, leans heavy to in-person)",Software Development,NLD,14.0,5.0,80050.0,3.0,4.085976312551584
39.5,4.0,0,15.0,20.0,"Developer, front-end",0.0,"Your choice (very flexible, you can come in when you want or just as needed)",Manufacturing,DEU,4.0,1.0,98612.0,3.0,5.702114417555504
39.5,5.0,0,12.0,17.0,"Developer, back-end",0.0,"Hybrid (some remote, leans heavy to in-person)",Software Development,FRA,6.0,4.0,64968.0,3.0,5.702114417555504
49.5,5.0,0,24.0,40.0,"Developer, full-stack",0.0,"Hybrid (some in-person, leans heavy to flexibility)",Banking/Financial Services,CHE,8.0,6.0,179790.0,3.0,9.903487552536127
39.5,4.0,0,13.0,22.0,DevOps engineer or professional,0.0,Remote,Higher Education,DEU,10.0,7.0,109054.0,3.0,4.085976312551584
29.5,4.0,0,7.0,7.0,"Developer, desktop or enterprise applications",0.0,In-person,Manufacturing,BGD,4.0,4.0,8182.0,1.0,2.302585092994046
29.5,1.0,0,13.0,13.0,"Architect, software or solutions",0.0,Remote,Software Development,DEU,6.0,5.0,40605.0,3.0,2.302585092994046
29.5,4.0,0,10.0,15.0,"Developer, full-stack",0.0,In-person,Software Development,IND,10.0,10.0,40684.0,1.0,9.903487552536127
49.5,,0,25.0,25.0,"Developer, full-stack",0.0,"Your choice (very flexible, you can come in when you want or just as needed)",Other:,GBR,7.0,2.0,68071.0,3.0,5.702114417555504
29.5,4.0,0,10.0,15.0,"Developer, full-stack",0.0,"Your choice (very flexible, you can come in when you want or just as needed)",Media & Advertising Services,LTU,14.0,4.0,44086.0,3.0,2.302585092994046
29.5,2.0,1,10.0,15.0,"Developer, full-stack",,,Retail and Consumer Services,ITA,6.0,1.0,69609.0,3.0,
29.5,3.0,0,7.0,7.0,"Developer, back-end",0.0,Remote,Software Development,ESP,6.0,5.0,34804.0,3.0,2.302585092994046
21.0,2.0,0,5.0,9.0,"Developer, back-end",0.0,In-person,Energy,GBR,5.0,2.0,39481.0,3.0,4.085976312551584
29.5,5.0,0,9.0,14.0,"Developer, embedded applications or devices",0.0,"Hybrid (some in-person, leans heavy to flexibility)",Manufacturing,DEU,13.0,2.0,63808.0,3.0,5.702114417555504
29.5,5.0,0,20.0,21.0,"Developer, full-stack",0.0,"Your choice (very flexible, you can come in when you want or just as needed)",Other:,GBR,8.0,2.0,77601.0,3.0,4.085976312551584
29.5,4.0,0,9.0,14.0,"Developer, back-end",0.0,"Hybrid (some remote, leans heavy to in-person)",Software Development,LVA,4.0,10.0,74249.0,3.0,9.903487552536127
59.5,5.0,0,17.0,30.0,Other (please specify):,0.0,"Hybrid (some in-person, leans heavy to flexibility)",Other:,USA,5.0,1.0,109000.0,3.0,4.085976312551584
49.5,5.0,1,20.0,20.0,"Developer, desktop or enterprise applications",,,Manufacturing,CZE,1.0,1.0,56167.0,3.0,
29.5,5.0,0,3.0,11.0,"Developer, full-stack",0.0,"Hybrid (some in-person, leans heavy to flexibility)",Other:,GBR,8.0,2.0,54457.0,3.0,8.006200887093147
39.5,5.0,0,13.0,16.0,"Developer, back-end",0.0,Remote,Retail and Consumer Services,USA,7.0,3.0,160000.0,3.0,9.903487552536127
29.5,4.0,0,10.0,15.0,"Developer, back-end",0.0,Remote,Banking/Financial Services,TUR,1.0,,90892.0,2.0,8.006200887093147
39.5,4.0,0,7.0,20.0,Data scientist,0.0,"Hybrid (some in-person, leans heavy to flexibility)",Healthcare,GBR,7.0,2.0,51053.0,3.0,6.619406317542652
39.5,,0,20.0,30.0,"Developer, full-stack",0.0,"Your choice (very flexible, you can come in when you want or just as needed)",Government,DEU,6.0,3.0,75410.0,3.0,8.006200887093147
59.5,4.0,1,40.0,45.0,"Developer, full-stack",0.0,"Your choice (very flexible, you can come in when you want or just as needed)",Software Development,USA,4.0,1.0,150000.0,3.0,0.0
21.0,4.0,1,5.0,6.0,"Developer, back-end",,,Media & Advertising Services,UKR,2.0,4.0,4000.0,2.0,
49.5,4.0,0,25.0,25.0,DevOps engineer or professional,0.0,In-person,"Transportation, or Supply Chain",ITA,6.0,2.0,52207.0,3.0,4.085976312551584
49.5,4.0,1,24.0,28.0,"Developer, full-stack",0.0,Remote,Fintech,CAN,8.0,4.0,60400.0,3.0,2.302585092994046
29.5,4.0,0,3.0,6.0,"Developer, back-end",0.0,"Hybrid (some remote, leans heavy to in-person)",Software Development,GRC,5.0,5.0,22043.0,3.0,8.006200887093147
39.5,5.0,0,13.0,19.0,"Developer, full-stack",0.0,Remote,Other:,CAN,7.0,2.0,80254.0,3.0,4.085976312551584
29.5,4.0,0,5.0,8.0,"Developer, full-stack",0.0,"Hybrid (some remote, leans heavy to in-person)",Software Development,ESP,6.0,3.0,41765.0,3.0,4.085976312551584
29.5,5.0,0,3.0,7.0,"Developer, full-stack",0.0,"Your choice (very flexible, you can come in when you want or just as needed)",Software Development,IND,12.0,11.0,23248.0,1.0,8.006200887093147
39.5,2.0,1,20.0,35.0,"Founder, technology or otherwise",,,Software Development,USA,10.0,,300000.0,3.0,
39.5,3.0,0,20.0,22.0,"Developer, full-stack",0.0,Remote,Software Development,USA,5.0,4.0,174000.0,3.0,5.702114417555504
29.5,6.0,0,10.0,18.0,"Architect, software or solutions",0.0,"Your choice (very flexible, you can come in when you want or just as needed)",Media & Advertising Services,FRA,3.0,2.0,127616.0,3.0,2.302585092994046
39.5,4.0,0,20.0,22.0,"Developer, full-stack",0.0,"Your choice (very flexible, you can come in when you want or just as needed)",Other:,NLD,6.0,4.0,46406.0,3.0,2.302585092994046
39.5,4.0,0,14.0,17.0,"Developer, back-end",0.0,Remote,"Internet, Telecomm or Information Services",IND,2.0,4.0,77881.0,1.0,8.006200887093147
29.5,5.0,0,6.0,12.0,"Developer, full-stack",0.0,"Hybrid (some in-person, leans heavy to flexibility)",Healthcare,FRA,,,58007.0,3.0,5.702114417555504
49.5,2.0,1,25.0,25.0,"Developer, full-stack",,,Software Development,USA,6.0,2.0,180000.0,3.0,
29.5,5.0,0,2.0,5.0,"Developer, QA or test",0.0,In-person,Software Development,UKR,6.0,4.0,20371.0,2.0,8.006200887093147
29.5,4.0,0,7.0,12.0,"Developer, full-stack",0.0,Remote,Software Development,PRT,5.0,6.0,75410.0,3.0,4.085976312551584
29.5,2.0,0,6.0,9.0,"Developer, full-stack",0.0,"Hybrid (some in-person, leans heavy to flexibility)",Fintech,FIN,1.0,1.0,60328.0,3.0,5.702114417555504
39.5,1.0,1,20.0,24.0,"Founder, technology or otherwise",,,Computer Systems Design and Services,JPN,,,62180.0,3.0,
29.5,4.0,0,4.0,5.0,"Developer, full-stack",0.0,"Hybrid (some in-person, leans heavy to flexibility)",Software Development,FRA,9.0,2.0,44086.0,3.0,2.302585092994046
29.5,0.0,0,6.0,7.0,"Architect, software or solutions",0.0,In-person,Manufacturing,USA,5.0,1.0,200000.0,3.0,8.006200887093147
49.5,4.0,0,28.0,40.0,"Developer, full-stack",0.0,"Your choice (very flexible, you can come in when you want or just as needed)",Software Development,GBR,5.0,1.0,68071.0,3.0,2.302585092994046
39.5,5.0,0,8.0,18.0,"Developer, back-end",0.0,"Hybrid (some in-person, leans heavy to flexibility)",Software Development,DEU,1.0,1.0,107894.0,3.0,4.085976312551584
39.5,5.0,1,25.0,25.0,"Founder, technology or otherwise",,,Other:,PRT,3.0,2.0,55687.0,3.0,
29.5,2.0,0,6.0,9.0,"Developer, front-end",0.0,"Your choice (very flexible, you can come in when you want or just as needed)","Internet, Telecomm or Information Services",DEU,3.0,,69609.0,3.0,4.085976312551584
39.5,1.0,0,15.0,15.0,"Developer, full-stack",0.0,"Hybrid (some in-person, leans heavy to flexibility)",Manufacturing,POL,4.0,2.0,75320.0,3.0,4.085976312551584
29.5,4.0,0,7.0,9.0,"Developer, full-stack",1.0,Remote,Software Development,KEN,6.0,2.0,76800.0,1.0,2.302585092994046
29.5,6.0,0,4.0,8.0,Academic researcher,0.0,In-person,Higher Education,SWE,2.0,1.0,41929.0,3.0,2.302585092994046
29.5,4.0,0,6.0,13.0,"Developer, embedded applications or devices",0.0,"Your choice (very flexible, you can come in when you want or just as needed)",Energy,POL,2.0,,62221.0,3.0,6.619406317542652
39.5,4.0,0,20.0,20.0,"Developer, back-end",0.0,Remote,Software Development,BRA,3.0,3.0,98000.0,2.0,5.702114417555504
29.5,4.0,0,7.0,15.0,Product manager,1.0,In-person,Software Development,ITA,11.0,6.0,58007.0,3.0,4.085976312551584
29.5,4.0,0,3.0,10.0,"Developer, back-end",0.0,In-person,Other:,USA,5.0,1.0,80000.0,3.0,4.085976312551584
49.5,6.0,0,28.0,33.0,DevOps engineer or professional,0.0,In-person,Energy,SVN,4.0,1.0,46406.0,3.0,2.302585092994046
39.5,4.0,0,14.0,14.0,"Developer, full-stack",0.0,"Hybrid (some remote, leans heavy to in-person)",Software Development,BEL,8.0,3.0,90491.0,3.0,2.302585092994046
29.5,5.0,0,5.0,15.0,Academic researcher,,In-person,Manufacturing,,6.0,,27109.0,,2.302585092994046
39.5,4.0,0,18.0,36.0,"Developer, back-end",0.0,"Hybrid (some in-person, leans heavy to flexibility)",Fintech,SVN,6.0,2.0,62648.0,3.0,5.702114417555504
39.5,5.0,0,20.0,25.0,"Developer, full-stack",1.0,"Hybrid (some remote, leans heavy to in-person)",Software Development,FRA,6.0,5.0,121815.0,3.0,4.085976312551584
29.5,2.0,0,17.0,20.0,"Developer, full-stack",0.0,Remote,Software Development,BRA,6.0,8.0,171115.0,2.0,2.302585092994046
29.5,2.0,0,4.0,12.0,"Developer, full-stack",0.0,In-person,Software Development,BRA,14.0,,8738.0,2.0,2.302585092994046
29.5,5.0,0,10.0,14.0,"Developer, mobile",,"Hybrid (some in-person, leans heavy to flexibility)",Software Development,FRA,4.0,,81210.0,3.0,
29.5,3.0,0,10.0,14.0,"Developer, full-stack",0.0,"Your choice (very flexible, you can come in when you want or just as needed)",Fintech,USA,5.0,2.0,80000.0,3.0,2.302585092994046
29.5,6.0,0,10.0,20.0,Engineering manager,0.0,"Hybrid (some remote, leans heavy to in-person)",Software Development,GBR,4.0,,95299.0,3.0,2.302585092994046
29.5,5.0,0,3.0,5.0,"Developer, back-end",0.0,Remote,Energy,POL,4.0,3.0,36841.0,3.0,4.085976312551584
21.0,1.0,0,2.0,3.0,"Developer, full-stack",0.0,"Hybrid (some remote, leans heavy to in-person)",Software Development,CZE,6.0,3.0,16850.0,3.0,4.085976312551584
29.5,4.0,0,6.0,15.0,"Developer, full-stack",0.0,"Your choice (very flexible, you can come in when you want or just as needed)",Software Development,FRA,3.0,1.0,44086.0,3.0,2.302585092994046
39.5,3.0,0,15.0,17.0,"Developer, full-stack",0.0,"Hybrid (some in-person, leans heavy to flexibility)",Government,CAN,2.0,1.0,75147.0,3.0,4.085976312551584
29.5,4.0,0,9.0,10.0,"Developer, full-stack",0.0,"Hybrid (some in-person, leans heavy to flexibility)",Software Development,USA,4.0,2.0,131000.0,3.0,4.085976312551584
39.5,5.0,0,14.0,28.0,"Senior executive (C-suite, VP, etc.)",1.0,Remote,Software Development,PRT,8.0,6.0,139218.0,3.0,4.085976312551584
29.5,5.0,1,8.0,16.0,"Developer, full-stack",,,Software Development,NLD,5.0,3.0,41765.0,3.0,
29.5,4.0,0,12.0,16.0,"Architect, software or solutions",0.0,Remote,Software Development,IND,3.0,,120889.0,1.0,9.903487552536127
21.0,4.0,0,3.0,8.0,"Developer, desktop or enterprise applications",0.0,"Hybrid (some remote, leans heavy to in-person)",Software Development,GBR,7.0,1.0,44246.0,3.0,2.302585092994046
29.5,4.0,0,3.0,6.0,DevOps engineer or professional,0.0,"Hybrid (some remote, leans heavy to in-person)",Energy,CHE,7.0,3.0,130193.0,3.0,4.085976312551584
39.5,5.0,0,17.0,25.0,DevOps engineer or professional,0.0,Remote,Manufacturing,USA,8.0,4.0,200000.0,3.0,4.085976312551584
29.5,2.0,1,3.0,4.0,"Developer, front-end",,,Software Development,KEN,7.0,4.0,300000.0,1.0,0.0
49.5,4.0,0,27.0,20.0,Engineering manager,,"Hybrid (some in-person, leans heavy to flexibility)",Computer Systems Design and Services,GBR,8.0,3.0,174022.0,3.0,2.302585092994046
29.5,4.0,0,5.0,5.0,"Architect, software or solutions",1.0,Remote,Fintech,GHA,8.0,5.0,8121.0,1.0,2.302585092994046
59.5,4.0,0,30.0,40.0,"Developer, full-stack",0.0,Remote,Software Development,USA,6.0,3.0,300000.0,3.0,8.922591630635415
29.5,2.0,0,10.0,15.0,"Developer, back-end",0.0,Remote,Software Development,BGR,6.0,5.0,87011.0,3.0,4.085976312551584
49.5,2.0,0,27.0,27.0,"Developer, full-stack",0.0,Remote,Manufacturing,USA,5.0,1.0,112500.0,3.0,6.619406317542652
29.5,5.0,0,12.0,12.0,"Developer, full-stack",1.0,Remote,Manufacturing,USA,8.0,3.0,140000.0,3.0,5.702114417555504
29.5,2.0,0,9.0,9.0,"Developer, full-stack",0.0,Remote,Software Development,USA,7.0,2.0,230000.0,3.0,4.085976312551584
21.0,1.0,0,1.0,5.0,"Developer, full-stack",0.0,In-person,Software Development,POL,10.0,3.0,27836.0,3.0,5.702114417555504
29.5,4.0,0,12.0,14.0,"Developer, back-end",0.0,"Hybrid (some remote, leans heavy to in-person)",Fintech,BGR,5.0,2.0,41515.0,3.0,4.085976312551584
59.5,4.0,0,29.0,41.0,"Developer, desktop or enterprise applications",0.0,"Hybrid (some in-person, leans heavy to flexibility)",Software Development,EST,3.0,1.0,83857.0,3.0,5.702114417555504
29.5,2.0,1,9.0,13.0,"Architect, software or solutions",,,Software Development,ITA,3.0,2.0,81210.0,3.0,
21.0,4.0,0,4.0,8.0,"Developer, full-stack",0.0,Remote,Manufacturing,SVK,,,37867.0,3.0,2.302585092994046
39.5,1.0,0,8.0,15.0,"Developer, full-stack",0.0,"Your choice (very flexible, you can come in when you want or just as needed)",Software Development,USA,8.0,3.0,127000.0,3.0,5.702114417555504
39.5,6.0,0,11.0,12.0,"Developer, full-stack",0.0,"Hybrid (some remote, leans heavy to in-person)",Other:,FRA,6.0,5.0,61488.0,3.0,6.619406317542652
29.5,5.0,1,8.0,13.0,"Developer, full-stack",0.0,Remote,Software Development,MDG,5.0,3.0,3376.0,0.0,0.0
39.5,5.0,0,19.0,21.0,"Architect, software or solutions",1.0,Remote,Software Development,RUS,7.0,7.0,48000.0,3.0,4.085976312551584
29.5,4.0,1,11.0,15.0,"Developer, full-stack",0.0,Remote,Software Development,USA,4.0,3.0,48000.0,3.0,0.0
49.5,5.0,0,20.0,30.0,"Developer, full-stack",0.0,Remote,Software Development,BRA,,7.0,78000.0,2.0,4.085976312551584
49.5,5.0,0,23.0,22.0,"Senior executive (C-suite, VP, etc.)",1.0,"Hybrid (some remote, leans heavy to in-person)",Software Development,FRA,5.0,4.0,150819.0,3.0,5.702114417555504
39.5,5.0,0,12.0,12.0,"Developer, full-stack",0.0,"Your choice (very flexible, you can come in when you want or just as needed)",Banking/Financial Services,SRB,9.0,6.0,4950.0,2.0,4.085976312551584
29.5,5.0,0,6.0,10.0,"Developer, full-stack",0.0,"Your choice (very flexible, you can come in when you want or just as needed)",Healthcare,USA,6.0,4.0,91485.0,3.0,4.085976312551584
39.5,4.0,0,12.0,12.0,"Developer, back-end",0.0,"Hybrid (some remote, leans heavy to in-person)",Software Development,CAN,9.0,2.0,151753.0,3.0,9.903487552536127
39.5,5.0,0,14.0,19.0,"Developer, back-end",0.0,Remote,Media & Advertising Services,FRA,2.0,3.0,58007.0,3.0,4.085976312551584
21.0,4.0,0,5.0,10.0,"Developer, back-end",0.0,"Hybrid (some remote, leans heavy to in-person)",Other:,NLD,4.0,1.0,52207.0,3.0,4.085976312551584
29.5,4.0,0,8.0,12.0,"Developer, front-end",0.0,Remote,Software Development,IND,5.0,3.0,139488.0,1.0,5.702114417555504
29.5,5.0,0,4.0,6.0,"Developer, full-stack",0.0,"Hybrid (some remote, leans heavy to in-person)",Other:,FRA,4.0,5.0,43505.0,3.0,
39.5,4.0,0,18.0,29.0,"Developer, full-stack",0.0,"Your choice (very flexible, you can come in when you want or just as needed)",Fintech,NLD,4.0,3.0,121815.0,3.0,4.085976312551584
29.5,2.0,0,11.0,16.0,"Developer, full-stack",1.0,"Your choice (very flexible, you can come in when you want or just as needed)",Software Development,SWE,10.0,6.0,73375.0,3.0,4.085976312551584
39.5,5.0,0,12.0,17.0,DevOps engineer or professional,0.0,"Hybrid (some in-person, leans heavy to flexibility)",Manufacturing,FRA,4.0,2.0,75410.0,3.0,6.619406317542652
49.5,4.0,0,17.0,20.0,"Architect, software or solutions",0.0,"Hybrid (some in-person, leans heavy to flexibility)","Transportation, or Supply Chain",USA,7.0,2.0,120000.0,3.0,5.702114417555504
39.5,6.0,0,18.0,25.0,"Senior executive (C-suite, VP, etc.)",1.0,"Hybrid (some remote, leans heavy to in-person)",Software Development,SWE,5.0,3.0,78616.0,3.0,2.302585092994046
29.5,4.0,0,4.0,8.0,"Developer, embedded applications or devices",0.0,"Hybrid (some remote, leans heavy to in-person)",Computer Systems Design and Services,IND,3.0,,40684.0,1.0,9.903487552536127
29.5,4.0,0,6.0,10.0,"Developer, full-stack",0.0,Remote,Higher Education,USA,4.0,1.0,75000.0,3.0,6.619406317542652
29.5,5.0,0,9.0,13.0,"Developer, mobile",0.0,Remote,Software Development,USA,7.0,3.0,110000.0,3.0,2.302585092994046
49.5,6.0,0,19.0,20.0,"Developer, full-stack",0.0,"Hybrid (some remote, leans heavy to in-person)",Fintech,CHE,6.0,2.0,185989.0,3.0,5.702114417555504
29.5,4.0,1,8.0,6.0,"Developer, full-stack",0.0,Remote,Software Development,NOR,11.0,5.0,83200.0,3.0,2.302585092994046
29.5,4.0,0,5.0,10.0,"Developer, full-stack",0.0,"Your choice (very flexible, you can come in when you want or just as needed)",Software Development,USA,6.0,2.0,118000.0,3.0,4.085976312551584
39.5,4.0,0,15.0,17.0,"Developer, back-end",0.0,Remote,Software Development,ESP,4.0,4.0,40605.0,3.0,2.302585092994046
49.5,2.0,0,30.0,39.0,AI/ML engineer,0.0,Remote,Software Development,USA,13.0,4.0,215000.0,3.0,4.085976312551584
49.5,4.0,0,12.0,31.0,"Developer, full-stack",0.0,Remote,Media & Advertising Services,DEU,6.0,3.0,127616.0,3.0,0.0
21.0,4.0,1,3.0,3.0,"Developer, back-end",0.0,Remote,Software Development,UKR,8.0,5.0,23870.0,2.0,2.302585092994046
59.5,5.0,1,37.0,25.0,"Architect, software or solutions",,,Manufacturing,BEL,6.0,5.0,139218.0,3.0,
39.5,4.0,0,14.0,25.0,"Developer, full-stack",0.0,Remote,Software Development,DEU,2.0,1.0,81210.0,3.0,2.302585092994046
59.5,4.0,1,34.0,45.0,"Developer, desktop or enterprise applications",,,Software Development,USA,2.0,,150000.0,3.0,
29.5,5.0,0,10.0,20.0,"Developer, embedded applications or devices",0.0,"Hybrid (some remote, leans heavy to in-person)",Software Development,POL,7.0,,87328.0,3.0,9.903487552536127
29.5,4.0,0,10.0,14.0,"Developer, back-end",0.0,In-person,Fintech,MYS,6.0,7.0,28275.0,2.0,8.006200887093147
39.5,4.0,0,17.0,21.0,"Developer, back-end",0.0,Remote,Software Development,GBR,2.0,1.0,136141.0,3.0,4.085976312551584
39.5,4.0,0,21.0,15.0,"Senior executive (C-suite, VP, etc.)",1.0,Remote,Software Development,BEL,4.0,4.0,148499.0,3.0,8.006200887093147
29.5,4.0,0,11.0,20.0,"Developer, back-end",0.0,"Hybrid (some in-person, leans heavy to flexibility)",Software Development,ESP,4.0,2.0,63808.0,3.0,4.085976312551584
29.5,4.0,0,6.0,9.0,"Developer, full-stack",0.0,"Hybrid (some remote, leans heavy to in-person)",Government,USA,7.0,4.0,146329.0,3.0,8.006200887093147
39.5,4.0,0,22.0,22.0,"Architect, software or solutions",1.0,Remote,Banking/Financial Services,USA,5.0,1.0,180000.0,3.0,8.006200887093147
29.5,5.0,0,3.0,9.0,"Developer, full-stack",0.0,"Hybrid (some in-person, leans heavy to flexibility)",Software Development,GBR,7.0,3.0,64327.0,3.0,2.302585092994046
29.5,5.0,0,7.0,13.0,"Developer, full-stack",0.0,In-person,Other:,FRA,5.0,2.0,48726.0,3.0,4.085976312551584
39.5,4.0,0,12.0,20.0,Other (please specify):,0.0,"Hybrid (some in-person, leans heavy to flexibility)",Computer Systems Design and Services,DEU,8.0,2.0,104413.0,3.0,9.903487552536127
59.5,4.0,0,40.0,45.0,"Developer, desktop or enterprise applications",0.0,Remote,Software Development,GBR,1.0,,53095.0,3.0,8.006200887093147
29.5,5.0,0,2.0,4.0,AI/ML engineer,,In-person,Software Development,USA,13.0,9.0,500000.0,3.0,2.302585092994046
29.5,4.0,0,8.0,14.0,"Developer, full-stack",0.0,In-person,Software Development,USA,9.0,1.0,145000.0,3.0,4.085976312551584
59.5,4.0,0,30.0,25.0,"Developer, full-stack",0.0,"Hybrid (some remote, leans heavy to in-person)",Banking/Financial Services,NLD,6.0,,81210.0,3.0,8.006200887093147
29.5,4.0,0,10.0,14.0,"Developer, full-stack",0.0,"Hybrid (some remote, leans heavy to in-person)",Software Development,USA,10.0,3.0,200000.0,3.0,8.922591630635415
29.5,4.0,0,10.0,14.0,"Developer, back-end",0.0,"Your choice (very flexible, you can come in when you want or just as needed)",Other:,USA,3.0,3.0,200000.0,3.0,4.085976312551584
49.5,5.0,0,30.0,30.0,"Architect, software or solutions",1.0,Remote,Software Development,GBR,9.0,7.0,149756.0,3.0,5.702114417555504
39.5,4.0,0,16.0,20.0,"Developer, full-stack",0.0,"Your choice (very flexible, you can come in when you want or just as needed)",Software Development,USA,2.0,1.0,113000.0,3.0,4.085976312551584
29.5,5.0,0,5.0,15.0,"Architect, software or solutions",0.0,"Your choice (very flexible, you can come in when you want or just as needed)","Internet, Telecomm or Information Services",TUN,10.0,15.0,31114.0,1.0,5.702114417555504
49.5,2.0,1,35.0,42.0,"Founder, technology or otherwise",,,Other:,USA,12.0,3.0,175000.0,3.0,
39.5,4.0,1,14.0,14.0,"Architect, software or solutions",0.0,Remote,Software Development,ITA,7.0,3.0,58007.0,3.0,0.0
49.5,4.0,0,24.0,35.0,"Architect, software or solutions",0.0,"Your choice (very flexible, you can come in when you want or just as needed)",Software Development,USA,6.0,5.0,400000.0,3.0,6.619406317542652
39.5,4.0,0,7.0,11.0,"Developer, back-end",0.0,"Hybrid (some in-person, leans heavy to flexibility)",Media & Advertising Services,GBR,,4.0,119124.0,3.0,8.006200887093147
39.5,1.0,1,21.0,26.0,"Developer, desktop or enterprise applications",,,Software Development,IRL,2.0,,92812.0,3.0,
29.5,5.0,0,13.0,20.0,"Developer, back-end",0.0,"Your choice (very flexible, you can come in when you want or just as needed)",Media & Advertising Services,FRA,7.0,5.0,71929.0,3.0,5.702114417555504
39.5,4.0,1,22.0,30.0,"Developer, desktop or enterprise applications",,,Software Development,USA,3.0,,350000.0,3.0,
77.5,5.0,0,45.0,48.0,"Developer, back-end",0.0,"Hybrid (some remote, leans heavy to in-person)",Software Development,DEU,6.0,4.0,87011.0,3.0,9.903487552536127
39.5,2.0,0,20.0,30.0,"Developer, desktop or enterprise applications",0.0,"Hybrid (some in-person, leans heavy to flexibility)",Software Development,BRA,12.0,1.0,16383.0,2.0,6.619406317542652
49.5,4.0,0,25.0,35.0,Project manager,1.0,"Your choice (very flexible, you can come in when you want or just as needed)",Healthcare,GBR,9.0,,142949.0,3.0,8.922591630635415
21.0,3.0,0,4.0,8.0,"Developer, full-stack",0.0,Remote,Software Development,USA,5.0,,22000.0,3.0,6.619406317542652
59.5,4.0,1,36.0,40.0,"Developer, front-end",,,Software Development,USA,3.0,4.0,120000.0,3.0,
39.5,4.0,0,19.0,32.0,Support engineer or analyst,0.0,"Your choice (very flexible, you can come in when you want or just as needed)",Energy,USA,8.0,4.0,100000.0,3.0,5.702114417555504
21.0,1.0,0,4.0,8.0,DevOps engineer or professional,0.0,"Hybrid (some in-person, leans heavy to flexibility)",Software Development,DEU,8.0,2.0,48281.0,3.0,5.702114417555504
29.5,5.0,0,3.0,8.0,"Developer, embedded applications or devices",0.0,"Hybrid (some remote, leans heavy to in-person)",Manufacturing,IRL,10.0,4.0,34804.0,3.0,2.302585092994046
21.0,4.0,0,3.0,7.0,"Developer, full-stack",0.0,In-person,Software Development,USA,10.0,3.0,84000.0,3.0,4.085976312551584
49.5,6.0,1,28.0,28.0,"Architect, software or solutions",1.0,"Your choice (very flexible, you can come in when you want or just as needed)",Fintech,SRB,4.0,3.0,92812.0,2.0,2.302585092994046
49.5,2.0,0,25.0,25.0,"Senior executive (C-suite, VP, etc.)",0.0,Remote,Software Development,GBR,9.0,6.0,122527.0,3.0,4.085976312551584
29.5,4.0,0,12.0,18.0,"Architect, software or solutions",0.0,"Your choice (very flexible, you can come in when you want or just as needed)",Media & Advertising Services,IND,8.0,6.0,65000.0,1.0,8.922591630635415
29.5,5.0,0,16.0,20.0,"Developer, full-stack",0.0,Remote,Other:,UKR,11.0,3.0,8388.0,2.0,5.702114417555504
39.5,5.0,0,14.0,18.0,"Developer, back-end",0.0,"Hybrid (some remote, leans heavy to in-person)",Software Development,FRA,5.0,1.0,75410.0,3.0,8.006200887093147
39.5,2.0,0,16.0,18.0,"Architect, software or solutions",1.0,"Hybrid (some remote, leans heavy to in-person)",Software Development,DNK,7.0,6.0,186625.0,3.0,5.702114417555504
29.5,5.0,0,3.0,13.0,Cybersecurity or InfoSec professional,0.0,In-person,Software Development,USA,9.0,4.0,80000.0,3.0,4.085976312551584
29.5,4.0,0,8.0,8.0,"Developer, full-stack",,Remote,Other:,IND,,,18598.0,1.0,2.302585092994046
39.5,4.0,0,14.0,17.0,"Developer, QA or test",0.0,"Hybrid (some in-person, leans heavy to flexibility)",Computer Systems Design and Services,CZE,7.0,4.0,44933.0,3.0,5.702114417555504
49.5,3.0,1,15.0,28.0,Other (please specify):,0.0,Remote,Manufacturing,AUS,3.0,,39006.0,3.0,2.302585092994046
59.5,6.0,0,30.0,25.0,Academic researcher,0.0,"Your choice (very flexible, you can come in when you want or just as needed)",Higher Education,GBR,7.0,1.0,73516.0,3.0,8.006200887093147
39.5,5.0,0,15.0,20.0,"Developer, mobile",0.0,Remote,Software Development,USA,2.0,1.0,400000.0,3.0,9.903487552536127
29.5,4.0,0,5.0,13.0,DevOps engineer or professional,0.0,Remote,Software Development,USA,6.0,6.0,175000.0,3.0,5.702114417555504
39.5,4.0,0,16.0,20.0,DevOps engineer or professional,0.0,"Hybrid (some in-person, leans heavy to flexibility)",Energy,NLD,2.0,4.0,116015.0,3.0,8.006200887093147
49.5,6.0,0,12.0,25.0,"Developer, full-stack",0.0,"Your choice (very flexible, you can come in when you want or just as needed)",Software Development,EST,2.0,1.0,86315.0,3.0,5.702114417555504
29.5,4.0,0,6.0,10.0,"Developer, full-stack",1.0,"Your choice (very flexible, you can come in when you want or just as needed)",Other:,IDN,,,18674.0,2.0,5.702114417555504
21.0,4.0,0,3.0,3.0,"Developer, full-stack",0.0,In-person,Software Development,IND,1.0,3.0,6974.0,1.0,2.302585092994046
49.5,3.0,0,25.0,24.0,"Developer, full-stack",0.0,Remote,"Internet, Telecomm or Information Services",IRL,4.0,5.0,104413.0,3.0,9.903487552536127
39.5,5.0,0,14.0,22.0,"Developer, full-stack",0.0,"Hybrid (some in-person, leans heavy to flexibility)",Higher Education,USA,12.0,8.0,93000.0,3.0,8.006200887093147
21.0,4.0,0,5.0,13.0,"Architect, software or solutions",1.0,"Hybrid (some in-person, leans heavy to flexibility)","Transportation, or Supply Chain",HUN,18.0,7.0,43375.0,3.0,9.903487552536127
39.5,4.0,0,4.0,6.0,"Developer, back-end",0.0,"Hybrid (some in-person, leans heavy to flexibility)",Banking/Financial Services,BRA,7.0,,20024.0,2.0,9.903487552536127
39.5,5.0,0,15.0,20.0,"Developer, back-end",0.0,Remote,Banking/Financial Services,DEU,7.0,3.0,134577.0,3.0,6.619406317542652
39.5,3.0,0,25.0,30.0,"Developer, front-end",0.0,Remote,Software Development,HUN,6.0,,76340.0,3.0,5.702114417555504
29.5,4.0,1,10.0,14.0,Other (please specify):,,,Software Development,POL,6.0,4.0,13099.0,3.0,
39.5,4.0,1,16.0,25.0,"Architect, software or solutions",,,Government,CAN,7.0,3.0,109438.0,3.0,
39.5,4.0,0,13.0,18.0,"Developer, back-end",0.0,Remote,Energy,GBR,4.0,2.0,122527.0,3.0,4.085976312551584
49.5,6.0,0,7.0,9.0,"Developer, full-stack",0.0,"Hybrid (some in-person, leans heavy to flexibility)",Software Development,FIN,7.0,1.0,75410.0,3.0,4.085976312551584
39.5,5.0,0,19.0,10.0,"Developer, back-end",0.0,Remote,Other:,DEU,8.0,3.0,150819.0,3.0,6.619406317542652
29.5,2.0,0,15.0,17.0,"Developer, full-stack",0.0,Remote,"Internet, Telecomm or Information Services",USA,5.0,3.0,190000.0,3.0,4.085976312551584
39.5,1.0,0,23.0,22.0,"Developer, full-stack",1.0,"Your choice (very flexible, you can come in when you want or just as needed)",Software Development,ITA,5.0,3.0,38285.0,3.0,2.302585092994046
77.5,5.0,1,25.0,60.0,AI/ML engineer,0.0,Remote,Software Development,USA,3.0,,30000.0,3.0,2.302585092994046
49.5,4.0,0,20.0,35.0,"Developer, desktop or enterprise applications",0.0,In-person,Software Development,CAN,5.0,1.0,61483.0,3.0,5.702114417555504
29.5,5.0,1,10.0,10.0,AI/ML engineer,0.0,Remote,Higher Education,USA,,,200000.0,3.0,0.0
39.5,2.0,0,11.0,15.0,"Developer, QA or test",0.0,Remote,Software Development,ROU,4.0,,69609.0,3.0,6.619406317542652
39.5,2.0,0,23.0,29.0,"Developer, full-stack",0.0,"Hybrid (some remote, leans heavy to in-person)",Insurance,USA,8.0,3.0,130000.0,3.0,8.006200887093147
39.5,3.0,1,13.0,13.0,"Developer, mobile",0.0,Remote,Software Development,CAN,2.0,2.0,87550.0,3.0,0.0
29.5,3.0,0,16.0,13.0,"Developer, full-stack",0.0,"Your choice (very flexible, you can come in when you want or just as needed)",Government,GBR,8.0,3.0,51734.0,3.0,8.006200887093147
39.5,5.0,1,20.0,20.0,"Developer, full-stack",,"Your choice (very flexible, you can come in when you want or just as needed)",Software Development,IND,1.0,3.0,1162.0,1.0,0.0
29.5,1.0,1,11.0,14.0,"Developer, mobile",0.0,Remote,Software Development,CZE,9.0,,89867.0,3.0,4.085976312551584
29.5,1.0,0,7.0,15.0,"Developer, front-end",0.0,"Your choice (very flexible, you can come in when you want or just as needed)",Software Development,ITA,7.0,3.0,51046.0,3.0,5.702114417555504
29.5,4.0,0,12.0,16.0,"Developer, full-stack",0.0,Remote,Healthcare,USA,8.0,4.0,130000.0,3.0,4.085976312551584
49.5,5.0,0,4.0,4.0,DevOps engineer or professional,1.0,"Hybrid (some in-person, leans heavy to flexibility)",Computer Systems Design and Services,FRA,5.0,3.0,52207.0,3.0,4.085976312551584
59.5,5.0,0,35.0,35.0,"Developer, full-stack",0.0,"Hybrid (some in-person, leans heavy to flexibility)",Higher Education,DEU,6.0,3.0,96292.0,3.0,8.922591630635415
29.5,1.0,1,15.0,17.0,"Developer, full-stack",0.0,Remote,Software Development,BRA,5.0,3.0,200000.0,2.0,4.085976312551584
39.5,5.0,0,20.0,23.0,"Developer, embedded applications or devices",0.0,"Hybrid (some remote, leans heavy to in-person)",Software Development,ISR,7.0,,176485.0,3.0,9.903487552536127
39.5,5.0,0,10.0,13.0,"Developer, desktop or enterprise applications",0.0,"Hybrid (some remote, leans heavy to in-person)",Software Development,USA,3.0,,170000.0,3.0,9.903487552536127
29.5,4.0,0,5.0,15.0,"Developer, back-end",0.0,Remote,Healthcare,USA,1.0,1.0,170000.0,3.0,5.702114417555504
21.0,4.0,0,3.0,15.0,"Developer, back-end",0.0,"Hybrid (some in-person, leans heavy to flexibility)",Healthcare,CAN,6.0,2.0,72958.0,3.0,8.006200887093147
29.5,4.0,0,9.0,13.0,Other (please specify):,1.0,Remote,Other:,BRA,4.0,2.0,32767.0,2.0,2.302585092994046
29.5,5.0,1,15.0,16.0,"Developer, full-stack",,,Software Development,UKR,8.0,5.0,59916.0,2.0,
59.5,2.0,1,25.0,46.0,"Developer, full-stack",1.0,Remote,Software Development,USA,13.0,9.0,120000.0,3.0,0.0
29.5,4.0,0,7.0,8.0,"Developer, front-end",0.0,"Your choice (very flexible, you can come in when you want or just as needed)",Insurance,IND,3.0,,38359.0,1.0,6.619406317542652
39.5,4.0,0,14.0,18.0,Data engineer,0.0,Remote,Media & Advertising Services,BOL,5.0,5.0,71000.0,1.0,5.702114417555504
39.5,4.0,1,20.0,25.0,"Developer, back-end",0.0,Remote,"Transportation, or Supply Chain",BRA,10.0,8.0,60000.0,2.0,5.702114417555504
39.5,4.0,0,10.0,12.0,"Developer, back-end",0.0,Remote,Software Development,DEU,6.0,,76570.0,3.0,4.085976312551584
49.5,3.0,0,13.0,16.0,"Developer, front-end",0.0,Remote,Other:,USA,2.0,,172000.0,3.0,5.702114417555504
29.5,4.0,0,2.0,6.0,"Developer, embedded applications or devices",0.0,"Hybrid (some remote, leans heavy to in-person)",Computer Systems Design and Services,LKA,13.0,2.0,7793.0,2.0,8.006200887093147
39.5,2.0,1,12.0,15.0,"Developer, full-stack",,,Software Development,POL,,,109160.0,3.0,
29.5,2.0,0,8.0,12.0,"Developer, back-end",0.0,Remote,Fintech,BRA,,,40048.0,2.0,6.619406317542652
39.5,1.0,0,17.0,19.0,"Developer, desktop or enterprise applications",0.0,"Hybrid (some remote, leans heavy to in-person)",Other:,FRA,9.0,5.0,39445.0,3.0,2.302585092994046
77.5,5.0,0,47.0,50.0,"Developer, full-stack",0.0,"Your choice (very flexible, you can come in when you want or just as needed)",Software Development,USA,4.0,1.0,130000.0,3.0,0.0
49.5,5.0,0,30.0,42.0,Engineering manager,1.0,"Hybrid (some in-person, leans heavy to flexibility)",Other:,GBR,6.0,,145671.0,3.0,4.085976312551584
39.5,6.0,0,20.0,27.0,"Developer, full-stack",0.0,In-person,Higher Education,USA,6.0,7.0,78000.0,3.0,9.903487552536127
21.0,4.0,0,3.0,9.0,"Developer, full-stack",1.0,"Hybrid (some remote, leans heavy to in-person)",Software Development,CAN,9.0,1.0,70332.0,3.0,5.702114417555504
29.5,2.0,0,8.0,10.0,"Developer, full-stack",0.0,"Hybrid (some remote, leans heavy to in-person)",Higher Education,USA,5.0,2.0,127000.0,3.0,6.619406317542652
39.5,4.0,0,16.0,25.0,"Developer, full-stack",0.0,"Hybrid (some in-person, leans heavy to flexibility)",Software Development,GBR,8.0,8.0,81685.0,3.0,4.085976312551584
39.5,5.0,0,12.0,17.0,"Developer, full-stack",0.0,"Your choice (very flexible, you can come in when you want or just as needed)",Healthcare,DEU,4.0,5.0,77730.0,3.0,9.903487552536127
39.5,4.0,0,8.0,13.0,"Developer, full-stack",0.0,In-person,Software Development,USA,8.0,3.0,130000.0,3.0,5.702114417555504
29.5,5.0,0,5.0,12.0,"Developer, full-stack",0.0,Remote,Software Development,IND,9.0,2.0,13949.0,1.0,9.903487552536127
29.5,4.0,1,6.0,7.0,"Developer, back-end",,,Software Development,BRA,6.0,6.0,14927.0,2.0,
39.5,4.0,1,25.0,30.0,"Developer, full-stack",,,Software Development,USA,13.0,6.0,300000.0,3.0,
29.5,4.0,0,,,Other (please specify):,0.0,"Hybrid (some in-person, leans heavy to flexibility)",Other:,CHE,8.0,5.0,131432.0,3.0,4.085976312551584
39.5,6.0,1,10.0,15.0,AI/ML engineer,1.0,Remote,Other:,ARG,4.0,3.0,100000.0,2.0,2.302585092994046
29.5,4.0,0,6.0,5.0,"Developer, full-stack",0.0,"Hybrid (some remote, leans heavy to in-person)",Software Development,DEU,8.0,3.0,106733.0,3.0,5.702114417555504
29.5,4.0,0,6.0,8.0,"Developer, full-stack",0.0,Remote,Software Development,PRY,3.0,1.0,26322.0,2.0,4.085976312551584
29.5,4.0,0,1.0,4.0,"Developer, desktop or enterprise applications",0.0,"Hybrid (some remote, leans heavy to in-person)",Manufacturing,DEU,1.0,,58007.0,3.0,8.006200887093147
39.5,4.0,0,15.0,20.0,"Developer, back-end",0.0,"Hybrid (some in-person, leans heavy to flexibility)",Fintech,ISR,6.0,2.0,147071.0,3.0,
39.5,5.0,0,15.0,22.0,"Developer, back-end",0.0,"Hybrid (some in-person, leans heavy to flexibility)",Software Development,UKR,9.0,5.0,40743.0,2.0,9.903487552536127
29.5,5.0,0,8.0,14.0,"Developer, full-stack",0.0,"Hybrid (some remote, leans heavy to in-person)","Transportation, or Supply Chain",DEU,4.0,2.0,91652.0,3.0,4.085976312551584
29.5,4.0,0,3.0,5.0,"Developer, embedded applications or devices",0.0,In-person,Software Development,SWE,,,58700.0,3.0,5.702114417555504
39.5,2.0,1,10.0,22.0,"Architect, software or solutions",,,Energy,DEU,6.0,6.0,232029.0,3.0,
39.5,4.0,0,15.0,23.0,"Developer, full-stack",0.0,In-person,Software Development,NLD,4.0,3.0,69764.0,3.0,4.085976312551584
29.5,5.0,0,4.0,12.0,"Developer, back-end",0.0,In-person,Software Development,CHN,6.0,5.0,27857.0,2.0,4.085976312551584
39.5,4.0,0,18.0,22.0,"Developer, full-stack",0.0,"Hybrid (some remote, leans heavy to in-person)",Software Development,USA,8.0,1.0,545000.0,3.0,9.903487552536127
29.5,4.0,0,5.0,6.0,"Developer, front-end",0.0,Remote,Software Development,USA,5.0,2.0,120000.0,3.0,2.302585092994046
39.5,4.0,0,11.0,22.0,Other (please specify):,0.0,In-person,"Internet, Telecomm or Information Services",DEU,5.0,,122976.0,3.0,9.903487552536127
39.5,4.0,0,12.0,12.0,"Developer, full-stack",0.0,Remote,Software Development,HUN,7.0,6.0,104100.0,3.0,4.085976312551584
49.5,5.0,0,23.0,27.0,"Developer, full-stack",0.0,"Hybrid (some in-person, leans heavy to flexibility)",Higher Education,USA,4.0,1.0,151053.0,3.0,4.085976312551584
39.5,2.0,0,20.0,27.0,DevOps engineer or professional,0.0,"Your choice (very flexible, you can come in when you want or just as needed)",Healthcare,USA,14.0,3.0,165000.0,3.0,5.702114417555504
21.0,4.0,0,3.0,8.0,"Developer, back-end",0.0,In-person,Software Development,USA,11.0,3.0,112000.0,3.0,8.006200887093147
39.5,5.0,0,18.0,22.0,"Developer, full-stack",0.0,Remote,Software Development,USA,3.0,2.0,169000.0,3.0,8.006200887093147
39.5,5.0,0,15.0,19.0,Engineering manager,1.0,Remote,Other:,CAN,10.0,5.0,100464.0,3.0,4.085976312551584
21.0,2.0,1,6.0,11.0,"Founder, technology or otherwise",,,Other:,FRA,9.0,3.0,11601.0,3.0,
59.5,6.0,1,40.0,43.0,"Developer, full-stack",1.0,In-person,Software Development,NLD,6.0,3.0,174022.0,3.0,5.702114417555504
39.5,5.0,0,18.0,18.0,"Developer, full-stack",0.0,"Hybrid (some in-person, leans heavy to flexibility)",Other:,CHE,5.0,4.0,161191.0,3.0,5.702114417555504
29.5,5.0,0,12.0,14.0,"Developer, back-end",0.0,"Hybrid (some in-person, leans heavy to flexibility)",Software Development,FRA,6.0,3.0,71929.0,3.0,5.702114417555504
49.5,4.0,0,23.0,30.0,"Developer, back-end",0.0,Remote,Software Development,USA,8.0,8.0,330000.0,3.0,9.903487552536127
39.5,4.0,0,12.0,19.0,"Architect, software or solutions",0.0,"Your choice (very flexible, you can come in when you want or just as needed)",Software Development,DNK,8.0,3.0,124416.0,3.0,5.702114417555504
49.5,2.0,1,27.0,37.0,"Developer, back-end",,,Software Development,USA,5.0,4.0,150000.0,3.0,
39.5,6.0,0,12.0,25.0,"Developer, back-end",0.0,"Your choice (very flexible, you can come in when you want or just as needed)",Software Development,DEU,4.0,6.0,99193.0,3.0,5.702114417555504
39.5,4.0,0,25.0,35.0,AI/ML engineer,0.0,Remote,Software Development,USA,8.0,3.0,200000.0,3.0,2.302585092994046
39.5,5.0,0,19.0,25.0,"Developer, full-stack",0.0,"Your choice (very flexible, you can come in when you want or just as needed)",Healthcare,USA,1.0,1.0,160000.0,3.0,9.903487552536127
29.5,4.0,0,8.0,10.0,"Developer, full-stack",0.0,"Hybrid (some remote, leans heavy to in-person)",Government,USA,4.0,2.0,74900.0,3.0,5.702114417555504
49.5,5.0,0,25.0,27.0,"Developer, back-end",0.0,"Your choice (very flexible, you can come in when you want or just as needed)",Software Development,FRA,6.0,4.0,83531.0,3.0,4.085976312551584
39.5,4.0,0,20.0,25.0,"Developer, full-stack",0.0,"Hybrid (some in-person, leans heavy to flexibility)",Software Development,NLD,4.0,1.0,75410.0,3.0,2.302585092994046
39.5,6.0,0,19.0,30.0,"Senior executive (C-suite, VP, etc.)",1.0,"Your choice (very flexible, you can come in when you want or just as needed)",Fintech,USA,4.0,5.0,500000.0,3.0,8.006200887093147
29.5,4.0,0,4.0,6.0,"Developer, full-stack",0.0,"Hybrid (some in-person, leans heavy to flexibility)",Other:,USA,6.0,,138000.0,3.0,8.006200887093147
39.5,2.0,0,10.0,18.0,"Developer, back-end",0.0,"Hybrid (some remote, leans heavy to in-person)",Government,CAN,6.0,1.0,43775.0,3.0,8.006200887093147
29.5,5.0,0,3.0,7.0,AI/ML engineer,0.0,"Hybrid (some in-person, leans heavy to flexibility)",Software Development,GBR,4.0,2.0,69432.0,3.0,5.702114417555504
29.5,4.0,0,6.0,10.0,"Developer, full-stack",0.0,Remote,Software Development,BRA,5.0,3.0,80824.0,2.0,4.085976312551584
39.5,2.0,0,18.0,17.0,"Developer, front-end",0.0,Remote,"Transportation, or Supply Chain",HUN,9.0,,58990.0,3.0,5.702114417555504
39.5,2.0,0,18.0,20.0,"Developer, full-stack",0.0,"Your choice (very flexible, you can come in when you want or just as needed)",Software Development,USA,4.0,1.0,450000.0,3.0,9.903487552536127
39.5,5.0,0,15.0,20.0,"Developer, back-end",0.0,"Your choice (very flexible, you can come in when you want or just as needed)",Software Development,AUT,6.0,2.0,97452.0,3.0,4.085976312551584
29.5,4.0,0,11.0,15.0,"Developer, full-stack",0.0,In-person,Fintech,CAN,8.0,6.0,94846.0,3.0,4.085976312551584
29.5,4.0,0,4.0,12.0,"Developer, back-end",0.0,Remote,Software Development,ESP,8.0,8.0,37125.0,3.0,2.302585092994046
49.5,4.0,0,39.0,36.0,"Architect, software or solutions",0.0,"Hybrid (some remote, leans heavy to in-person)",Banking/Financial Services,PRT,2.0,1.0,48146.0,3.0,9.903487552536127
39.5,4.0,0,22.0,22.0,"Architect, software or solutions",1.0,"Your choice (very flexible, you can come in when you want or just as needed)",Software Development,ROU,5.0,6.0,91899.0,3.0,4.085976312551584
39.5,2.0,0,12.0,14.0,"Developer, full-stack",1.0,"Hybrid (some remote, leans heavy to in-person)",Other:,USA,3.0,4.0,196000.0,3.0,8.006200887093147
21.0,4.0,0,8.0,8.0,"Developer, full-stack",0.0,"Hybrid (some in-person, leans heavy to flexibility)",Software Development,RWA,,,4000.0,0.0,2.302585092994046
39.5,2.0,0,15.0,15.0,"Developer, full-stack",0.0,"Hybrid (some remote, leans heavy to in-person)",Insurance,GBR,,,112997.0,3.0,5.702114417555504
39.5,4.0,0,11.0,12.0,Data scientist,1.0,"Hybrid (some remote, leans heavy to in-person)",Insurance,ZAF,5.0,2.0,67204.0,2.0,9.903487552536127
49.5,4.0,0,25.0,30.0,"Developer, full-stack",1.0,"Hybrid (some in-person, leans heavy to flexibility)",Software Development,USA,7.0,3.0,240000.0,3.0,2.302585092994046
39.5,4.0,0,16.0,18.0,"Developer, back-end",0.0,"Your choice (very flexible, you can come in when you want or just as needed)",Software Development,DEU,5.0,4.0,76570.0,3.0,5.702114417555504
49.5,4.0,0,26.0,40.0,"Developer, full-stack",1.0,Remote,Fintech,CAN,8.0,3.0,87550.0,3.0,6.619406317542652
39.5,5.0,0,12.0,36.0,"Developer, full-stack",,In-person,Software Development,DEU,1.0,1.0,58007.0,3.0,2.302585092994046
39.5,5.0,0,15.0,27.0,"Developer, desktop or enterprise applications",0.0,In-person,Software Development,DEU,4.0,,324841.0,3.0,9.903487552536127
49.5,5.0,0,21.0,30.0,DevOps engineer or professional,1.0,"Hybrid (some in-person, leans heavy to flexibility)",Banking/Financial Services,MEX,4.0,7.0,53692.0,2.0,6.619406317542652
29.5,4.0,1,10.0,15.0,"Architect, software or solutions",,,Software Development,POL,6.0,9.0,150095.0,3.0,
29.5,4.0,1,10.0,19.0,"Developer, full-stack",,,Software Development,RUS,5.0,6.0,46000.0,3.0,
49.5,2.0,0,20.0,25.0,"Developer, full-stack",0.0,"Your choice (very flexible, you can come in when you want or just as needed)",Media & Advertising Services,GRC,9.0,6.0,46406.0,3.0,6.619406317542652
39.5,2.0,1,8.0,12.0,"Developer, full-stack",,,Manufacturing,USA,7.0,7.0,100000.0,3.0,
29.5,3.0,0,10.0,14.0,"Developer, mobile",0.0,"Hybrid (some in-person, leans heavy to flexibility)",Software Development,BRA,2.0,1.0,37682.0,2.0,5.702114417555504
39.5,4.0,0,11.0,18.0,"Developer, desktop or enterprise applications",0.0,"Hybrid (some remote, leans heavy to in-person)",Retail and Consumer Services,USA,5.0,1.0,72500.0,3.0,5.702114417555504
29.5,4.0,0,3.0,18.0,AI/ML engineer,0.0,"Hybrid (some in-person, leans heavy to flexibility)",Software Development,IND,5.0,6.0,7556.0,1.0,9.903487552536127
29.5,4.0,0,12.0,18.0,"Developer, back-end",0.0,"Hybrid (some in-person, leans heavy to flexibility)",Fintech,GBR,2.0,3.0,190598.0,3.0,8.006200887093147
39.5,6.0,1,10.0,23.0,"Developer, full-stack",,,Software Development,DEU,10.0,7.0,75410.0,3.0,
39.5,5.0,0,8.0,20.0,"Developer, full-stack",1.0,"Hybrid (some remote, leans heavy to in-person)",Software Development,FRA,4.0,4.0,46406.0,3.0,2.302585092994046
39.5,1.0,0,10.0,18.0,"Developer, back-end",0.0,"Hybrid (some in-person, leans heavy to flexibility)",Software Development,EST,6.0,4.0,69609.0,3.0,4.085976312551584
21.0,4.0,0,2.0,10.0,"Developer, game or graphics",0.0,"Hybrid (some in-person, leans heavy to flexibility)",Other:,GBR,10.0,,70113.0,3.0,4.085976312551584
21.0,4.0,0,1.0,6.0,"Developer, back-end",0.0,In-person,Software Development,IND,2.0,7.0,7556.0,1.0,8.006200887093147
29.5,1.0,1,8.0,18.0,Other (please specify):,,,Media & Advertising Services,CZE,5.0,,197225.0,3.0,
39.5,4.0,0,12.0,20.0,"Developer, back-end",0.0,Remote,Software Development,CHL,4.0,3.0,118754.0,3.0,4.085976312551584
59.5,4.0,0,37.0,41.0,"Developer, front-end",0.0,Remote,Other:,USA,,,150000.0,3.0,9.903487552536127
49.5,2.0,0,24.0,33.0,"Developer, full-stack",0.0,Remote,Higher Education,USA,7.0,3.0,163000.0,3.0,9.903487552536127
29.5,5.0,0,6.0,12.0,"Developer, full-stack",0.0,"Hybrid (some in-person, leans heavy to flexibility)","Transportation, or Supply Chain",DEU,6.0,7.0,80050.0,3.0,5.702114417555504
29.5,5.0,0,5.0,11.0,"Developer, full-stack",0.0,"Hybrid (some remote, leans heavy to in-person)",Fintech,GBR,8.0,4.0,102106.0,3.0,9.903487552536127
49.5,4.0,0,35.0,45.0,Engineering manager,,,Banking/Financial Services,GBR,9.0,8.0,748778.0,3.0,8.006200887093147
39.5,5.0,0,14.0,16.0,DevOps engineer or professional,0.0,"Hybrid (some in-person, leans heavy to flexibility)",Higher Education,FRA,11.0,5.0,69609.0,3.0,4.085976312551584
29.5,5.0,0,6.0,13.0,"Developer, mobile",0.0,In-person,Fintech,NOR,3.0,1.0,96554.0,3.0,9.903487552536127
21.0,4.0,0,,13.0,"Developer, back-end",0.0,Remote,Software Development,BRA,13.0,1.0,27306.0,2.0,4.085976312551584
49.5,6.0,0,20.0,20.0,"Developer, full-stack",0.0,"Hybrid (some in-person, leans heavy to flexibility)",Software Development,CAN,1.0,2.0,102142.0,3.0,2.302585092994046
29.5,5.0,0,10.0,15.0,"Developer, desktop or enterprise applications",0.0,Remote,Software Development,BIH,5.0,3.0,94933.0,2.0,5.702114417555504
39.5,5.0,0,15.0,20.0,"Developer, embedded applications or devices",0.0,Remote,Other:,USA,5.0,,250000.0,3.0,5.702114417555504
39.5,6.0,0,22.0,25.0,Engineering manager,1.0,"Hybrid (some remote, leans heavy to in-person)",Healthcare,USA,9.0,1.0,234000.0,3.0,8.922591630635415
21.0,4.0,0,4.0,8.0,System administrator,0.0,In-person,Retail and Consumer Services,POL,8.0,,32748.0,3.0,2.302585092994046
39.5,4.0,0,13.0,22.0,"Developer, full-stack",0.0,In-person,Retail and Consumer Services,USA,5.0,2.0,83200.0,3.0,4.085976312551584
49.5,5.0,0,30.0,40.0,"Developer, mobile",0.0,"Hybrid (some in-person, leans heavy to flexibility)",Fintech,GBR,2.0,,147033.0,3.0,5.702114417555504
39.5,2.0,0,20.0,28.0,"Architect, software or solutions",1.0,Remote,Software Development,USA,10.0,2.0,150000.0,3.0,5.702114417555504
49.5,,1,15.0,8.0,"Developer, full-stack",0.0,Remote,Software Development,LKA,,,4000.0,2.0,0.0
29.5,2.0,0,12.0,15.0,"Developer, back-end",0.0,Remote,Software Development,USA,6.0,,350000.0,3.0,9.903487552536127
59.5,2.0,1,25.0,35.0,DevOps engineer or professional,,,Government,AUS,9.0,4.0,162523.0,3.0,
39.5,5.0,0,15.0,35.0,"Developer, back-end",0.0,"Hybrid (some remote, leans heavy to in-person)","Internet, Telecomm or Information Services",AUS,7.0,3.0,91013.0,3.0,5.702114417555504
29.5,4.0,0,4.0,7.0,"Developer, full-stack",0.0,In-person,Retail and Consumer Services,MEX,5.0,3.0,13949.0,2.0,9.903487552536127
39.5,5.0,1,19.0,19.0,"Developer, AI apps or physical AI",1.0,Remote,Software Development,SRB,15.0,6.0,116015.0,2.0,4.085976312551584
39.5,3.0,0,5.0,9.0,"Developer, full-stack",0.0,Remote,"Transportation, or Supply Chain",USA,7.0,4.0,95000.0,3.0,8.006200887093147
49.5,4.0,1,18.0,18.0,"Developer, back-end",,,Software Development,IRN,5.0,4.0,50000.0,2.0,
29.5,4.0,1,4.0,5.0,"Developer, full-stack",0.0,Remote,Software Development,FIN,7.0,2.0,87011.0,3.0,0.0
29.5,4.0,0,8.0,10.0,"Developer, full-stack",0.0,Remote,"Internet, Telecomm or Information Services",USA,5.0,3.0,180000.0,3.0,5.702114417555504
29.5,4.0,0,13.0,15.0,"Developer, mobile",0.0,Remote,Other:,USA,1.0,,129000.0,3.0,4.085976312551584
49.5,4.0,1,27.0,40.0,"Senior executive (C-suite, VP, etc.)",,,Higher Education,USA,6.0,3.0,62000.0,3.0,
39.5,4.0,0,22.0,24.0,"Developer, full-stack",0.0,Remote,Healthcare,USA,4.0,3.0,163000.0,3.0,9.903487552536127
29.5,2.0,1,7.0,8.0,"Developer, mobile",,,"Transportation, or Supply Chain",BEL,9.0,,142698.0,3.0,
49.5,4.0,0,24.0,30.0,"Developer, full-stack",1.0,In-person,Software Development,GBR,8.0,1.0,88492.0,3.0,4.085976312551584
39.5,5.0,0,15.0,15.0,"Developer, full-stack",1.0,"Hybrid (some in-person, leans heavy to flexibility)",Government,BRA,6.0,1.0,21844.0,2.0,8.006200887093147
39.5,4.0,0,15.0,20.0,"Developer, full-stack",0.0,"Hybrid (some remote, leans heavy to in-person)",Software Development,AUS,6.0,3.0,71510.0,3.0,2.302585092994046
29.5,4.0,0,10.0,15.0,AI/ML engineer,0.0,Remote,Healthcare,USA,2.0,2.0,250000.0,3.0,5.702114417555504
29.5,,0,10.0,15.0,"Developer, full-stack",0.0,"Hybrid (some in-person, leans heavy to flexibility)",Software Development,AUS,10.0,2.0,63059.0,3.0,2.302585092994046
49.5,5.0,0,20.0,23.0,Engineering manager,1.0,Remote,Software Development,DEU,6.0,8.0,150818.0,3.0,8.006200887093147
29.5,4.0,0,10.0,13.0,"Developer, back-end",0.0,"Hybrid (some in-person, leans heavy to flexibility)",Banking/Financial Services,USA,8.0,4.0,210000.0,3.0,8.006200887093147
39.5,6.0,0,15.0,18.0,Academic researcher,0.0,"Hybrid (some remote, leans heavy to in-person)",Software Development,USA,18.0,14.0,235000.0,3.0,9.903487552536127
29.5,3.0,0,8.0,10.0,"Developer, full-stack",0.0,"Your choice (very flexible, you can come in when you want or just as needed)",Software Development,URY,3.0,,80000.0,3.0,4.085976312551584
49.5,6.0,0,20.0,30.0,"Senior executive (C-suite, VP, etc.)",1.0,"Your choice (very flexible, you can come in when you want or just as needed)",Software Development,FRA,7.0,4.0,89183.0,3.0,4.085976312551584
21.0,4.0,0,1.0,7.0,"Developer, desktop or enterprise applications",0.0,"Hybrid (some remote, leans heavy to in-person)",Software Development,USA,9.0,4.0,81000.0,3.0,8.922591630635415
21.0,4.0,0,4.0,8.0,"Developer, full-stack",0.0,Remote,Manufacturing,COL,7.0,5.0,10901.0,2.0,4.085976312551584
39.5,1.0,1,25.0,30.0,"Developer, back-end",,,Software Development,DEU,6.0,4.0,81210.0,3.0,
39.5,4.0,0,14.0,31.0,Engineering manager,1.0,"Hybrid (some in-person, leans heavy to flexibility)",Software Development,ISR,9.0,4.0,147071.0,3.0,9.903487552536127
49.5,4.0,0,25.0,26.0,"Developer, full-stack",0.0,"Hybrid (some in-person, leans heavy to flexibility)",Software Development,AUS,8.0,2.0,162523.0,3.0,8.006200887093147
29.5,5.0,0,11.0,17.0,"Architect, software or solutions",0.0,"Your choice (very flexible, you can come in when you want or just as needed)",Software Development,PRT,5.0,8.0,232029.0,3.0,4.085976312551584
29.5,4.0,0,10.0,16.0,Other (please specify):,1.0,"Hybrid (some in-person, leans heavy to flexibility)",Energy,BRA,5.0,2.0,72815.0,2.0,5.702114417555504
59.5,5.0,0,34.0,45.0,"Developer, full-stack",0.0,Remote,Government,USA,8.0,2.0,187500.0,3.0,9.903487552536127
49.5,4.0,0,20.0,25.0,"Developer, desktop or enterprise applications",0.0,"Hybrid (some in-person, leans heavy to flexibility)",Software Development,,5.0,2.0,50829.0,,9.903487552536127
49.5,,0,28.0,39.0,AI/ML engineer,0.0,Remote,Software Development,NZL,8.0,5.0,96377.0,3.0,5.702114417555504
39.5,4.0,1,8.0,9.0,"Developer, mobile",,,Other:,USA,2.0,2.0,250000.0,3.0,
39.5,5.0,1,3.0,4.0,"Developer, front-end",,,Software Development,UKR,1.0,1.0,14322.0,2.0,
39.5,6.0,1,15.0,30.0,"Developer, full-stack",,,Software Development,DEU,7.0,10.0,116015.0,3.0,
39.5,5.0,0,18.0,15.0,"Developer, QA or test",0.0,Remote,Software Development,USA,9.0,5.0,200000.0,3.0,6.619406317542652
39.5,4.0,0,17.0,20.0,"Developer, embedded applications or devices",0.0,"Hybrid (some remote, leans heavy to in-person)",Manufacturing,CHE,6.0,,161191.0,3.0,9.903487552536127
29.5,4.0,0,15.0,16.0,"Developer, back-end",0.0,"Hybrid (some remote, leans heavy to in-person)",,USA,12.0,3.0,174000.0,3.0,9.903487552536127
29.5,3.0,1,7.0,11.0,"Developer, full-stack",,,Government,CAN,7.0,1.0,104330.0,3.0,
29.5,4.0,0,12.0,15.0,"Developer, back-end",0.0,Remote,"Internet, Telecomm or Information Services",USA,5.0,4.0,145144.0,3.0,9.903487552536127
59.5,5.0,0,40.0,40.0,"Developer, desktop or enterprise applications",0.0,In-person,Software Development,USA,9.0,5.0,160000.0,3.0,8.006200887093147
39.5,4.0,0,10.0,12.0,"Developer, full-stack",0.0,Remote,Other:,USA,5.0,3.0,225000.0,3.0,6.619406317542652
39.5,5.0,0,16.0,17.0,AI/ML engineer,0.0,"Hybrid (some remote, leans heavy to in-person)",Software Development,CAN,4.0,1.0,131325.0,3.0,4.085976312551584
29.5,4.0,0,9.0,13.0,"Developer, full-stack",0.0,"Hybrid (some in-person, leans heavy to flexibility)",Software Development,NZL,7.0,4.0,66259.0,3.0,4.085976312551584
77.5,4.0,0,40.0,43.0,"Developer, back-end",0.0,"Hybrid (some remote, leans heavy to in-person)",Banking/Financial Services,USA,6.0,3.0,140000.0,3.0,5.702114417555504
29.5,5.0,0,10.0,15.0,"Developer, full-stack",0.0,Remote,Software Development,IND,7.0,4.0,6974.0,1.0,4.085976312551584
29.5,5.0,0,17.0,18.0,Cybersecurity or InfoSec professional,0.0,Remote,Software Development,USA,10.0,6.0,285000.0,3.0,2.302585092994046
39.5,4.0,1,14.0,23.0,"Developer, full-stack",,,"Internet, Telecomm or Information Services",AUS,10.0,5.0,58508.0,3.0,
49.5,2.0,0,28.0,38.0,"Developer, full-stack",0.0,Remote,Government,AUS,9.0,2.0,74761.0,3.0,6.619406317542652
49.5,4.0,0,25.0,16.0,DevOps engineer or professional,0.0,Remote,Government,CAN,6.0,2.0,75877.0,3.0,9.903487552536127
49.5,2.0,0,26.0,30.0,"Architect, software or solutions",0.0,Remote,Healthcare,USA,12.0,3.0,157000.0,3.0,8.006200887093147
39.5,2.0,0,19.0,5.0,"Developer, full-stack",0.0,Remote,Software Development,USA,6.0,,108000.0,3.0,5.702114417555504
29.5,4.0,0,6.0,9.0,DevOps engineer or professional,0.0,"Hybrid (some in-person, leans heavy to flexibility)",Energy,USA,7.0,3.0,185000.0,3.0,8.922591630635415
39.5,5.0,0,8.0,14.0,AI/ML engineer,0.0,"Hybrid (some in-person, leans heavy to flexibility)",Fintech,ZAF,12.0,13.0,84568.0,2.0,9.903487552536127
29.5,5.0,0,8.0,12.0,Cybersecurity or InfoSec professional,0.0,Remote,Software Development,USA,3.0,1.0,200000.0,3.0,5.702114417555504
39.5,2.0,0,12.0,23.0,"Developer, back-end",0.0,Remote,Software Development,AUS,8.0,4.0,91013.0,3.0,4.085976312551584
39.5,4.0,0,13.0,19.0,"Developer, full-stack",0.0,Remote,Higher Education,USA,7.0,5.0,92000.0,3.0,4.085976312551584
49.5,5.0,0,22.0,35.0,"Developer, back-end",0.0,"Hybrid (some in-person, leans heavy to flexibility)",Banking/Financial Services,CHE,16.0,9.0,185989.0,3.0,8.006200887093147
29.5,4.0,0,4.0,4.0,"Developer, back-end",0.0,"Hybrid (some remote, leans heavy to in-person)",Software Development,,5.0,8.0,27109.0,,8.922591630635415
39.5,5.0,0,8.0,12.0,"Developer, full-stack",0.0,"Hybrid (some remote, leans heavy to in-person)",Software Development,SWE,4.0,1.0,70440.0,3.0,5.702114417555504
39.5,4.0,0,9.0,10.0,"Developer, back-end",0.0,Remote,Software Development,USA,5.0,2.0,101000.0,3.0,4.085976312551584
59.5,4.0,0,40.0,30.0,Engineering manager,1.0,"Hybrid (some remote, leans heavy to in-person)",Fintech,AUS,6.0,1.0,104015.0,3.0,8.006200887093147
29.5,4.0,0,12.0,12.0,"Developer, back-end",0.0,Remote,Software Development,USA,5.0,5.0,260000.0,3.0,5.702114417555504
29.5,5.0,0,10.0,15.0,"Developer, full-stack",0.0,Remote,Software Development,IDN,3.0,3.0,1011.0,2.0,4.085976312551584
49.5,4.0,0,30.0,40.0,"Developer, front-end",0.0,Remote,Media & Advertising Services,USA,3.0,,80000.0,3.0,5.702114417555504
29.5,1.0,0,3.0,4.0,"Developer, back-end",0.0,"Hybrid (some remote, leans heavy to in-person)",Software Development,CZE,4.0,4.0,35104.0,3.0,5.702114417555504
39.5,1.0,0,19.0,20.0,"Developer, back-end",0.0,Remote,Energy,GBR,,,176984.0,3.0,4.085976312551584
49.5,5.0,0,26.0,30.0,"Architect, software or solutions",0.0,Remote,Software Development,USA,14.0,6.0,260000.0,3.0,9.903487552536127
49.5,5.0,1,25.0,27.0,"Developer, back-end",,,Software Development,ITA,3.0,2.0,197225.0,3.0,
39.5,4.0,0,10.0,12.0,"Architect, software or solutions",0.0,Remote,Software Development,EGY,3.0,1.0,52903.0,1.0,4.085976312551584
29.5,4.0,0,5.0,9.0,"Developer, full-stack",0.0,Remote,Software Development,UKR,8.0,2.0,37867.0,2.0,6.619406317542652
39.5,5.0,0,21.0,20.0,"Developer, back-end",0.0,"Hybrid (some remote, leans heavy to in-person)",Retail and Consumer Services,ARE,2.0,2.0,136149.0,3.0,8.006200887093147
49.5,5.0,0,25.0,30.0,AI/ML engineer,1.0,Remote,Fintech,USA,4.0,11.0,300000.0,3.0,9.903487552536127
39.5,2.0,0,15.0,15.0,DevOps engineer or professional,0.0,"Hybrid (some in-person, leans heavy to flexibility)","Internet, Telecomm or Information Services",USA,10.0,9.0,400000.0,3.0,8.922591630635415
29.5,2.0,0,17.0,15.0,"Developer, full-stack",0.0,"Hybrid (some remote, leans heavy to in-person)",Insurance,NLD,9.0,3.0,63808.0,3.0,6.619406317542652
39.5,4.0,0,20.0,33.0,"Developer, back-end",0.0,Remote,Fintech,GBR,8.0,6.0,129334.0,3.0,5.702114417555504
29.5,5.0,0,2.0,4.0,"Developer, full-stack",0.0,"Your choice (very flexible, you can come in when you want or just as needed)",Software Development,JPN,6.0,3.0,200356.0,3.0,4.085976312551584
39.5,2.0,0,15.0,25.0,"Developer, full-stack",0.0,"Your choice (very flexible, you can come in when you want or just as needed)",Software Development,SWE,6.0,4.0,86163.0,3.0,6.619406317542652
39.5,5.0,0,10.0,15.0,"Developer, back-end",0.0,Remote,Software Development,GBR,6.0,2.0,72155.0,3.0,6.619406317542652
39.5,5.0,0,21.0,25.0,Cybersecurity or InfoSec professional,1.0,Remote,Healthcare,USA,14.0,12.0,225000.0,3.0,9.903487552536127
29.5,2.0,0,10.0,20.0,"Developer, mobile",1.0,Remote,Software Development,UKR,,,4793.0,2.0,5.702114417555504
21.0,4.0,0,1.0,10.0,"Developer, full-stack",0.0,In-person,Software Development,NZL,10.0,6.0,45177.0,3.0,4.085976312551584
29.5,4.0,0,10.0,16.0,"Developer, full-stack",0.0,In-person,Software Development,ARE,,,49014.0,3.0,5.702114417555504
39.5,5.0,0,9.0,22.0,"Developer, QA or test",1.0,"Hybrid (some in-person, leans heavy to flexibility)",Software Development,DEU,7.0,1.0,75410.0,3.0,4.085976312551584
49.5,5.0,1,20.0,25.0,"Architect, software or solutions",,,Software Development,ITA,4.0,5.0,160000.0,3.0,
39.5,3.0,0,19.0,30.0,Cloud infrastructure engineer,0.0,Remote,Software Development,USA,5.0,8.0,183000.0,3.0,5.702114417555504
39.5,4.0,0,20.0,25.0,"Developer, back-end",0.0,"Hybrid (some in-person, leans heavy to flexibility)","Internet, Telecomm or Information Services",FRA,9.0,10.0,81210.0,3.0,9.903487552536127
29.5,4.0,0,11.0,15.0,"Developer, game or graphics",0.0,In-person,Software Development,HUN,6.0,,43375.0,3.0,4.085976312551584
29.5,4.0,0,6.0,15.0,"Developer, AI apps or physical AI",0.0,"Hybrid (some in-person, leans heavy to flexibility)",Software Development,USA,10.0,4.0,100000.0,3.0,4.085976312551584
39.5,5.0,0,17.0,22.0,"Architect, software or solutions",0.0,Remote,Government,AUS,6.0,4.0,132264.0,3.0,6.619406317542652
21.0,4.0,0,5.0,14.0,"Developer, front-end",0.0,"Hybrid (some in-person, leans heavy to flexibility)",Software Development,AUS,9.0,2.0,52658.0,3.0,2.302585092994046
29.5,4.0,0,9.0,12.0,"Developer, full-stack",0.0,Remote,Other:,ZAF,5.0,2.0,37210.0,2.0,4.085976312551584
39.5,5.0,0,19.0,24.0,"Developer, embedded applications or devices",0.0,In-person,Manufacturing,CHE,3.0,,161191.0,3.0,4.085976312551584
39.5,5.0,0,11.0,15.0,"Developer, front-end",0.0,In-person,Fintech,HKG,7.0,3.0,96816.0,3.0,4.085976312551584
29.5,5.0,0,10.0,15.0,"Developer, full-stack",0.0,Remote,Software Development,CHE,8.0,3.0,167390.0,3.0,2.302585092994046
49.5,5.0,1,20.0,25.0,"Developer, full-stack",,,Software Development,GRC,4.0,3.0,34804.0,3.0,
29.5,5.0,0,2.0,6.0,"Developer, full-stack",0.0,In-person,Software Development,FRA,8.0,4.0,35965.0,3.0,4.085976312551584
49.5,5.0,0,26.0,33.0,Cloud infrastructure engineer,0.0,"Hybrid (some remote, leans heavy to in-person)",Software Development,NOR,11.0,1.0,138358.0,3.0,5.702114417555504
39.5,4.0,0,20.0,35.0,"Developer, mobile",0.0,"Your choice (very flexible, you can come in when you want or just as needed)",Media & Advertising Services,FRA,2.0,,58007.0,3.0,4.085976312551584
39.5,1.0,0,30.0,35.0,Cloud infrastructure engineer,0.0,"Your choice (very flexible, you can come in when you want or just as needed)",Banking/Financial Services,POL,11.0,7.0,95515.0,3.0,9.903487552536127
39.5,4.0,0,6.0,6.0,"Developer, back-end",0.0,Remote,Retail and Consumer Services,UKR,1.0,1.0,1380.0,2.0,8.006200887093147
39.5,4.0,0,20.0,24.0,"Developer, full-stack",0.0,"Hybrid (some in-person, leans heavy to flexibility)",Energy,NZL,6.0,2.0,89751.0,3.0,6.619406317542652
21.0,4.0,0,5.0,7.0,"Developer, back-end",0.0,Remote,"Transportation, or Supply Chain",UKR,3.0,5.0,31635.0,2.0,6.619406317542652
49.5,2.0,1,20.0,20.0,"Founder, technology or otherwise",1.0,Remote,Retail and Consumer Services,CIV,10.0,6.0,271474.0,1.0,4.085976312551584
29.5,5.0,0,12.0,16.0,"Developer, full-stack",0.0,"Hybrid (some remote, leans heavy to in-person)","Transportation, or Supply Chain",EST,4.0,4.0,116015.0,3.0,8.006200887093147
29.5,4.0,1,10.0,13.0,"Developer, mobile",,,"Internet, Telecomm or Information Services",ESP,2.0,3.0,185000.0,3.0,
29.5,5.0,0,9.0,9.0,"Developer, AI apps or physical AI",0.0,In-person,Fintech,ZWE,17.0,16.0,15000.0,1.0,
39.5,1.0,0,20.0,30.0,"Senior executive (C-suite, VP, etc.)",1.0,Remote,Software Development,AUS,8.0,3.0,182026.0,3.0,4.085976312551584
39.5,4.0,0,9.0,15.0,"Developer, back-end",0.0,Remote,"Internet, Telecomm or Information Services",DEU,9.0,4.0,139218.0,3.0,8.922591630635415
39.5,5.0,0,10.0,23.0,"Architect, software or solutions",0.0,"Hybrid (some in-person, leans heavy to flexibility)",Software Development,DEU,8.0,4.0,84691.0,3.0,8.006200887093147
29.5,4.0,1,9.0,14.0,"Developer, mobile",,,Software Development,RUS,3.0,,45934.0,3.0,
29.5,4.0,0,7.0,11.0,"Developer, back-end",1.0,"Hybrid (some remote, leans heavy to in-person)",Banking/Financial Services,MLT,5.0,4.0,98612.0,3.0,4.085976312551584
21.0,2.0,0,5.0,12.0,"Developer, back-end",0.0,In-person,Computer Systems Design and Services,USA,13.0,4.0,110000.0,3.0,9.903487552536127
39.5,4.0,0,15.0,17.0,"Developer, game or graphics",1.0,Remote,Software Development,SRB,7.0,1.0,1392.0,2.0,2.302585092994046
49.5,4.0,0,25.0,25.0,"Architect, software or solutions",0.0,"Your choice (very flexible, you can come in when you want or just as needed)",Software Development,ESP,4.0,2.0,60328.0,3.0,5.702114417555504
21.0,5.0,0,2.0,9.0,"Developer, back-end",0.0,"Hybrid (some remote, leans heavy to in-person)",Software Development,DEU,3.0,6.0,75410.0,3.0,8.922591630635415
39.5,5.0,0,14.0,20.0,"Developer, desktop or enterprise applications",0.0,Remote,Software Development,UKR,3.0,1.0,55122.0,2.0,9.903487552536127
59.5,2.0,0,33.0,35.0,"Developer, full-stack",1.0,"Your choice (very flexible, you can come in when you want or just as needed)","Internet, Telecomm or Information Services",NOR,3.0,1.0,93886.0,3.0,9.903487552536127
49.5,4.0,0,23.0,26.0,"Developer, full-stack",0.0,In-person,Software Development,CHE,8.0,2.0,136392.0,3.0,4.085976312551584
29.5,1.0,1,10.0,17.0,"Developer, full-stack",0.0,Remote,Media & Advertising Services,CHN,7.0,2.0,8357.0,2.0,0.0
49.5,4.0,0,28.0,25.0,"Developer, full-stack",0.0,Remote,Software Development,DEU,4.0,3.0,74249.0,3.0,2.302585092994046
39.5,5.0,0,15.0,19.0,"Architect, software or solutions",0.0,Remote,Software Development,DEU,12.0,3.0,127616.0,3.0,4.085976312551584
21.0,4.0,0,6.0,7.0,"Developer, back-end",0.0,Remote,Software Development,UKR,5.0,7.0,29478.0,2.0,5.702114417555504
39.5,5.0,0,7.0,12.0,"Developer, front-end",0.0,Remote,Banking/Financial Services,UKR,5.0,,41765.0,2.0,8.006200887093147
39.5,2.0,0,20.0,25.0,"Developer, full-stack",0.0,"Your choice (very flexible, you can come in when you want or just as needed)",Healthcare,GBR,3.0,3.0,108913.0,3.0,9.903487552536127
29.5,5.0,0,4.0,10.0,Cloud infrastructure engineer,0.0,"Your choice (very flexible, you can come in when you want or just as needed)",Software Development,ESP,5.0,6.0,34804.0,3.0,2.302585092994046
39.5,4.0,0,15.0,22.0,"Developer, back-end",0.0,Remote,Software Development,ITA,5.0,5.0,47566.0,3.0,5.702114417555504
29.5,6.0,0,11.0,23.0,Other (please specify):,0.0,"Hybrid (some in-person, leans heavy to flexibility)","Internet, Telecomm or Information Services",BEL,10.0,,104413.0,3.0,9.903487552536127
49.5,4.0,0,25.0,31.0,"Developer, full-stack",0.0,Remote,Software Development,POL,5.0,4.0,46393.0,3.0,4.085976312551584
49.5,5.0,0,20.0,30.0,"Developer, desktop or enterprise applications",0.0,Remote,Media & Advertising Services,FRA,12.0,,60328.0,3.0,8.922591630635415
29.5,5.0,0,11.0,15.0,"Developer, back-end",0.0,Remote,Software Development,UKR,1.0,1.0,2157.0,2.0,8.922591630635415
49.5,5.0,0,28.0,33.0,"Architect, software or solutions",0.0,"Hybrid (some remote, leans heavy to in-person)",Banking/Financial Services,PRT,4.0,1.0,63808.0,3.0,8.006200887093147
39.5,5.0,1,17.0,32.0,"Developer, full-stack",,,Banking/Financial Services,POL,9.0,2.0,136450.0,3.0,
29.5,4.0,0,13.0,19.0,"Architect, software or solutions",0.0,Remote,Software Development,HRV,14.0,11.0,174022.0,3.0,5.702114417555504
21.0,1.0,1,8.0,10.0,"Developer, full-stack",1.0,"Your choice (very flexible, you can come in when you want or just as needed)",Banking/Financial Services,SVK,6.0,3.0,46406.0,3.0,0.0
49.5,5.0,0,28.0,32.0,"Developer, back-end",0.0,"Your choice (very flexible, you can come in when you want or just as needed)",Insurance,SWE,5.0,4.0,81761.0,3.0,4.085976312551584
39.5,5.0,0,11.0,18.0,"Developer, back-end",0.0,Remote,Software Development,DEU,6.0,2.0,98612.0,3.0,4.085976312551584
29.5,5.0,0,8.0,14.0,"Developer, full-stack",0.0,"Hybrid (some in-person, leans heavy to flexibility)",Software Development,FRA,6.0,3.0,56847.0,3.0,8.006200887093147
39.5,4.0,0,14.0,25.0,"Developer, mobile",0.0,Remote,Software Development,USA,5.0,,1006403.0,3.0,9.903487552536127
29.5,4.0,0,11.0,13.0,"Developer, front-end",0.0,Remote,Retail and Consumer Services,PRT,3.0,,59186.0,3.0,6.619406317542652
39.5,6.0,0,15.0,25.0,"Developer, full-stack",0.0,"Hybrid (some in-person, leans heavy to flexibility)",Software Development,GBR,5.0,1.0,68071.0,3.0,2.302585092994046
39.5,4.0,0,14.0,14.0,"Developer, full-stack",0.0,"Your choice (very flexible, you can come in when you want or just as needed)","Internet, Telecomm or Information Services",GBR,9.0,3.0,95299.0,3.0,9.903487552536127
39.5,5.0,1,9.0,9.0,"Developer, mobile",,,Software Development,UKR,8.0,1.0,48000.0,2.0,
21.0,2.0,0,10.0,15.0,"Developer, full-stack",0.0,"Hybrid (some in-person, leans heavy to flexibility)",Software Development,IRL,12.0,2.0,41765.0,3.0,2.302585092994046
29.5,4.0,1,3.0,6.0,"Developer, back-end",1.0,Remote,Software Development,UKR,5.0,4.0,72958.0,2.0,4.085976312551584
59.5,4.0,0,38.0,44.0,Engineering manager,1.0,Remote,Banking/Financial Services,USA,11.0,7.0,201000.0,3.0,8.006200887093147
21.0,4.0,0,3.0,4.0,"Developer, full-stack",0.0,"Hybrid (some remote, leans heavy to in-person)",Software Development,IND,5.0,4.0,10462.0,1.0,2.302585092994046
29.5,5.0,0,9.0,12.0,"Developer, front-end",0.0,"Hybrid (some in-person, leans heavy to flexibility)",Government,FRA,5.0,3.0,48726.0,3.0,4.085976312551584
39.5,6.0,0,20.0,24.0,"Developer, AI apps or physical AI",0.0,Remote,Banking/Financial Services,AUT,4.0,4.0,34804.0,3.0,2.302585092994046
29.5,4.0,0,6.0,12.0,"Developer, full-stack",0.0,Remote,Software Development,POL,9.0,8.0,81870.0,3.0,2.302585092994046
29.5,4.0,0,5.0,8.0,"Developer, full-stack",0.0,"Hybrid (some in-person, leans heavy to flexibility)",Software Development,CAN,8.0,4.0,98494.0,3.0,8.006200887093147
29.5,2.0,0,6.0,6.0,"Developer, back-end",0.0,Remote,Software Development,GBR,1.0,1.0,76239.0,3.0,8.006200887093147
39.5,4.0,0,14.0,18.0,"Developer, full-stack",0.0,"Hybrid (some in-person, leans heavy to flexibility)",Software Development,USA,6.0,5.0,130000.0,3.0,8.006200887093147
29.5,5.0,0,10.0,17.0,"Architect, software or solutions",0.0,In-person,Software Development,HRV,6.0,3.0,75410.0,3.0,4.085976312551584
21.0,1.0,0,1.0,5.0,Academic researcher,0.0,"Hybrid (some remote, leans heavy to in-person)",Higher Education,AUT,7.0,4.0,38981.0,3.0,5.702114417555504
29.5,4.0,0,9.0,9.0,"Developer, full-stack",0.0,In-person,Manufacturing,GBR,5.0,3.0,98022.0,3.0,6.619406317542652
29.5,6.0,0,7.0,13.0,"Developer, back-end",0.0,"Your choice (very flexible, you can come in when you want or just as needed)",Software Development,FRA,7.0,,77730.0,3.0,4.085976312551584
29.5,5.0,0,14.0,18.0,"Developer, back-end",0.0,"Your choice (very flexible, you can come in when you want or just as needed)",Manufacturing,DEU,7.0,3.0,103021.0,3.0,9.903487552536127
21.0,4.0,0,1.0,7.0,"Developer, back-end",0.0,In-person,Software Development,GRC,4.0,5.0,23203.0,3.0,4.085976312551584
39.5,4.0,0,9.0,12.0,"Developer, desktop or enterprise applications",0.0,"Hybrid (some remote, leans heavy to in-person)",Manufacturing,USA,9.0,,85000.0,3.0,5.702114417555504
77.5,2.0,0,39.0,39.0,"Developer, full-stack",0.0,Remote,Software Development,ITA,4.0,2.0,116015.0,3.0,0.0
39.5,2.0,0,10.0,15.0,"Developer, full-stack",0.0,"Hybrid (some remote, leans heavy to in-person)",Energy,IND,6.0,3.0,15111.0,1.0,9.903487552536127
39.5,4.0,0,11.0,15.0,"Developer, back-end",0.0,"Hybrid (some remote, leans heavy to in-person)",Software Development,FRA,4.0,1.0,59167.0,3.0,8.006200887093147
29.5,4.0,0,6.0,10.0,"Developer, back-end",0.0,"Hybrid (some remote, leans heavy to in-person)",Software Development,NOR,4.0,2.0,88154.0,3.0,5.702114417555504
39.5,5.0,0,12.0,13.0,"Developer, full-stack",0.0,"Hybrid (some in-person, leans heavy to flexibility)",Healthcare,NLD,7.0,3.0,63808.0,3.0,4.085976312551584
39.5,4.0,0,20.0,20.0,"Architect, software or solutions",0.0,"Your choice (very flexible, you can come in when you want or just as needed)",Software Development,ARG,5.0,4.0,153550.0,2.0,8.006200887093147
21.0,2.0,0,3.0,9.0,"Developer, full-stack",0.0,"Hybrid (some in-person, leans heavy to flexibility)","Internet, Telecomm or Information Services",GBR,7.0,3.0,44927.0,3.0,9.903487552536127
21.0,1.0,0,2.0,4.0,"Developer, front-end",0.0,Remote,Banking/Financial Services,UKR,3.0,,7909.0,2.0,2.302585092994046
49.5,5.0,0,22.0,25.0,"Developer, full-stack",0.0,"Hybrid (some remote, leans heavy to in-person)","Transportation, or Supply Chain",ITA,4.0,1.0,37125.0,3.0,4.085976312551584
49.5,3.0,0,22.0,26.0,"Developer, front-end",0.0,Remote,Energy,CAN,7.0,2.0,91198.0,3.0,8.922591630635415
39.5,4.0,0,14.0,18.0,DevOps engineer or professional,0.0,"Your choice (very flexible, you can come in when you want or just as needed)",Software Development,PRT,5.0,3.0,48726.0,3.0,6.619406317542652
29.5,4.0,0,7.0,12.0,Engineering manager,1.0,"Hybrid (some remote, leans heavy to in-person)",Software Development,BGD,6.0,4.0,19636.0,1.0,5.702114417555504
49.5,4.0,0,20.0,25.0,"Developer, full-stack",0.0,Remote,Retail and Consumer Services,UKR,3.0,1.0,72000.0,2.0,2.302585092994046
39.5,5.0,0,15.0,23.0,"Architect, software or solutions",0.0,In-person,Software Development,GBR,6.0,2.0,81685.0,3.0,2.302585092994046
39.5,5.0,0,21.0,27.0,Engineering manager,1.0,"Hybrid (some remote, leans heavy to in-person)",Software Development,DNK,7.0,2.0,99844.0,3.0,4.085976312551584
39.5,4.0,1,20.0,14.0,"Developer, back-end",,,Software Development,UKR,7.0,4.0,129418.0,2.0,
29.5,5.0,0,6.0,13.0,"Developer, full-stack",0.0,"Hybrid (some in-person, leans heavy to flexibility)",Government,FRA,6.0,2.0,44666.0,3.0,8.006200887093147
39.5,5.0,0,15.0,28.0,"Developer, full-stack",0.0,"Hybrid (some in-person, leans heavy to flexibility)","Transportation, or Supply Chain",DNK,8.0,7.0,139968.0,3.0,9.903487552536127
39.5,5.0,0,19.0,29.0,"Developer, back-end",1.0,Remote,Computer Systems Design and Services,USA,7.0,3.0,285000.0,3.0,9.903487552536127
39.5,4.0,0,13.0,17.0,"Developer, full-stack",0.0,Remote,Software Development,USA,13.0,6.0,125000.0,3.0,4.085976312551584
29.5,5.0,0,12.0,19.0,"Developer, back-end",0.0,"Your choice (very flexible, you can come in when you want or just as needed)",Software Development,POL,2.0,2.0,70954.0,3.0,8.006200887093147
39.5,5.0,0,12.0,20.0,AI/ML engineer,0.0,"Your choice (very flexible, you can come in when you want or just as needed)",Computer Systems Design and Services,GBR,,,272283.0,3.0,5.702114417555504
39.5,2.0,1,20.0,20.0,"Developer, back-end",,,Software Development,ITA,14.0,7.0,58007.0,3.0,
39.5,5.0,0,18.0,23.0,"Developer, desktop or enterprise applications",0.0,"Hybrid (some remote, leans heavy to in-person)",Software Development,DNK,7.0,2.0,101088.0,3.0,5.702114417555504
21.0,4.0,0,1.0,8.0,"Developer, back-end",0.0,"Hybrid (some in-person, leans heavy to flexibility)",Software Development,GBR,10.0,1.0,29951.0,3.0,5.702114417555504
49.5,4.0,0,26.0,20.0,"Developer, full-stack",0.0,Remote,Government,USA,6.0,1.0,160000.0,3.0,8.922591630635415
49.5,4.0,0,5.0,8.0,"Developer, full-stack",1.0,"Hybrid (some in-person, leans heavy to flexibility)",Healthcare,VEN,7.0,,2300.0,1.0,2.302585092994046
39.5,4.0,0,14.0,27.0,"Developer, full-stack",0.0,"Hybrid (some in-person, leans heavy to flexibility)",Other:,FIN,4.0,2.0,125296.0,3.0,8.922591630635415
39.5,5.0,0,22.0,25.0,"Developer, desktop or enterprise applications",0.0,"Hybrid (some remote, leans heavy to in-person)",Other:,FRA,,,63808.0,3.0,4.085976312551584
29.5,4.0,0,5.0,10.0,"Developer, full-stack",0.0,"Hybrid (some remote, leans heavy to in-person)","Transportation, or Supply Chain",SWE,10.0,4.0,69609.0,3.0,2.302585092994046
49.5,5.0,0,18.0,18.0,"Developer, back-end",,Remote,"Internet, Telecomm or Information Services",RUS,6.0,4.0,79108.0,3.0,6.619406317542652
49.5,4.0,0,25.0,25.0,"Developer, full-stack",0.0,Remote,Software Development,GBR,6.0,2.0,81685.0,3.0,2.302585092994046
39.5,5.0,0,8.0,10.0,"Developer, full-stack",0.0,"Hybrid (some in-person, leans heavy to flexibility)",Insurance,ROU,7.0,2.0,57437.0,3.0,4.085976312551584
29.5,2.0,0,12.0,20.0,"Developer, game or graphics",0.0,"Your choice (very flexible, you can come in when you want or just as needed)",Other:,GBR,3.0,3.0,95299.0,3.0,4.085976312551584
39.5,4.0,0,11.0,12.0,"Developer, back-end",0.0,"Hybrid (some in-person, leans heavy to flexibility)",Media & Advertising Services,DEU,9.0,8.0,131097.0,3.0,5.702114417555504
39.5,5.0,0,16.0,20.0,Data engineer,0.0,Remote,Banking/Financial Services,USA,7.0,3.0,850000.0,3.0,5.702114417555504
29.5,4.0,0,5.0,6.0,"Developer, back-end",0.0,Remote,Software Development,EGY,2.0,3.0,17975.0,1.0,4.085976312551584
21.0,4.0,1,4.0,10.0,"Developer, back-end",,,Software Development,CAN,4.0,6.0,58367.0,3.0,
29.5,2.0,1,14.0,21.0,"Developer, full-stack",,,Energy,POL,6.0,1.0,86721.0,3.0,
29.5,5.0,1,10.0,14.0,"Architect, software or solutions",,,Software Development,NLD,5.0,2.0,75410.0,3.0,
29.5,1.0,1,13.0,20.0,"Developer, full-stack",,,Software Development,BIH,5.0,3.0,47000.0,2.0,
29.5,5.0,0,8.0,19.0,"Developer, back-end",0.0,"Hybrid (some in-person, leans heavy to flexibility)",Energy,GBR,5.0,,57179.0,3.0,5.702114417555504
39.5,4.0,0,13.0,18.0,"Architect, software or solutions",0.0,"Hybrid (some in-person, leans heavy to flexibility)",Retail and Consumer Services,USA,9.0,6.0,385000.0,3.0,9.903487552536127
49.5,5.0,0,30.0,35.0,"Developer, desktop or enterprise applications",0.0,"Hybrid (some remote, leans heavy to in-person)",Software Development,USA,1.0,,160000.0,3.0,8.922591630635415
29.5,4.0,0,6.0,9.0,"Developer, back-end",0.0,Remote,Fintech,UKR,1.0,1.0,2876.0,2.0,2.302585092994046
29.5,4.0,0,10.0,16.0,"Architect, software or solutions",0.0,Remote,Media & Advertising Services,DEU,9.0,3.0,139218.0,3.0,4.085976312551584
49.5,4.0,0,30.0,40.0,DevOps engineer or professional,0.0,Remote,Healthcare,USA,3.0,2.0,149000.0,3.0,8.922591630635415
29.5,5.0,0,7.0,12.0,"Developer, embedded applications or devices",0.0,"Hybrid (some in-person, leans heavy to flexibility)",Computer Systems Design and Services,DEU,6.0,,69609.0,3.0,2.302585092994046
29.5,1.0,0,8.0,11.0,"Developer, full-stack",1.0,"Your choice (very flexible, you can come in when you want or just as needed)",Healthcare,ITA,7.0,3.0,27844.0,3.0,2.302585092994046
29.5,6.0,0,2.0,9.0,Data scientist,0.0,"Hybrid (some remote, leans heavy to in-person)",Other:,USA,6.0,2.0,165000.0,3.0,5.702114417555504
29.5,1.0,0,10.0,15.0,"Developer, full-stack",0.0,"Hybrid (some remote, leans heavy to in-person)",Software Development,CHE,13.0,6.0,81835.0,3.0,2.302585092994046
49.5,4.0,0,24.0,31.0,"Developer, mobile",0.0,Remote,Software Development,USA,2.0,1.0,450000.0,3.0,9.903487552536127
29.5,2.0,0,4.0,9.0,"Developer, back-end",0.0,"Hybrid (some remote, leans heavy to in-person)","Transportation, or Supply Chain",ITA,5.0,3.0,37125.0,3.0,8.006200887093147
29.5,5.0,0,4.0,9.0,"Developer, full-stack",0.0,Remote,Software Development,UKR,2.0,1.0,100000.0,2.0,8.006200887093147
21.0,4.0,0,4.0,12.0,"Developer, embedded applications or devices",0.0,"Your choice (very flexible, you can come in when you want or just as needed)",Software Development,UKR,8.0,1.0,22456.0,2.0,9.903487552536127
39.5,4.0,0,13.0,18.0,"Developer, desktop or enterprise applications",0.0,"Hybrid (some remote, leans heavy to in-person)",Other:,USA,2.0,1.0,130000.0,3.0,4.085976312551584
29.5,4.0,0,15.0,15.0,"Developer, back-end",0.0,"Hybrid (some in-person, leans heavy to flexibility)",Software Development,CHE,5.0,1.0,123993.0,3.0,8.006200887093147
39.5,5.0,0,16.0,24.0,DevOps engineer or professional,0.0,Remote,Media & Advertising Services,BRA,8.0,7.0,109222.0,2.0,8.006200887093147
29.5,5.0,0,2.0,6.0,"Developer, full-stack",0.0,"Your choice (very flexible, you can come in when you want or just as needed)",Software Development,NOR,11.0,2.0,67203.0,3.0,5.702114417555504
29.5,5.0,0,5.0,,"Developer, full-stack",0.0,Remote,"Internet, Telecomm or Information Services",UKR,7.0,4.0,46000.0,2.0,5.702114417555504
29.5,4.0,0,13.0,15.0,"Developer, full-stack",0.0,"Hybrid (some remote, leans heavy to in-person)",Government,USA,5.0,1.0,115000.0,3.0,4.085976312551584
59.5,4.0,1,39.0,39.0,"Senior executive (C-suite, VP, etc.)",1.0,"Hybrid (some in-person, leans heavy to flexibility)",Software Development,BRA,9.0,4.0,15473.0,2.0,2.302585092994046
49.5,4.0,0,17.0,37.0,"Developer, full-stack",1.0,"Hybrid (some remote, leans heavy to in-person)",Higher Education,LUX,6.0,2.0,109054.0,3.0,8.006200887093147
49.5,2.0,0,26.0,29.0,"Developer, full-stack",0.0,"Hybrid (some remote, leans heavy to in-person)",Media & Advertising Services,AUT,6.0,6.0,71929.0,3.0,6.619406317542652
39.5,5.0,0,14.0,20.0,"Developer, back-end",0.0,"Hybrid (some in-person, leans heavy to flexibility)",Software Development,FRA,5.0,4.0,63808.0,3.0,5.702114417555504
21.0,4.0,0,2.0,9.0,"Developer, full-stack",0.0,In-person,Healthcare,USA,16.0,2.0,70000.0,3.0,4.085976312551584
49.5,2.0,0,35.0,35.0,"Developer, full-stack",1.0,"Your choice (very flexible, you can come in when you want or just as needed)",Software Development,PRT,1.0,,29004.0,3.0,2.302585092994046
39.5,4.0,0,10.0,17.0,"Developer, full-stack",1.0,"Hybrid (some remote, leans heavy to in-person)",Software Development,SWE,6.0,6.0,75472.0,3.0,2.302585092994046
29.5,4.0,0,6.0,12.0,"Developer, full-stack",0.0,"Your choice (very flexible, you can come in when you want or just as needed)","Internet, Telecomm or Information Services",DEU,6.0,4.0,64040.0,3.0,5.702114417555504
29.5,4.0,0,11.0,12.0,"Developer, full-stack",0.0,In-person,Government,USA,3.0,,150000.0,3.0,5.702114417555504
39.5,4.0,0,8.0,17.0,"Developer, back-end",0.0,"Hybrid (some in-person, leans heavy to flexibility)",Software Development,ITA,8.0,5.0,63808.0,3.0,5.702114417555504
49.5,6.0,0,17.0,18.0,"Developer, full-stack",0.0,Remote,Government,USA,5.0,1.0,155000.0,3.0,8.006200887093147
39.5,4.0,0,2.0,4.0,"Developer, back-end",,Remote,Fintech,COL,1.0,3.0,20500.0,2.0,2.302585092994046
29.5,4.0,0,12.0,13.0,"Developer, desktop or enterprise applications",0.0,"Hybrid (some remote, leans heavy to in-person)",Other:,GBR,4.0,1.0,81685.0,3.0,6.619406317542652
39.5,4.0,0,25.0,30.0,"Developer, full-stack",0.0,Remote,"Transportation, or Supply Chain",ZAF,7.0,2.0,78930.0,2.0,4.085976312551584
29.5,4.0,0,15.0,25.0,"Developer, back-end",0.0,Remote,Healthcare,USA,6.0,2.0,450000.0,3.0,9.903487552536127
29.5,3.0,0,7.0,10.0,"Developer, full-stack",0.0,"Your choice (very flexible, you can come in when you want or just as needed)",Software Development,CAN,7.0,6.0,131325.0,3.0,4.085976312551584
29.5,5.0,0,7.0,13.0,"Developer, mobile",0.0,"Hybrid (some remote, leans heavy to in-person)",Software Development,BEL,7.0,2.0,87011.0,3.0,5.702114417555504
29.5,5.0,0,3.0,10.0,AI/ML engineer,0.0,In-person,"Internet, Telecomm or Information Services",DEU,5.0,5.0,92812.0,3.0,
29.5,4.0,0,3.0,12.0,"Developer, full-stack",0.0,In-person,Manufacturing,ITA,2.0,2.0,46406.0,3.0,8.006200887093147
39.5,4.0,0,12.0,16.0,"Developer, desktop or enterprise applications",0.0,"Hybrid (some in-person, leans heavy to flexibility)",Software Development,USA,5.0,,150000.0,3.0,8.006200887093147
49.5,2.0,0,30.0,28.0,"Developer, full-stack",0.0,"Hybrid (some in-person, leans heavy to flexibility)",Software Development,USA,8.0,2.0,124000.0,3.0,8.922591630635415
29.5,3.0,0,11.0,14.0,"Developer, full-stack",0.0,Remote,Software Development,BRA,20.0,12.0,28398.0,2.0,5.702114417555504
29.5,4.0,0,5.0,10.0,"Developer, back-end",0.0,Remote,Software Development,PRT,2.0,3.0,41765.0,3.0,8.006200887093147
21.0,4.0,0,1.0,3.0,"Developer, back-end",0.0,"Your choice (very flexible, you can come in when you want or just as needed)",Software Development,BRA,1.0,2.0,9830.0,2.0,4.085976312551584
39.5,4.0,0,20.0,26.0,"Architect, software or solutions",0.0,Remote,Other:,USA,7.0,,480000.0,3.0,8.006200887093147
39.5,4.0,0,17.0,28.0,"Developer, back-end",0.0,Remote,Other:,USA,5.0,3.0,166200.0,3.0,5.702114417555504
39.5,6.0,0,10.0,11.0,"Developer, back-end",0.0,Remote,Software Development,COL,,,39345.0,2.0,4.085976312551584
39.5,2.0,1,21.0,25.0,"Developer, full-stack",0.0,Remote,Software Development,CAN,5.0,3.0,200635.0,3.0,0.0
29.5,4.0,0,9.0,12.0,"Developer, full-stack",0.0,"Hybrid (some in-person, leans heavy to flexibility)",Banking/Financial Services,NLD,10.0,1.0,87011.0,3.0,9.903487552536127
21.0,4.0,0,1.0,7.0,"Developer, full-stack",0.0,Remote,Software Development,USA,6.0,1.0,80000.0,3.0,4.085976312551584
21.0,4.0,0,2.0,5.0,"Developer, full-stack",0.0,"Hybrid (some remote, leans heavy to in-person)",Manufacturing,USA,5.0,1.0,72000.0,3.0,5.702114417555504
29.5,2.0,0,3.0,15.0,"Developer, full-stack",0.0,Remote,Software Development,SRB,6.0,2.0,23759.0,2.0,9.903487552536127
29.5,6.0,0,8.0,18.0,"Developer, full-stack",0.0,Remote,Software Development,ARG,5.0,3.0,78000.0,2.0,8.922591630635415
39.5,5.0,0,13.0,20.0,Engineering manager,1.0,"Hybrid (some in-person, leans heavy to flexibility)",Software Development,PRT,2.0,2.0,69609.0,3.0,6.619406317542652
29.5,4.0,0,3.0,8.0,"Developer, back-end",0.0,Remote,Software Development,MEX,,,10528.0,2.0,4.085976312551584
49.5,5.0,0,25.0,15.0,"Developer, desktop or enterprise applications",0.0,"Hybrid (some remote, leans heavy to in-person)",Software Development,USA,4.0,3.0,220000.0,3.0,9.903487552536127
29.5,4.0,0,4.0,5.0,"Developer, back-end",0.0,Remote,Other:,USA,4.0,2.0,200000.0,3.0,5.702114417555504
39.5,4.0,0,7.0,9.0,"Developer, back-end",0.0,Remote,Retail and Consumer Services,USA,,,178000.0,3.0,8.006200887093147
29.5,4.0,0,9.0,9.0,"Developer, mobile",0.0,In-person,Software Development,IND,1.0,,27316.0,1.0,8.006200887093147
29.5,5.0,0,8.0,14.0,Data engineer,0.0,"Hybrid (some in-person, leans heavy to flexibility)",Media & Advertising Services,BEL,3.0,4.0,87011.0,3.0,8.006200887093147
59.5,5.0,1,35.0,35.0,"Developer, desktop or enterprise applications",0.0,"Your choice (very flexible, you can come in when you want or just as needed)",Software Development,SVN,4.0,1.0,46406.0,3.0,0.0
59.5,,0,36.0,37.0,Engineering manager,1.0,Remote,Healthcare,USA,1.0,3.0,144000.0,3.0,9.903487552536127
29.5,4.0,0,5.0,10.0,"Developer, desktop or enterprise applications",0.0,In-person,"Internet, Telecomm or Information Services",USA,5.0,,95000.0,3.0,5.702114417555504
29.5,5.0,0,10.0,14.0,"Developer, back-end",0.0,"Hybrid (some in-person, leans heavy to flexibility)",Software Development,GRC,4.0,5.0,81210.0,3.0,5.702114417555504
39.5,6.0,0,20.0,30.0,Engineering manager,1.0,Remote,Healthcare,USA,11.0,6.0,210000.0,3.0,8.006200887093147
29.5,4.0,0,10.0,14.0,"Developer, mobile",0.0,Remote,Software Development,USA,7.0,3.0,148000.0,3.0,2.302585092994046
39.5,4.0,0,19.0,21.0,"Developer, mobile",0.0,"Your choice (very flexible, you can come in when you want or just as needed)",Software Development,USA,8.0,,183000.0,3.0,
39.5,1.0,1,18.0,30.0,"Developer, full-stack",,,Software Development,GBR,9.0,6.0,183791.0,3.0,
29.5,1.0,0,7.0,8.0,"Developer, full-stack",0.0,In-person,Software Development,BRA,7.0,1.0,10376.0,2.0,5.702114417555504
29.5,5.0,0,8.0,9.0,"Developer, full-stack",0.0,Remote,Other:,UKR,6.0,5.0,6400.0,2.0,8.006200887093147
39.5,2.0,0,25.0,28.0,"Architect, software or solutions",0.0,Remote,Software Development,USA,8.0,6.0,150000.0,3.0,2.302585092994046
39.5,4.0,0,8.0,8.0,"Developer, full-stack",0.0,"Hybrid (some remote, leans heavy to in-person)",Software Development,USA,6.0,8.0,220000.0,3.0,8.006200887093147
59.5,5.0,0,30.0,40.0,"Developer, full-stack",0.0,"Hybrid (some remote, leans heavy to in-person)",Government,SWE,6.0,2.0,71279.0,3.0,6.619406317542652
29.5,5.0,0,11.0,14.0,DevOps engineer or professional,0.0,"Hybrid (some in-person, leans heavy to flexibility)",Other:,USA,3.0,5.0,165000.0,3.0,8.006200887093147
29.5,4.0,0,4.0,18.0,Data or business analyst,0.0,"Hybrid (some remote, leans heavy to in-person)",Healthcare,USA,12.0,4.0,103000.0,3.0,9.903487552536127
49.5,5.0,0,30.0,20.0,"Developer, full-stack",0.0,Remote,Other:,USA,4.0,2.0,300000.0,3.0,8.006200887093147
29.5,4.0,0,15.0,20.0,"Developer, full-stack",0.0,"Hybrid (some in-person, leans heavy to flexibility)",Media & Advertising Services,USA,7.0,4.0,85000.0,3.0,4.085976312551584
49.5,4.0,0,18.0,28.0,"Developer, back-end",0.0,Remote,"Internet, Telecomm or Information Services",USA,,,25000.0,3.0,5.702114417555504
29.5,5.0,0,11.0,18.0,"Developer, embedded applications or devices",1.0,Remote,Other:,DEU,9.0,4.0,64968.0,3.0,2.302585092994046
21.0,4.0,0,5.0,13.0,DevOps engineer or professional,0.0,"Hybrid (some in-person, leans heavy to flexibility)",Insurance,DEU,5.0,4.0,63808.0,3.0,8.922591630635415
29.5,5.0,0,6.0,15.0,Data engineer,0.0,In-person,Software Development,USA,6.0,2.0,290000.0,3.0,9.903487552536127
29.5,2.0,0,7.0,7.0,"Developer, full-stack",0.0,In-person,Healthcare,IND,,,16274.0,1.0,4.085976312551584
49.5,5.0,0,22.0,15.0,"Developer, full-stack",0.0,Remote,Energy,CAN,6.0,3.0,72958.0,3.0,2.302585092994046
49.5,5.0,0,16.0,30.0,Data scientist,,,Software Development,USA,2.0,5.0,90000.0,3.0,4.085976312551584
29.5,4.0,1,3.0,3.0,"Developer, full-stack",,,Software Development,MEX,,,10107.0,2.0,
39.5,4.0,0,26.0,26.0,"Architect, software or solutions",0.0,Remote,Insurance,USA,6.0,6.0,225000.0,3.0,5.702114417555504
29.5,5.0,0,9.0,17.0,Data engineer,0.0,Remote,Other:,UKR,4.0,3.0,64709.0,2.0,8.006200887093147
29.5,6.0,0,5.0,17.0,AI/ML engineer,0.0,Remote,Other:,USA,6.0,4.0,151000.0,3.0,4.085976312551584
39.5,5.0,0,10.0,20.0,"Developer, embedded applications or devices",0.0,"Hybrid (some in-person, leans heavy to flexibility)",Other:,DEU,10.0,5.0,121815.0,3.0,9.903487552536127
49.5,5.0,0,25.0,41.0,"Developer, desktop or enterprise applications",1.0,"Your choice (very flexible, you can come in when you want or just as needed)",Software Development,USA,10.0,,180000.0,3.0,4.085976312551584
29.5,4.0,0,10.0,20.0,"Developer, mobile",0.0,"Hybrid (some in-person, leans heavy to flexibility)",Software Development,USA,9.0,,60000.0,3.0,9.903487552536127
29.5,4.0,0,7.0,16.0,"Developer, full-stack",0.0,"Hybrid (some in-person, leans heavy to flexibility)",Government,DEU,7.0,6.0,69609.0,3.0,5.702114417555504
39.5,3.0,0,10.0,15.0,"Developer, full-stack",0.0,"Hybrid (some in-person, leans heavy to flexibility)",Energy,ESP,6.0,5.0,39445.0,3.0,5.702114417555504
29.5,2.0,0,3.0,12.0,"Developer, full-stack",0.0,In-person,Software Development,USA,7.0,1.0,47500.0,3.0,4.085976312551584
39.5,3.0,0,5.0,7.0,"Developer, QA or test",0.0,In-person,Software Development,USA,4.0,,55000.0,3.0,8.006200887093147
39.5,2.0,0,18.0,16.0,Engineering manager,1.0,"Your choice (very flexible, you can come in when you want or just as needed)",Software Development,USA,7.0,10.0,120000.0,3.0,2.302585092994046
59.5,5.0,0,34.0,44.0,Engineering manager,1.0,"Hybrid (some remote, leans heavy to in-person)",Manufacturing,USA,,,315000.0,3.0,9.903487552536127
49.5,2.0,0,22.0,27.0,"Developer, full-stack",0.0,In-person,Other:,USA,4.0,2.0,105000.0,3.0,2.302585092994046
21.0,1.0,0,9.0,13.0,"Developer, full-stack",0.0,"Hybrid (some in-person, leans heavy to flexibility)",Software Development,DEU,10.0,3.0,81210.0,3.0,4.085976312551584
49.5,4.0,0,25.0,30.0,"Developer, full-stack",0.0,"Hybrid (some remote, leans heavy to in-person)",Banking/Financial Services,CAN,12.0,5.0,83902.0,3.0,8.922591630635415
29.5,4.0,0,4.0,7.0,"Developer, embedded applications or devices",0.0,In-person,Computer Systems Design and Services,GBR,9.0,2.0,36758.0,3.0,4.085976312551584
29.5,4.0,0,3.0,12.0,System administrator,0.0,Remote,Retail and Consumer Services,VEN,,,8400.0,1.0,2.302585092994046
29.5,4.0,0,3.0,13.0,"Developer, back-end",0.0,"Hybrid (some remote, leans heavy to in-person)","Internet, Telecomm or Information Services",CAN,7.0,1.0,72958.0,3.0,9.903487552536127
29.5,1.0,0,6.0,12.0,"Developer, full-stack",0.0,Remote,Fintech,USA,7.0,4.0,156000.0,3.0,5.702114417555504
29.5,5.0,0,10.0,12.0,DevOps engineer or professional,0.0,Remote,Software Development,USA,8.0,5.0,260000.0,3.0,9.903487552536127
39.5,2.0,0,16.0,16.0,"Developer, full-stack",0.0,"Hybrid (some in-person, leans heavy to flexibility)",Fintech,USA,4.0,2.0,180000.0,3.0,5.702114417555504
29.5,1.0,0,4.0,18.0,"Developer, desktop or enterprise applications",0.0,"Your choice (very flexible, you can come in when you want or just as needed)",Banking/Financial Services,GBR,,,176984.0,3.0,9.903487552536127
29.5,4.0,0,11.0,24.0,"Developer, full-stack",0.0,In-person,Software Development,CAN,9.0,5.0,81713.0,3.0,6.619406317542652
39.5,4.0,0,13.0,21.0,"Developer, full-stack",0.0,Remote,Software Development,USA,4.0,1.0,100000.0,3.0,4.085976312551584
39.5,4.0,0,20.0,19.0,Engineering manager,1.0,Remote,Other:,USA,6.0,4.0,255000.0,3.0,5.702114417555504
29.5,2.0,0,3.0,5.0,"Developer, back-end",0.0,Remote,Software Development,BRA,6.0,3.0,9102.0,2.0,5.702114417555504
39.5,4.0,0,11.0,25.0,"Developer, AI apps or physical AI",0.0,"Hybrid (some in-person, leans heavy to flexibility)",Software Development,USA,7.0,5.0,126000.0,3.0,2.302585092994046
39.5,4.0,0,13.0,35.0,"Developer, back-end",0.0,Remote,Software Development,CAN,8.0,2.0,259732.0,3.0,8.006200887093147
29.5,2.0,0,15.0,18.0,"Developer, full-stack",0.0,Remote,Software Development,GBR,9.0,8.0,190598.0,3.0,5.702114417555504
29.5,4.0,0,1.0,5.0,"Developer, back-end",0.0,"Hybrid (some remote, leans heavy to in-person)",Software Development,USA,9.0,3.0,180000.0,3.0,9.903487552536127
29.5,4.0,0,9.0,10.0,Other (please specify):,0.0,Remote,Software Development,USA,14.0,18.0,163000.0,3.0,4.085976312551584
29.5,4.0,0,1.0,15.0,"Developer, front-end",0.0,In-person,Software Development,CHN,6.0,,34125.0,2.0,8.006200887093147
59.5,4.0,1,25.0,25.0,"Developer, full-stack",,,Software Development,CAN,7.0,6.0,114545.0,3.0,
21.0,5.0,1,4.0,6.0,"Developer, back-end",,Remote,Software Development,IND,9.0,7.0,5580.0,1.0,0.0
39.5,2.0,0,19.0,25.0,"Developer, full-stack",0.0,"Hybrid (some remote, leans heavy to in-person)",Software Development,BGR,4.0,1.0,88960.0,3.0,8.006200887093147
39.5,4.0,1,12.0,20.0,"Developer, mobile",,,Software Development,USA,1.0,,600000.0,3.0,
49.5,4.0,0,22.0,26.0,"Developer, full-stack",0.0,"Hybrid (some remote, leans heavy to in-person)",Software Development,BEL,6.0,3.0,69609.0,3.0,5.702114417555504
29.5,4.0,0,4.0,5.0,AI/ML engineer,0.0,"Hybrid (some in-person, leans heavy to flexibility)",Software Development,IND,4.0,8.0,9880.0,1.0,4.085976312551584
49.5,5.0,0,28.0,35.0,"Architect, software or solutions",0.0,"Your choice (very flexible, you can come in when you want or just as needed)",Insurance,DEU,4.0,2.0,111374.0,3.0,9.903487552536127
39.5,6.0,0,14.0,34.0,Product manager,0.0,"Hybrid (some remote, leans heavy to in-person)",Government,USA,3.0,,210000.0,3.0,9.903487552536127
49.5,5.0,0,27.0,35.0,"Developer, back-end",0.0,Remote,Software Development,ROU,1.0,2.0,75357.0,3.0,5.702114417555504
59.5,4.0,1,35.0,40.0,"Developer, full-stack",,,Higher Education,AUS,7.0,3.0,195028.0,3.0,
59.5,5.0,0,30.0,45.0,"Architect, software or solutions",0.0,"Your choice (very flexible, you can come in when you want or just as needed)",Software Development,FRA,6.0,3.0,110214.0,3.0,5.702114417555504
39.5,2.0,0,25.0,25.0,"Developer, full-stack",0.0,"Hybrid (some in-person, leans heavy to flexibility)","Internet, Telecomm or Information Services",DEU,7.0,9.0,104413.0,3.0,8.922591630635415
29.5,5.0,0,13.0,13.0,"Developer, game or graphics",0.0,"Hybrid (some in-person, leans heavy to flexibility)",Software Development,TUR,1.0,,126239.0,2.0,5.702114417555504
29.5,4.0,0,7.0,12.0,"Developer, full-stack",,,Software Development,GBR,6.0,4.0,110275.0,3.0,4.085976312551584
39.5,5.0,0,7.0,15.0,"Developer, full-stack",0.0,"Hybrid (some in-person, leans heavy to flexibility)",Software Development,DEU,8.0,,81210.0,3.0,4.085976312551584
39.5,4.0,0,2.0,5.0,"Developer, front-end",0.0,"Hybrid (some remote, leans heavy to in-person)",Retail and Consumer Services,USA,7.0,2.0,95000.0,3.0,5.702114417555504
29.5,5.0,0,7.0,13.0,"Developer, back-end",0.0,"Hybrid (some in-person, leans heavy to flexibility)",Software Development,GRC,1.0,4.0,52207.0,3.0,8.006200887093147
39.5,4.0,0,17.0,21.0,"Architect, software or solutions",0.0,Remote,Software Development,TUR,,12.0,88368.0,2.0,0.0
59.5,5.0,1,35.0,40.0,"Architect, software or solutions",,,Software Development,ITA,9.0,4.0,46406.0,3.0,
29.5,5.0,0,6.0,15.0,"Developer, back-end",0.0,"Hybrid (some remote, leans heavy to in-person)",Software Development,DEU,7.0,5.0,46406.0,3.0,9.903487552536127
39.5,5.0,0,13.0,16.0,"Developer, full-stack",0.0,Remote,Other:,USA,6.0,,131000.0,3.0,9.903487552536127
29.5,5.0,0,10.0,14.0,"Developer, full-stack",0.0,Remote,Software Development,GBR,6.0,5.0,299511.0,3.0,4.085976312551584
29.5,5.0,0,8.0,15.0,Engineering manager,1.0,"Hybrid (some remote, leans heavy to in-person)",Retail and Consumer Services,IND,5.0,5.0,29060.0,1.0,5.702114417555504
29.5,1.0,1,6.0,9.0,"Developer, full-stack",,Remote,Software Development,NGA,6.0,,1937.0,1.0,0.0
39.5,4.0,1,15.0,19.0,"Developer, full-stack",0.0,Remote,Software Development,BGD,6.0,5.0,12000.0,1.0,0.0
21.0,4.0,0,3.0,13.0,"Developer, full-stack",0.0,Remote,"Internet, Telecomm or Information Services",ZAF,12.0,9.0,18267.0,2.0,4.085976312551584
29.5,5.0,0,6.0,11.0,"Developer, desktop or enterprise applications",0.0,"Hybrid (some remote, leans heavy to in-person)",Energy,FIN,5.0,1.0,54527.0,3.0,8.922591630635415
21.0,4.0,0,4.0,6.0,"Developer, back-end",0.0,Remote,Manufacturing,UKR,2.0,3.0,29825.0,2.0,4.085976312551584
29.5,4.0,0,4.0,8.0,"Developer, front-end",0.0,"Your choice (very flexible, you can come in when you want or just as needed)",Software Development,DEU,7.0,4.0,67289.0,3.0,5.702114417555504
39.5,4.0,0,13.0,21.0,"Developer, full-stack",0.0,"Hybrid (some remote, leans heavy to in-person)",Software Development,DNK,5.0,6.0,115085.0,3.0,4.085976312551584
29.5,4.0,0,8.0,13.0,"Developer, desktop or enterprise applications",0.0,"Your choice (very flexible, you can come in when you want or just as needed)",Fintech,DEU,5.0,3.0,70769.0,3.0,5.702114417555504
21.0,5.0,0,2.0,12.0,"Developer, desktop or enterprise applications",0.0,"Hybrid (some in-person, leans heavy to flexibility)",Manufacturing,USA,6.0,4.0,80000.0,3.0,5.702114417555504
59.5,4.0,0,21.0,23.0,"Developer, back-end",,,Other:,USA,1.0,2.0,144400.0,3.0,5.702114417555504
29.5,3.0,0,3.0,5.0,"Developer, full-stack",0.0,"Hybrid (some in-person, leans heavy to flexibility)",Software Development,SVN,7.0,2.0,58007.0,3.0,4.085976312551584
39.5,5.0,0,16.0,16.0,"Developer, back-end",0.0,Remote,Software Development,GBR,,,149756.0,3.0,9.903487552536127
21.0,3.0,0,2.0,6.0,"Architect, software or solutions",0.0,Remote,Software Development,CAN,6.0,1.0,37938.0,3.0,2.302585092994046
39.5,5.0,0,15.0,20.0,"Developer, full-stack",0.0,"Hybrid (some in-person, leans heavy to flexibility)",Insurance,FRA,7.0,4.0,116015.0,3.0,9.903487552536127
39.5,4.0,0,7.0,10.0,Data engineer,0.0,"Hybrid (some remote, leans heavy to in-person)",Software Development,IRL,4.0,1.0,116015.0,3.0,9.903487552536127
29.5,4.0,0,5.0,9.0,"Developer, full-stack",0.0,"Hybrid (some remote, leans heavy to in-person)",Manufacturing,DEU,6.0,4.0,81210.0,3.0,9.903487552536127
29.5,2.0,0,8.0,16.0,"Developer, full-stack",0.0,"Hybrid (some in-person, leans heavy to flexibility)",Software Development,USA,6.0,3.0,181000.0,3.0,5.702114417555504
29.5,4.0,1,10.0,12.0,"Developer, mobile",0.0,Remote,Fintech,NGA,5.0,2.0,60000.0,1.0,9.903487552536127
29.5,6.0,1,8.0,10.0,"Developer, back-end",,,Software Development,UKR,,,60000.0,2.0,
29.5,5.0,0,7.0,10.0,"Developer, back-end",0.0,"Your choice (very flexible, you can come in when you want or just as needed)",Software Development,UKR,6.0,5.0,67105.0,2.0,4.085976312551584
39.5,5.0,0,24.0,34.0,"Developer, embedded applications or devices",0.0,"Your choice (very flexible, you can come in when you want or just as needed)",Computer Systems Design and Services,DEU,6.0,,111374.0,3.0,9.903487552536127
29.5,5.0,0,4.0,8.0,"Developer, back-end",0.0,In-person,Software Development,FRA,,,41765.0,3.0,5.702114417555504
39.5,5.0,1,2.0,25.0,"Developer, full-stack",,,Software Development,FRA,7.0,4.0,52207.0,3.0,
29.5,4.0,1,4.0,11.0,"Developer, full-stack",,,Software Development,CHL,11.0,2.0,31809.0,3.0,
39.5,4.0,0,15.0,32.0,"Developer, embedded applications or devices",0.0,Remote,"Internet, Telecomm or Information Services",HUN,7.0,,202416.0,3.0,2.302585092994046
39.5,4.0,0,12.0,13.0,"Developer, full-stack",0.0,Remote,"Transportation, or Supply Chain",IRL,5.0,1.0,100933.0,3.0,8.006200887093147
49.5,5.0,0,14.0,30.0,"Developer, back-end",0.0,Remote,"Internet, Telecomm or Information Services",POL,,,127616.0,3.0,4.085976312551584
49.5,2.0,0,25.0,25.0,"Developer, full-stack",0.0,In-person,Retail and Consumer Services,USA,6.0,1.0,131850.0,3.0,8.922591630635415
39.5,5.0,0,14.0,19.0,"Developer, back-end",0.0,Remote,Software Development,ESP,6.0,4.0,60328.0,3.0,4.085976312551584
29.5,6.0,0,2.0,12.0,Data scientist,0.0,"Hybrid (some in-person, leans heavy to flexibility)",Software Development,USA,8.0,1.0,136000.0,3.0,9.903487552536127
39.5,4.0,0,18.0,18.0,"Developer, back-end",1.0,"Your choice (very flexible, you can come in when you want or just as needed)","Transportation, or Supply Chain",USA,6.0,2.0,180000.0,3.0,5.702114417555504
39.5,6.0,0,16.0,26.0,"Developer, back-end",0.0,"Your choice (very flexible, you can come in when you want or just as needed)",Software Development,IRL,12.0,6.0,162421.0,3.0,9.903487552536127
39.5,5.0,0,13.0,13.0,"Senior executive (C-suite, VP, etc.)",1.0,In-person,Software Development,CMR,8.0,3.0,15000.0,1.0,4.085976312551584
29.5,2.0,0,3.0,4.0,"Developer, front-end",0.0,"Your choice (very flexible, you can come in when you want or just as needed)",Software Development,ROU,4.0,1.0,53072.0,3.0,2.302585092994046
39.5,1.0,0,8.0,15.0,Engineering manager,1.0,"Hybrid (some remote, leans heavy to in-person)",Software Development,USA,,,200000.0,3.0,8.922591630635415
49.5,5.0,1,25.0,35.0,"Developer, full-stack",,,Software Development,DEU,4.0,1.0,174022.0,3.0,
49.5,4.0,0,35.0,35.0,Engineering manager,1.0,Remote,Media & Advertising Services,USA,9.0,7.0,147000.0,3.0,4.085976312551584
29.5,3.0,0,15.0,15.0,"Developer, full-stack",0.0,In-person,Software Development,DEU,12.0,6.0,16242.0,3.0,5.702114417555504
21.0,4.0,0,2.0,7.0,"Developer, back-end",0.0,In-person,Software Development,IND,6.0,2.0,6858.0,1.0,4.085976312551584
49.5,4.0,1,24.0,42.0,"Developer, full-stack",0.0,"Hybrid (some in-person, leans heavy to flexibility)",Software Development,BEL,12.0,7.0,139218.0,3.0,4.085976312551584
59.5,4.0,0,35.0,40.0,"Developer, embedded applications or devices",0.0,"Hybrid (some remote, leans heavy to in-person)",Other:,USA,6.0,3.0,170000.0,3.0,8.006200887093147
29.5,,0,12.0,15.0,"Developer, front-end",0.0,Remote,Software Development,FRA,6.0,8.0,74249.0,3.0,5.702114417555504
49.5,5.0,0,20.0,25.0,Engineering manager,1.0,"Hybrid (some remote, leans heavy to in-person)",Software Development,DEU,13.0,6.0,116015.0,3.0,5.702114417555504
29.5,4.0,0,4.0,8.0,"Developer, full-stack",0.0,"Hybrid (some in-person, leans heavy to flexibility)",Other:,USA,4.0,2.0,102000.0,3.0,9.903487552536127
39.5,4.0,0,9.0,14.0,"Developer, back-end",0.0,Remote,Software Development,GBR,2.0,2.0,91215.0,3.0,2.302585092994046
21.0,4.0,0,1.0,5.0,"Developer, full-stack",0.0,"Your choice (very flexible, you can come in when you want or just as needed)",Software Development,EST,4.0,3.0,29236.0,3.0,4.085976312551584
49.5,5.0,0,25.0,30.0,Engineering manager,1.0,Remote,Software Development,CAN,11.0,3.0,131325.0,3.0,2.302585092994046
59.5,5.0,0,37.0,37.0,"Developer, full-stack",1.0,"Hybrid (some in-person, leans heavy to flexibility)",Fintech,ARG,5.0,3.0,68245.0,2.0,8.006200887093147
49.5,5.0,0,27.0,17.0,"Developer, back-end",0.0,"Hybrid (some in-person, leans heavy to flexibility)",Retail and Consumer Services,NOR,11.0,2.0,118593.0,3.0,4.085976312551584
49.5,4.0,0,32.0,42.0,"Developer, full-stack",0.0,Remote,"Internet, Telecomm or Information Services",GBR,5.0,1.0,117082.0,3.0,8.922591630635415
59.5,6.0,0,35.0,35.0,Academic researcher,0.0,"Hybrid (some in-person, leans heavy to flexibility)",Higher Education,ESP,6.0,3.0,75410.0,3.0,8.922591630635415
39.5,5.0,0,13.0,23.0,"Developer, full-stack",0.0,"Hybrid (some remote, leans heavy to in-person)",Other:,DEU,7.0,3.0,87011.0,3.0,2.302585092994046
39.5,4.0,0,18.0,18.0,"Architect, software or solutions",0.0,"Hybrid (some in-person, leans heavy to flexibility)",Manufacturing,DEU,5.0,3.0,98612.0,3.0,9.903487552536127
29.5,4.0,0,13.0,23.0,"Developer, full-stack",0.0,Remote,Healthcare,USA,8.0,3.0,175000.0,3.0,5.702114417555504
59.5,4.0,0,32.0,40.0,Engineering manager,1.0,"Hybrid (some in-person, leans heavy to flexibility)","Internet, Telecomm or Information Services",CAN,1.0,,102142.0,3.0,5.702114417555504
49.5,4.0,0,27.0,35.0,"Developer, full-stack",0.0,"Your choice (very flexible, you can come in when you want or just as needed)",Software Development,CAN,9.0,1.0,161968.0,3.0,0.0
39.5,4.0,0,11.0,15.0,Engineering manager,0.0,"Your choice (very flexible, you can come in when you want or just as needed)",Media & Advertising Services,USA,4.0,5.0,160000.0,3.0,5.702114417555504
39.5,5.0,1,20.0,25.0,"Architect, software or solutions",0.0,Remote,Software Development,UKR,8.0,13.0,96000.0,2.0,0.0
49.5,5.0,0,33.0,40.0,"Architect, software or solutions",0.0,Remote,Healthcare,USA,6.0,3.0,145000.0,3.0,5.702114417555504
29.5,2.0,1,9.0,14.0,DevOps engineer or professional,0.0,Remote,Software Development,USA,17.0,3.0,210000.0,3.0,0.0
49.5,4.0,1,20.0,8.0,"Developer, full-stack",,,Higher Education,USA,7.0,,40000.0,3.0,
29.5,5.0,0,11.0,15.0,"Developer, full-stack",0.0,"Your choice (very flexible, you can come in when you want or just as needed)",Software Development,CZE,15.0,10.0,79570.0,3.0,8.006200887093147
39.5,6.0,0,13.0,30.0,DevOps engineer or professional,0.0,In-person,Other:,USA,7.0,3.0,160000.0,3.0,2.302585092994046
29.5,5.0,1,10.0,20.0,"Developer, full-stack",0.0,Remote,Software Development,ESP,7.0,7.0,127616.0,3.0,2.302585092994046
29.5,2.0,1,15.0,20.0,"Developer, full-stack",,,Software Development,USA,9.0,3.0,150000.0,3.0,
39.5,3.0,0,12.0,26.0,"Developer, full-stack",0.0,Remote,Media & Advertising Services,USA,4.0,1.0,120000.0,3.0,4.085976312551584
29.5,2.0,0,8.0,12.0,"Developer, full-stack",0.0,Remote,Software Development,DEU,4.0,5.0,80050.0,3.0,9.903487552536127
39.5,4.0,0,14.0,20.0,"Developer, mobile",0.0,Remote,Software Development,USA,4.0,,130000.0,3.0,2.302585092994046
29.5,4.0,0,2.0,9.0,"Developer, back-end",0.0,"Hybrid (some in-person, leans heavy to flexibility)",Software Development,USA,12.0,1.0,133000.0,3.0,6.619406317542652
21.0,4.0,0,5.0,5.0,"Developer, back-end",0.0,In-person,Banking/Financial Services,CMR,6.0,7.0,12737.0,1.0,4.085976312551584
39.5,4.0,0,26.0,28.0,"Developer, front-end",0.0,Remote,Media & Advertising Services,USA,4.0,2.0,128000.0,3.0,4.085976312551584
49.5,5.0,1,25.0,30.0,"Founder, technology or otherwise",,,"Internet, Telecomm or Information Services",AUS,4.0,2.0,650094.0,3.0,
29.5,4.0,0,2.0,4.0,"Developer, back-end",0.0,"Hybrid (some in-person, leans heavy to flexibility)",Software Development,ITA,6.0,2.0,32484.0,3.0,4.085976312551584
59.5,4.0,1,37.0,45.0,Data engineer,,,Other:,AUS,8.0,3.0,97514.0,3.0,
29.5,2.0,0,3.0,12.0,"Developer, embedded applications or devices",0.0,In-person,Computer Systems Design and Services,RUS,7.0,2.0,60000.0,3.0,8.006200887093147
49.5,2.0,1,15.0,20.0,"Developer, back-end",,,Banking/Financial Services,POL,4.0,7.0,6550.0,3.0,
49.5,5.0,0,24.0,33.0,"Developer, full-stack",0.0,In-person,Retail and Consumer Services,FRA,7.0,3.0,131445.0,3.0,4.085976312551584
39.5,4.0,0,24.0,30.0,"Developer, full-stack",0.0,"Your choice (very flexible, you can come in when you want or just as needed)",Healthcare,DEU,10.0,1.0,104413.0,3.0,4.085976312551584
59.5,2.0,1,42.0,48.0,Applied scientist,0.0,Remote,Software Development,USA,4.0,,45000.0,3.0,0.0
29.5,4.0,0,8.0,12.0,"Architect, software or solutions",0.0,In-person,Other:,FRA,7.0,,116015.0,3.0,5.702114417555504
29.5,5.0,0,1.0,4.0,"Developer, back-end",0.0,Remote,Software Development,UKR,7.0,4.0,3451.0,2.0,4.085976312551584
39.5,4.0,0,10.0,15.0,"Developer, full-stack",0.0,"Hybrid (some remote, leans heavy to in-person)","Internet, Telecomm or Information Services",USA,7.0,2.0,97000.0,3.0,
29.5,4.0,0,11.0,16.0,"Architect, software or solutions",0.0,Remote,Software Development,NZL,8.0,,174682.0,3.0,5.702114417555504
29.5,5.0,0,8.0,14.0,"Developer, game or graphics",0.0,"Hybrid (some remote, leans heavy to in-person)",Software Development,GBR,2.0,,57588.0,3.0,4.085976312551584
49.5,5.0,0,20.0,25.0,Cloud infrastructure engineer,0.0,"Your choice (very flexible, you can come in when you want or just as needed)",Other:,AUS,,,113116.0,3.0,8.006200887093147
39.5,2.0,0,11.0,16.0,"Developer, back-end",0.0,Remote,Software Development,ESP,6.0,1.0,110000.0,3.0,4.085976312551584
39.5,4.0,0,8.0,20.0,"Developer, desktop or enterprise applications",0.0,Remote,Software Development,SRB,10.0,8.0,46331.0,2.0,8.006200887093147
29.5,4.0,0,11.0,11.0,"Developer, full-stack",0.0,In-person,Other:,GBR,7.0,5.0,50042.0,3.0,5.702114417555504
21.0,4.0,0,4.0,10.0,"Developer, full-stack",0.0,"Hybrid (some remote, leans heavy to in-person)",Other:,DEU,,,52207.0,3.0,6.619406317542652
29.5,4.0,1,7.0,12.0,"Developer, full-stack",,,Software Development,IND,10.0,5.0,34872.0,1.0,
39.5,5.0,0,17.0,23.0,"Developer, full-stack",0.0,"Your choice (very flexible, you can come in when you want or just as needed)",Software Development,DEU,7.0,3.0,104413.0,3.0,5.702114417555504
29.5,5.0,0,8.0,13.0,"Architect, software or solutions",0.0,Remote,Software Development,IND,,,51145.0,1.0,4.085976312551584
39.5,4.0,0,13.0,16.0,"Developer, back-end",0.0,Remote,Software Development,COL,6.0,5.0,140000.0,2.0,5.702114417555504
59.5,5.0,0,33.0,43.0,"Developer, back-end",0.0,"Hybrid (some in-person, leans heavy to flexibility)",Software Development,NLD,6.0,3.0,93972.0,3.0,8.006200887093147
39.5,1.0,1,15.0,17.0,"Developer, full-stack",,,Software Development,ISR,2.0,1.0,36768.0,3.0,
29.5,5.0,0,3.0,5.0,"Developer, full-stack",0.0,"Hybrid (some remote, leans heavy to in-person)","Internet, Telecomm or Information Services",FRA,,,24363.0,3.0,9.903487552536127
39.5,4.0,0,12.0,25.0,"Architect, software or solutions",1.0,"Hybrid (some remote, leans heavy to in-person)",Other:,ISR,5.0,3.0,180015.0,3.0,9.903487552536127
29.5,6.0,0,15.0,20.0,"Developer, back-end",0.0,"Hybrid (some remote, leans heavy to in-person)",Software Development,FRA,2.0,,118335.0,3.0,9.903487552536127
59.5,6.0,1,45.0,50.0,"Founder, technology or otherwise",0.0,"Your choice (very flexible, you can come in when you want or just as needed)",Software Development,FRA,4.0,,232029.0,3.0,2.302585092994046
21.0,2.0,0,6.0,10.0,"Developer, back-end",0.0,"Hybrid (some in-person, leans heavy to flexibility)",Software Development,ESP,10.0,3.0,63808.0,3.0,8.006200887093147
39.5,2.0,0,7.0,20.0,"Developer, full-stack",0.0,Remote,Media & Advertising Services,AUT,6.0,2.0,92812.0,3.0,4.085976312551584
39.5,5.0,0,15.0,20.0,"Developer, back-end",1.0,"Your choice (very flexible, you can come in when you want or just as needed)",Energy,GBR,4.0,2.0,125250.0,3.0,9.903487552536127
49.5,4.0,0,24.0,30.0,"Senior executive (C-suite, VP, etc.)",,"Hybrid (some in-person, leans heavy to flexibility)",Other:,USA,5.0,8.0,210000.0,3.0,4.085976312551584
39.5,5.0,1,23.0,32.0,"Developer, embedded applications or devices",,,Software Development,AUT,5.0,1.0,139218.0,3.0,
39.5,5.0,0,11.0,17.0,"Developer, desktop or enterprise applications",0.0,"Your choice (very flexible, you can come in when you want or just as needed)",Energy,FRA,3.0,,52207.0,3.0,4.085976312551584
39.5,4.0,1,12.0,14.0,"Developer, embedded applications or devices",,,Other:,POL,12.0,,78595.0,3.0,
39.5,2.0,0,26.0,28.0,"Developer, back-end",0.0,"Your choice (very flexible, you can come in when you want or just as needed)",Software Development,USA,,,185000.0,3.0,6.619406317542652
49.5,5.0,0,30.0,40.0,"Developer, mobile",0.0,"Hybrid (some remote, leans heavy to in-person)","Transportation, or Supply Chain",DEU,3.0,1.0,97452.0,3.0,9.903487552536127
29.5,4.0,0,7.0,10.0,"Developer, back-end",0.0,Remote,Government,KOR,14.0,7.0,140000.0,3.0,2.302585092994046
39.5,4.0,1,18.0,30.0,"Developer, back-end",,,Software Development,CZE,8.0,3.0,93611.0,3.0,
,2.0,0,1.0,4.0,"Developer, full-stack",0.0,"Hybrid (some remote, leans heavy to in-person)",Software Development,USA,9.0,3.0,165000.0,3.0,9.903487552536127
59.5,4.0,0,36.0,34.0,"Developer, full-stack",0.0,Remote,Healthcare,USA,6.0,3.0,180000.0,3.0,9.903487552536127
29.5,4.0,0,7.0,21.0,"Developer, full-stack",0.0,Remote,Software Development,DEU,7.0,4.0,104413.0,3.0,5.702114417555504
29.5,4.0,0,14.0,15.0,"Developer, full-stack",1.0,"Hybrid (some remote, leans heavy to in-person)",Media & Advertising Services,GBR,3.0,5.0,108913.0,3.0,4.085976312551584
39.5,5.0,0,8.0,10.0,"Developer, desktop or enterprise applications",0.0,Remote,Media & Advertising Services,RUS,1.0,,26795.0,3.0,5.702114417555504
21.0,4.0,0,1.0,5.0,"Developer, embedded applications or devices",0.0,In-person,"Transportation, or Supply Chain",CAN,12.0,2.0,70574.0,3.0,9.903487552536127
29.5,5.0,0,3.0,20.0,AI/ML engineer,0.0,"Hybrid (some in-person, leans heavy to flexibility)",Software Development,IND,5.0,6.0,58120.0,1.0,2.302585092994046
29.5,5.0,0,7.0,10.0,"Developer, mobile",0.0,Remote,"Internet, Telecomm or Information Services",UKR,,,65780.0,2.0,4.085976312551584
29.5,5.0,1,4.0,8.0,"Developer, back-end",,,Software Development,POL,3.0,2.0,81870.0,3.0,
39.5,2.0,0,17.0,30.0,Engineering manager,1.0,Remote,Banking/Financial Services,USA,,,260000.0,3.0,9.903487552536127
49.5,4.0,0,28.0,42.0,Other (please specify):,1.0,Remote,Software Development,GBR,4.0,1.0,156563.0,3.0,8.006200887093147
49.5,4.0,0,20.0,30.0,"Architect, software or solutions",0.0,"Your choice (very flexible, you can come in when you want or just as needed)",Retail and Consumer Services,ESP,13.0,8.0,98612.0,3.0,8.922591630635415
29.5,4.0,0,7.0,6.0,"Developer, back-end",,,Manufacturing,CAN,,,80254.0,3.0,6.619406317542652
39.5,4.0,1,15.0,20.0,"Developer, full-stack",,,Software Development,ESP,,,116015.0,3.0,
39.5,4.0,0,20.0,27.0,"Developer, back-end",0.0,Remote,Software Development,USA,7.0,11.0,210000.0,3.0,5.702114417555504
21.0,2.0,0,5.0,6.0,"Developer, full-stack",0.0,"Hybrid (some in-person, leans heavy to flexibility)",Software Development,CAN,6.0,3.0,61285.0,3.0,2.302585092994046
29.5,2.0,0,14.0,4.0,Data engineer,0.0,In-person,Software Development,USA,5.0,3.0,160000.0,3.0,5.702114417555504
39.5,3.0,0,22.0,26.0,"Senior executive (C-suite, VP, etc.)",0.0,Remote,Software Development,USA,10.0,12.0,120000.0,3.0,2.302585092994046
39.5,4.0,1,20.0,20.0,Engineering manager,,,Software Development,IND,3.0,,27898.0,1.0,
29.5,4.0,0,8.0,14.0,"Developer, full-stack",0.0,Remote,Healthcare,CAN,6.0,2.0,118193.0,3.0,5.702114417555504
39.5,5.0,0,14.0,18.0,Data engineer,0.0,Remote,Healthcare,DEU,,,121815.0,3.0,9.903487552536127
29.5,5.0,0,8.0,12.0,"Developer, full-stack",0.0,"Hybrid (some in-person, leans heavy to flexibility)",Software Development,FRA,6.0,1.0,197225.0,3.0,5.702114417555504
49.5,5.0,0,26.0,38.0,"Developer, full-stack",0.0,Remote,Healthcare,USA,6.0,6.0,170000.0,3.0,5.702114417555504
21.0,4.0,0,1.0,4.0,"Developer, mobile",,In-person,Software Development,PAK,3.0,,2528.0,1.0,4.085976312551584
29.5,2.0,0,8.0,12.0,"Developer, desktop or enterprise applications",0.0,"Hybrid (some in-person, leans heavy to flexibility)",Fintech,DEU,9.0,5.0,69609.0,3.0,8.922591630635415
39.5,4.0,0,15.0,25.0,Other (please specify):,0.0,Remote,Software Development,USA,6.0,1.0,200000.0,3.0,9.903487552536127
39.5,4.0,0,12.0,18.0,"Developer, back-end",0.0,"Hybrid (some in-person, leans heavy to flexibility)",Fintech,SWE,3.0,3.0,84277.0,3.0,4.085976312551584
29.5,2.0,0,8.0,10.0,Other (please specify):,0.0,"Hybrid (some in-person, leans heavy to flexibility)",Software Development,ISR,7.0,2.0,137659.0,3.0,2.302585092994046
29.5,4.0,0,9.0,12.0,"Developer, back-end",0.0,"Your choice (very flexible, you can come in when you want or just as needed)",Software Development,CZE,,,149778.0,3.0,8.922591630635415
29.5,5.0,0,8.0,10.0,AI/ML engineer,0.0,Remote,Software Development,USA,6.0,2.0,300000.0,3.0,9.903487552536127
39.5,6.0,0,15.0,14.0,"Developer, back-end",0.0,"Hybrid (some in-person, leans heavy to flexibility)",Insurance,DEU,2.0,1.0,92812.0,3.0,8.006200887093147
21.0,2.0,0,3.0,4.0,"Developer, embedded applications or devices",0.0,"Hybrid (some remote, leans heavy to in-person)",Manufacturing,USA,5.0,2.0,65000.0,3.0,2.302585092994046
39.5,3.0,0,20.0,20.0,"Architect, software or solutions",0.0,"Hybrid (some remote, leans heavy to in-person)","Transportation, or Supply Chain",FIN,9.0,3.0,127616.0,3.0,4.085976312551584
29.5,5.0,0,9.0,10.0,"Developer, full-stack",1.0,"Hybrid (some in-person, leans heavy to flexibility)",Fintech,GBR,1.0,,163370.0,3.0,5.702114417555504
39.5,4.0,0,8.0,12.0,"Developer, full-stack",0.0,Remote,Retail and Consumer Services,ESP,4.0,2.0,110214.0,3.0,5.702114417555504
29.5,2.0,0,4.0,4.0,"Developer, back-end",0.0,In-person,Software Development,IND,5.0,1.0,7672.0,1.0,2.302585092994046
39.5,4.0,0,15.0,20.0,Cloud infrastructure engineer,0.0,Remote,Healthcare,USA,7.0,5.0,203000.0,3.0,6.619406317542652
39.5,5.0,0,21.0,27.0,Engineering manager,1.0,"Hybrid (some remote, leans heavy to in-person)",Software Development,DNK,7.0,2.0,101088.0,3.0,4.085976312551584
21.0,4.0,0,3.0,5.0,"Developer, back-end",0.0,Remote,Software Development,UKR,,,11983.0,2.0,8.006200887093147
39.5,5.0,0,9.0,,"Developer, full-stack",0.0,In-person,Fintech,NLD,7.0,2.0,208826.0,3.0,8.006200887093147
49.5,5.0,0,20.0,22.0,"Developer, back-end",0.0,"Your choice (very flexible, you can come in when you want or just as needed)",Other:,SRB,,,110214.0,2.0,4.085976312551584
29.5,5.0,0,9.0,10.0,"Developer, front-end",0.0,Remote,Other:,CZE,5.0,,64592.0,3.0,5.702114417555504
59.5,4.0,1,45.0,50.0,"Developer, back-end",,,Software Development,USA,2.0,1.0,180000.0,3.0,
39.5,4.0,0,18.0,21.0,"Developer, full-stack",0.0,"Your choice (very flexible, you can come in when you want or just as needed)",Fintech,USA,6.0,,170000.0,3.0,4.085976312551584
39.5,2.0,0,15.0,15.0,"Developer, full-stack",0.0,Remote,Software Development,USA,9.0,3.0,124000.0,3.0,2.302585092994046
39.5,4.0,0,25.0,30.0,Engineering manager,1.0,Remote,Other:,USA,8.0,7.0,335000.0,3.0,6.619406317542652
29.5,4.0,0,4.0,5.0,"Developer, back-end",0.0,"Hybrid (some in-person, leans heavy to flexibility)",Fintech,RUS,3.0,3.0,41340.0,3.0,4.085976312551584
39.5,5.0,0,18.0,28.0,"Developer, back-end",0.0,Remote,Software Development,CZE,4.0,3.0,93611.0,3.0,9.903487552536127
29.5,5.0,0,9.0,12.0,"Developer, mobile",0.0,"Hybrid (some in-person, leans heavy to flexibility)",Fintech,USA,3.0,,150000.0,3.0,9.903487552536127
29.5,2.0,0,2.0,3.0,"Developer, mobile",0.0,"Hybrid (some in-person, leans heavy to flexibility)",Software Development,ESP,1.0,2.0,32484.0,3.0,2.302585092994046
29.5,5.0,0,13.0,19.0,"Developer, full-stack",0.0,Remote,Software Development,POL,7.0,7.0,75000.0,3.0,2.302585092994046
59.5,4.0,1,30.0,40.0,"Developer, back-end",0.0,Remote,Fintech,GBR,4.0,3.0,136141.0,3.0,8.006200887093147
59.5,5.0,0,31.0,42.0,"Developer, full-stack",1.0,"Hybrid (some in-person, leans heavy to flexibility)",Software Development,DEU,6.0,3.0,75410.0,3.0,5.702114417555504
39.5,5.0,0,15.0,30.0,"Developer, desktop or enterprise applications",0.0,Remote,Manufacturing,GBR,8.0,,104829.0,3.0,8.006200887093147
29.5,4.0,0,12.0,15.0,Support engineer or analyst,1.0,Remote,Software Development,BRA,6.0,6.0,54000.0,2.0,8.006200887093147
39.5,1.0,0,15.0,15.0,"Developer, full-stack",0.0,Remote,Software Development,GBR,6.0,3.0,68071.0,3.0,4.085976312551584
39.5,5.0,1,15.0,30.0,"Developer, full-stack",,,"Transportation, or Supply Chain",FRA,8.0,6.0,75410.0,3.0,
29.5,5.0,0,9.0,11.0,"Developer, back-end",0.0,Remote,Other:,USA,4.0,,111000.0,3.0,8.006200887093147
39.5,4.0,0,10.0,20.0,"Developer, full-stack",0.0,"Hybrid (some remote, leans heavy to in-person)",Software Development,DEU,13.0,9.0,116015.0,3.0,6.619406317542652
49.5,2.0,0,30.0,35.0,"Developer, desktop or enterprise applications",0.0,Remote,"Internet, Telecomm or Information Services",DEU,7.0,4.0,94552.0,3.0,9.903487552536127
,1.0,0,3.0,5.0,"Developer, desktop or enterprise applications",0.0,"Hybrid (some in-person, leans heavy to flexibility)",Software Development,AUT,5.0,1.0,23203.0,3.0,4.085976312551584
39.5,4.0,0,19.0,22.0,"Architect, software or solutions",0.0,"Hybrid (some remote, leans heavy to in-person)",Software Development,USA,2.0,2.0,330000.0,3.0,8.922591630635415
29.5,3.0,0,9.0,13.0,"Developer, full-stack",0.0,Remote,Fintech,BRA,4.0,4.0,74271.0,2.0,5.702114417555504
21.0,4.0,0,4.0,11.0,Academic researcher,0.0,"Hybrid (some remote, leans heavy to in-person)",Higher Education,USA,8.0,1.0,65000.0,3.0,9.903487552536127
29.5,4.0,0,2.0,10.0,Applied scientist,0.0,"Your choice (very flexible, you can come in when you want or just as needed)",Other:,ESP,9.0,3.0,23203.0,3.0,4.085976312551584
49.5,4.0,0,25.0,43.0,"Developer, back-end",0.0,"Hybrid (some remote, leans heavy to in-person)",Other:,IRL,6.0,4.0,156620.0,3.0,8.006200887093147
29.5,4.0,0,9.0,12.0,"Developer, front-end",0.0,Remote,Other:,BRA,3.0,4.0,36407.0,2.0,9.903487552536127
21.0,4.0,1,5.0,7.0,"Developer, back-end",,,"Internet, Telecomm or Information Services",COL,5.0,7.0,39874.0,2.0,
21.0,4.0,0,1.0,4.0,"Developer, full-stack",0.0,"Hybrid (some in-person, leans heavy to flexibility)",Software Development,USA,8.0,,87000.0,3.0,8.006200887093147
39.5,4.0,0,15.0,25.0,"Developer, embedded applications or devices",0.0,"Hybrid (some in-person, leans heavy to flexibility)","Transportation, or Supply Chain",USA,5.0,,180000.0,3.0,5.702114417555504
39.5,5.0,0,14.0,10.0,"Developer, full-stack",0.0,"Hybrid (some in-person, leans heavy to flexibility)",Other:,NZL,7.0,2.0,71078.0,3.0,6.619406317542652
29.5,2.0,0,16.0,20.0,"Developer, full-stack",0.0,Remote,Other:,ESP,3.0,,174022.0,3.0,5.702114417555504
39.5,4.0,0,10.0,12.0,"Developer, back-end",0.0,Remote,Fintech,CAN,4.0,2.0,149565.0,3.0,8.006200887093147
39.5,4.0,0,17.0,14.0,"Developer, front-end",0.0,"Hybrid (some in-person, leans heavy to flexibility)",Manufacturing,USA,4.0,,164000.0,3.0,9.903487552536127
29.5,5.0,0,10.0,20.0,"Developer, full-stack",0.0,"Your choice (very flexible, you can come in when you want or just as needed)",Software Development,POL,8.0,9.0,73683.0,3.0,4.085976312551584
29.5,2.0,0,8.0,14.0,"Developer, full-stack",0.0,Remote,Software Development,CAN,4.0,,86631.0,3.0,2.302585092994046
39.5,4.0,0,5.0,7.0,"Developer, full-stack",0.0,Remote,Other:,USA,9.0,2.0,148000.0,3.0,8.006200887093147
29.5,4.0,0,6.0,14.0,AI/ML engineer,0.0,"Hybrid (some remote, leans heavy to in-person)",Software Development,USA,6.0,1.0,275000.0,3.0,9.903487552536127
21.0,4.0,0,1.0,6.0,"Developer, full-stack",0.0,Remote,Software Development,NZL,6.0,1.0,34936.0,3.0,2.302585092994046
59.5,1.0,0,24.0,24.0,"Developer, full-stack",0.0,Remote,Other:,USA,6.0,2.0,80000.0,3.0,8.006200887093147
29.5,2.0,0,1.0,16.0,"Developer, full-stack",0.0,Remote,"Transportation, or Supply Chain",USA,13.0,5.0,60000.0,3.0,4.085976312551584
21.0,4.0,0,,4.0,"Developer, full-stack",0.0,Remote,Software Development,IND,7.0,2.0,6335.0,1.0,2.302585092994046
49.5,4.0,0,28.0,37.0,"Developer, full-stack",0.0,Remote,Software Development,AUS,,,81262.0,3.0,4.085976312551584
49.5,4.0,0,25.0,35.0,"Developer, full-stack",1.0,"Your choice (very flexible, you can come in when you want or just as needed)",Software Development,JPN,7.0,2.0,55271.0,3.0,2.302585092994046
39.5,4.0,0,19.0,21.0,"Developer, full-stack",0.0,Remote,"Transportation, or Supply Chain",USA,1.0,1.0,150000.0,3.0,2.302585092994046
39.5,4.0,0,25.0,20.0,"Developer, desktop or enterprise applications",1.0,In-person,"Internet, Telecomm or Information Services",IND,2.0,4.0,58120.0,1.0,6.619406317542652
39.5,4.0,0,20.0,10.0,"Developer, full-stack",0.0,"Hybrid (some remote, leans heavy to in-person)",Insurance,USA,,,130000.0,3.0,9.903487552536127
39.5,4.0,0,16.0,22.0,"Developer, desktop or enterprise applications",0.0,"Hybrid (some remote, leans heavy to in-person)",Government,USA,1.0,2.0,160000.0,3.0,9.903487552536127
29.5,4.0,0,10.0,15.0,"Developer, full-stack",1.0,"Hybrid (some in-person, leans heavy to flexibility)",Software Development,ZAF,,,56379.0,2.0,4.085976312551584
59.5,5.0,0,30.0,35.0,"Developer, desktop or enterprise applications",0.0,"Hybrid (some in-person, leans heavy to flexibility)",Software Development,NLD,6.0,,116015.0,3.0,8.922591630635415
39.5,5.0,0,15.0,23.0,"Developer, back-end",0.0,In-person,Healthcare,,5.0,6.0,40663.0,,2.302585092994046
29.5,2.0,0,8.0,20.0,"Developer, full-stack",0.0,"Your choice (very flexible, you can come in when you want or just as needed)","Internet, Telecomm or Information Services",CHE,10.0,6.0,154991.0,3.0,9.903487552536127
49.5,1.0,0,20.0,30.0,"Developer, full-stack",1.0,In-person,Manufacturing,ITA,,5.0,52207.0,3.0,5.702114417555504
29.5,4.0,0,13.0,18.0,"Developer, full-stack",0.0,In-person,Software Development,,7.0,3.0,33886.0,,5.702114417555504
39.5,6.0,0,17.0,21.0,"Developer, back-end",1.0,"Hybrid (some in-person, leans heavy to flexibility)",Retail and Consumer Services,AUS,7.0,2.0,81262.0,3.0,8.006200887093147
39.5,2.0,1,4.0,9.0,DevOps engineer or professional,,,Software Development,USA,11.0,3.0,140000.0,3.0,
59.5,5.0,0,40.0,45.0,Other (please specify):,0.0,"Hybrid (some remote, leans heavy to in-person)",Higher Education,CHE,7.0,3.0,119033.0,3.0,5.702114417555504
29.5,4.0,0,5.0,13.0,"Developer, full-stack",0.0,In-person,Software Development,ZAF,3.0,3.0,1973.0,2.0,2.302585092994046
39.5,1.0,1,23.0,23.0,"Developer, back-end",,,Software Development,GBR,9.0,3.0,122527.0,3.0,
21.0,4.0,0,3.0,7.0,"Developer, full-stack",0.0,In-person,Software Development,IND,4.0,,41846.0,1.0,9.903487552536127
39.5,2.0,0,17.0,20.0,"Developer, game or graphics",0.0,"Your choice (very flexible, you can come in when you want or just as needed)",Software Development,NZL,4.0,,125290.0,3.0,4.085976312551584
39.5,6.0,0,24.0,28.0,"Developer, full-stack",0.0,"Hybrid (some remote, leans heavy to in-person)",Software Development,ITA,2.0,3.0,32484.0,3.0,5.702114417555504
21.0,4.0,0,1.0,6.0,AI/ML engineer,0.0,"Hybrid (some remote, leans heavy to in-person)",Banking/Financial Services,ARE,6.0,,26141.0,3.0,9.903487552536127
49.5,5.0,0,20.0,25.0,"Architect, software or solutions",0.0,"Your choice (very flexible, you can come in when you want or just as needed)",Software Development,ITA,7.0,2.0,44086.0,3.0,5.702114417555504
29.5,4.0,0,10.0,15.0,"Developer, full-stack",0.0,Remote,Software Development,ESP,,,89331.0,3.0,5.702114417555504
29.5,4.0,1,3.0,12.0,"Developer, full-stack",1.0,"Hybrid (some remote, leans heavy to in-person)",Media & Advertising Services,ITA,9.0,5.0,46406.0,3.0,2.302585092994046
39.5,5.0,0,20.0,27.0,"Developer, full-stack",0.0,Remote,Software Development,USA,8.0,2.0,220000.0,3.0,9.903487552536127
39.5,4.0,1,16.0,28.0,"Developer, full-stack",,,Software Development,GRC,7.0,7.0,139218.0,3.0,
29.5,5.0,0,9.0,9.0,"Developer, back-end",0.0,Remote,Fintech,DEU,,,116015.0,3.0,4.085976312551584
29.5,4.0,0,10.0,10.0,"Developer, front-end",0.0,Remote,Software Development,AZE,4.0,3.0,58795.0,2.0,8.006200887093147
29.5,4.0,1,6.0,8.0,"Developer, full-stack",0.0,Remote,Software Development,TUN,4.0,3.0,40000.0,1.0,0.0
39.5,5.0,0,14.0,28.0,"Developer, back-end",0.0,"Hybrid (some remote, leans heavy to in-person)",Software Development,SWE,3.0,,76729.0,3.0,9.903487552536127
39.5,4.0,0,17.0,13.0,"Developer, full-stack",0.0,"Your choice (very flexible, you can come in when you want or just as needed)",Software Development,GBR,6.0,5.0,61264.0,3.0,4.085976312551584
21.0,,0,1.0,3.0,"Developer, game or graphics",0.0,Remote,Software Development,IND,5.0,,50000.0,1.0,2.302585092994046
21.0,4.0,0,5.0,8.0,"Developer, full-stack",0.0,"Hybrid (some in-person, leans heavy to flexibility)","Internet, Telecomm or Information Services",HUN,7.0,3.0,34700.0,3.0,5.702114417555504
29.5,6.0,0,6.0,13.0,"Architect, software or solutions",0.0,In-person,Software Development,IND,,,2500000.0,1.0,9.903487552536127
29.5,3.0,1,6.0,10.0,"Developer, full-stack",,,Software Development,MAR,7.0,6.0,34804.0,1.0,
39.5,2.0,0,14.0,22.0,"Developer, mobile",0.0,"Hybrid (some in-person, leans heavy to flexibility)",Software Development,ZAF,5.0,,68218.0,2.0,8.006200887093147
29.5,4.0,0,10.0,17.0,Cloud infrastructure engineer,0.0,Remote,Fintech,CAN,7.0,6.0,196988.0,3.0,9.903487552536127
59.5,5.0,0,42.0,42.0,"Architect, software or solutions",1.0,"Hybrid (some in-person, leans heavy to flexibility)",Software Development,IRL,6.0,2.0,139218.0,3.0,4.085976312551584
29.5,4.0,0,6.0,13.0,"Developer, AI apps or physical AI",1.0,"Hybrid (some remote, leans heavy to in-person)",Other:,ITA,1.0,1.0,40605.0,3.0,8.006200887093147
29.5,5.0,0,2.0,6.0,"Developer, front-end",0.0,In-person,Software Development,POL,7.0,4.0,15009.0,3.0,2.302585092994046
29.5,5.0,0,11.0,11.0,"Developer, back-end",0.0,"Your choice (very flexible, you can come in when you want or just as needed)",Fintech,EST,3.0,2.0,69609.0,3.0,8.006200887093147
21.0,3.0,0,4.0,7.0,"Developer, front-end",0.0,Remote,Software Development,HUN,9.0,1.0,24290.0,3.0,6.619406317542652
39.5,4.0,0,18.0,25.0,"Developer, full-stack",0.0,"Hybrid (some remote, leans heavy to in-person)",Software Development,HUN,8.0,5.0,49158.0,3.0,5.702114417555504
39.5,5.0,0,16.0,18.0,"Developer, mobile",0.0,"Hybrid (some remote, leans heavy to in-person)",Software Development,DEU,,,162421.0,3.0,5.702114417555504
59.5,4.0,1,23.0,25.0,"Developer, desktop or enterprise applications",,,Manufacturing,ZAF,3.0,1.0,10148.0,2.0,
39.5,2.0,0,20.0,24.0,"Developer, full-stack",0.0,Remote,Fintech,ZAF,3.0,1.0,168421.0,2.0,2.302585092994046
39.5,4.0,1,20.0,25.0,"Developer, full-stack",,,"Transportation, or Supply Chain",CHE,6.0,2.0,123993.0,3.0,
39.5,4.0,0,18.0,25.0,"Developer, full-stack",1.0,"Hybrid (some remote, leans heavy to in-person)","Internet, Telecomm or Information Services",FRA,5.0,5.0,67289.0,3.0,6.619406317542652
59.5,4.0,0,40.0,40.0,"Developer, full-stack",0.0,Remote,Software Development,USA,5.0,3.0,96000.0,3.0,2.302585092994046
39.5,3.0,0,8.0,27.0,"Developer, back-end",0.0,Remote,Retail and Consumer Services,ESP,3.0,2.0,45246.0,3.0,8.006200887093147
59.5,2.0,0,43.0,45.0,"Developer, embedded applications or devices",0.0,In-person,"Internet, Telecomm or Information Services",NOR,3.0,1.0,97839.0,3.0,4.085976312551584
29.5,6.0,0,5.0,10.0,"Developer, full-stack",0.0,"Your choice (very flexible, you can come in when you want or just as needed)",Software Development,GBR,7.0,5.0,77383.0,3.0,8.006200887093147
39.5,3.0,0,15.0,15.0,Data engineer,0.0,Remote,Healthcare,CHL,4.0,4.0,56972.0,3.0,8.006200887093147
39.5,4.0,0,17.0,28.0,"Developer, full-stack",0.0,"Hybrid (some in-person, leans heavy to flexibility)",Healthcare,USA,3.0,4.0,180000.0,3.0,2.302585092994046
29.5,5.0,0,7.0,7.0,"Developer, full-stack",0.0,Remote,"Transportation, or Supply Chain",FRA,5.0,4.0,75410.0,3.0,5.702114417555504
59.5,4.0,1,42.0,44.0,"Founder, technology or otherwise",,,Software Development,AUS,7.0,2.0,97514.0,3.0,
59.5,3.0,1,40.0,48.0,"Senior executive (C-suite, VP, etc.)",,,"Internet, Telecomm or Information Services",DEU,6.0,4.0,278435.0,3.0,
39.5,2.0,0,10.0,20.0,"Developer, full-stack",0.0,"Hybrid (some remote, leans heavy to in-person)",Software Development,DEU,4.0,6.0,75410.0,3.0,4.085976312551584
39.5,4.0,1,10.0,20.0,"Developer, full-stack",,,Software Development,HRV,5.0,3.0,63808.0,3.0,
39.5,5.0,0,15.0,25.0,"Architect, software or solutions",0.0,In-person,Software Development,SWE,5.0,,73375.0,3.0,8.006200887093147
21.0,1.0,0,2.0,4.0,"Developer, back-end",0.0,"Hybrid (some in-person, leans heavy to flexibility)",Banking/Financial Services,ARG,2.0,1.0,15355.0,2.0,8.922591630635415
21.0,4.0,0,3.0,10.0,"Architect, software or solutions",0.0,Remote,Software Development,BRA,6.0,4.0,9102.0,2.0,2.302585092994046
49.5,2.0,1,25.0,33.0,"Developer, back-end",,,Healthcare,POL,2.0,4.0,160000.0,3.0,
21.0,4.0,0,2.0,8.0,"Developer, back-end",0.0,In-person,"Transportation, or Supply Chain",IND,2.0,,30222.0,1.0,8.006200887093147
21.0,4.0,0,3.0,10.0,"Developer, game or graphics",0.0,"Hybrid (some remote, leans heavy to in-person)",Software Development,GBR,5.0,1.0,70794.0,3.0,5.702114417555504
29.5,6.0,0,5.0,10.0,Academic researcher,0.0,In-person,Software Development,ESP,6.0,,27844.0,3.0,8.006200887093147
39.5,4.0,1,15.0,20.0,"Developer, full-stack",,,Insurance,PRY,,2.0,96000.0,2.0,
39.5,5.0,0,25.0,25.0,"Developer, full-stack",0.0,"Hybrid (some in-person, leans heavy to flexibility)",Healthcare,ISR,7.0,4.0,123540.0,3.0,2.302585092994046
29.5,1.0,0,7.0,8.0,"Developer, full-stack",0.0,Remote,Retail and Consumer Services,USA,5.0,2.0,107000.0,3.0,8.006200887093147
39.5,5.0,1,19.0,30.0,"Developer, full-stack",,,Software Development,NLD,7.0,3.0,87011.0,3.0,
29.5,4.0,0,8.0,14.0,"Developer, full-stack",0.0,"Hybrid (some remote, leans heavy to in-person)",Other:,USA,7.0,6.0,160000.0,3.0,5.702114417555504
29.5,4.0,0,8.0,11.0,"Developer, full-stack",0.0,Remote,Software Development,CHL,5.0,5.0,38171.0,3.0,2.302585092994046
39.5,5.0,1,13.0,13.0,"Developer, full-stack",1.0,"Your choice (very flexible, you can come in when you want or just as needed)","Internet, Telecomm or Information Services",POL,2.0,2.0,229235.0,3.0,9.903487552536127
49.5,4.0,0,32.0,27.0,"Developer, full-stack",0.0,Remote,Manufacturing,USA,6.0,3.0,180000.0,3.0,9.903487552536127
29.5,4.0,0,13.0,20.0,"Architect, software or solutions",0.0,"Your choice (very flexible, you can come in when you want or just as needed)",Other:,BRA,11.0,4.0,136528.0,2.0,5.702114417555504
21.0,4.0,1,5.0,14.0,Cybersecurity or InfoSec professional,0.0,Remote,Software Development,LKA,10.0,5.0,60000.0,2.0,0.0
49.5,1.0,1,25.0,30.0,"Developer, full-stack",,,Energy,CZE,7.0,5.0,35104.0,3.0,
29.5,4.0,0,4.0,7.0,"Developer, embedded applications or devices",0.0,In-person,Other:,USA,8.0,,104225.0,3.0,9.903487552536127
59.5,4.0,0,35.0,45.0,"Developer, back-end",0.0,Remote,Government,GBR,5.0,2.0,73262.0,3.0,4.085976312551584
39.5,4.0,0,2.0,3.0,AI/ML engineer,0.0,"Hybrid (some remote, leans heavy to in-person)",Retail and Consumer Services,PHL,6.0,3.0,54432.0,2.0,9.903487552536127
29.5,4.0,0,3.0,5.0,"Developer, front-end",0.0,"Hybrid (some in-person, leans heavy to flexibility)",Software Development,ITA,7.0,3.0,27844.0,3.0,8.922591630635415
29.5,4.0,0,4.0,8.0,"Developer, front-end",0.0,"Your choice (very flexible, you can come in when you want or just as needed)",Software Development,CAN,6.0,3.0,84267.0,3.0,8.006200887093147
29.5,4.0,0,5.0,6.0,"Developer, full-stack",0.0,"Hybrid (some in-person, leans heavy to flexibility)",Healthcare,USA,5.0,3.0,89000.0,3.0,9.903487552536127
39.5,4.0,0,16.0,20.0,"Developer, full-stack",0.0,Remote,Software Development,NIC,7.0,5.0,215000.0,1.0,4.085976312551584
39.5,5.0,0,12.0,16.0,Data engineer,0.0,"Hybrid (some in-person, leans heavy to flexibility)",Software Development,USA,1.0,1.0,175000.0,3.0,8.922591630635415
49.5,4.0,0,26.0,32.0,"Developer, back-end",0.0,In-person,Fintech,ZAF,6.0,3.0,74420.0,2.0,5.702114417555504
29.5,6.0,0,4.0,17.0,Other (please specify):,1.0,"Hybrid (some remote, leans heavy to in-person)",Higher Education,ITA,4.0,,46406.0,3.0,8.006200887093147
21.0,4.0,0,4.0,7.0,"Developer, full-stack",0.0,Remote,Software Development,USA,5.0,1.0,75000.0,3.0,5.702114417555504
59.5,3.0,1,40.0,46.0,"Developer, desktop or enterprise applications",,,Other:,IRL,5.0,,139218.0,3.0,
21.0,4.0,0,1.0,5.0,"Developer, full-stack",0.0,Remote,Fintech,EGY,9.0,8.0,7989.0,1.0,2.302585092994046
39.5,4.0,0,15.0,27.0,"Developer, back-end",0.0,Remote,Software Development,USA,16.0,6.0,152000.0,3.0,9.903487552536127
39.5,5.0,1,14.0,15.0,"Architect, software or solutions",0.0,Remote,Software Development,USA,,,120560.0,3.0,8.922591630635415
29.5,3.0,0,10.0,14.0,"Developer, full-stack",0.0,Remote,Healthcare,BRA,12.0,5.0,50000.0,2.0,2.302585092994046
29.5,4.0,0,6.0,10.0,"Developer, full-stack",0.0,"Hybrid (some in-person, leans heavy to flexibility)",Retail and Consumer Services,USA,3.0,4.0,225000.0,3.0,8.006200887093147
39.5,5.0,0,18.0,15.0,Engineering manager,1.0,Remote,Software Development,USA,4.0,4.0,188000.0,3.0,5.702114417555504
39.5,4.0,0,16.0,27.0,"Developer, full-stack",0.0,Remote,Software Development,USA,10.0,9.0,250000.0,3.0,9.903487552536127
29.5,4.0,0,3.0,8.0,"Developer, back-end",0.0,"Hybrid (some in-person, leans heavy to flexibility)",Software Development,IND,7.0,5.0,8834.0,1.0,5.702114417555504
39.5,4.0,1,22.0,26.0,"Architect, software or solutions",1.0,"Hybrid (some in-person, leans heavy to flexibility)",Software Development,PAK,7.0,3.0,35116.0,1.0,2.302585092994046
29.5,4.0,0,12.0,15.0,"Developer, full-stack",0.0,In-person,Software Development,USA,5.0,3.0,190000.0,3.0,2.302585092994046
29.5,5.0,0,15.0,15.0,DevOps engineer or professional,0.0,"Hybrid (some in-person, leans heavy to flexibility)",Software Development,IND,8.0,10.0,39521.0,1.0,8.922591630635415
39.5,4.0,0,12.0,16.0,"Developer, desktop or enterprise applications",0.0,"Your choice (very flexible, you can come in when you want or just as needed)",Computer Systems Design and Services,MEX,5.0,3.0,26320.0,2.0,9.903487552536127
21.0,4.0,0,1.0,7.0,"Developer, front-end",0.0,"Hybrid (some in-person, leans heavy to flexibility)",Fintech,IND,3.0,2.0,10462.0,1.0,8.006200887093147
49.5,5.0,0,20.0,20.0,Engineering manager,1.0,Remote,Software Development,GBR,3.0,5.0,300000.0,3.0,8.006200887093147
49.5,4.0,1,25.0,30.0,Data engineer,0.0,Remote,Fintech,ESP,3.0,7.0,18000.0,3.0,2.302585092994046
39.5,5.0,0,20.0,20.0,"Developer, full-stack",,"Hybrid (some in-person, leans heavy to flexibility)",Software Development,FRA,5.0,4.0,81210.0,3.0,8.922591630635415
21.0,4.0,0,3.0,10.0,"Developer, front-end",0.0,In-person,Software Development,USA,,,160000.0,3.0,9.903487552536127
29.5,4.0,0,10.0,15.0,"Developer, desktop or enterprise applications",0.0,"Hybrid (some remote, leans heavy to in-person)",Manufacturing,USA,9.0,7.0,140000.0,3.0,
29.5,4.0,0,4.0,4.0,"Developer, back-end",0.0,"Hybrid (some remote, leans heavy to in-person)",Manufacturing,USA,,,160000.0,3.0,2.302585092994046
39.5,3.0,0,15.0,15.0,"Developer, full-stack",0.0,"Hybrid (some in-person, leans heavy to flexibility)",Other:,USA,7.0,,100000.0,3.0,4.085976312551584
21.0,4.0,0,3.0,8.0,"Developer, full-stack",0.0,"Hybrid (some remote, leans heavy to in-person)",Software Development,SVK,,,27844.0,3.0,4.085976312551584
49.5,5.0,0,24.0,35.0,"Developer, full-stack",0.0,"Hybrid (some in-person, leans heavy to flexibility)",Software Development,HUN,9.0,7.0,96870.0,3.0,5.702114417555504
39.5,2.0,0,11.0,11.0,"Developer, front-end",0.0,Remote,Software Development,USA,4.0,,158000.0,3.0,5.702114417555504
59.5,6.0,0,35.0,43.0,Data engineer,0.0,"Hybrid (some in-person, leans heavy to flexibility)",Healthcare,USA,4.0,1.0,250000.0,3.0,4.085976312551584
21.0,4.0,0,2.0,9.0,"Developer, mobile",0.0,Remote,Software Development,USA,1.0,1.0,80000.0,3.0,4.085976312551584
39.5,4.0,0,15.0,20.0,"Developer, full-stack",0.0,Remote,Software Development,GRC,6.0,5.0,63808.0,3.0,4.085976312551584
29.5,4.0,0,10.0,15.0,"Developer, full-stack",0.0,"Hybrid (some in-person, leans heavy to flexibility)",Other:,NLD,5.0,3.0,83531.0,3.0,5.702114417555504
49.5,5.0,0,30.0,40.0,"Senior executive (C-suite, VP, etc.)",0.0,Remote,Manufacturing,CHL,6.0,5.0,42412.0,3.0,2.302585092994046
39.5,4.0,0,10.0,16.0,Engineering manager,1.0,Remote,Banking/Financial Services,USA,6.0,2.0,180000.0,3.0,9.903487552536127
29.5,5.0,0,10.0,13.0,AI/ML engineer,0.0,"Hybrid (some in-person, leans heavy to flexibility)",Banking/Financial Services,GBR,1.0,2.0,129334.0,3.0,9.903487552536127
39.5,5.0,0,10.0,20.0,"Developer, full-stack",0.0,Remote,Higher Education,USA,5.0,4.0,105000.0,3.0,8.922591630635415
39.5,5.0,1,20.0,25.0,"Developer, full-stack",,,Software Development,GRC,,,5801.0,3.0,
21.0,5.0,1,4.0,7.0,Data engineer,,,"Internet, Telecomm or Information Services",POL,8.0,7.0,130992.0,3.0,
49.5,5.0,0,26.0,26.0,"Developer, desktop or enterprise applications",0.0,"Hybrid (some in-person, leans heavy to flexibility)",Software Development,NLD,8.0,1.0,70554.0,3.0,8.006200887093147
21.0,2.0,0,3.0,11.0,"Developer, front-end",0.0,"Your choice (very flexible, you can come in when you want or just as needed)",Software Development,USA,6.0,2.0,75000.0,3.0,4.085976312551584
29.5,5.0,0,10.0,18.0,DevOps engineer or professional,0.0,"Hybrid (some in-person, leans heavy to flexibility)",Computer Systems Design and Services,POL,4.0,4.0,51851.0,3.0,8.922591630635415
29.5,4.0,1,4.0,10.0,"Developer, full-stack",,,Software Development,CHL,6.0,5.0,2121.0,3.0,
29.5,4.0,0,3.0,7.0,"Developer, full-stack",0.0,Remote,Software Development,USA,10.0,2.0,96300.0,3.0,6.619406317542652
39.5,6.0,0,10.0,13.0,AI/ML engineer,0.0,Remote,Software Development,RUS,2.0,1.0,75000.0,3.0,4.085976312551584
39.5,5.0,0,12.0,19.0,"Developer, AI apps or physical AI",0.0,Remote,Media & Advertising Services,USA,2.0,3.0,380651.0,3.0,5.702114417555504
21.0,4.0,0,2.0,7.0,"Developer, full-stack",0.0,"Hybrid (some remote, leans heavy to in-person)",Higher Education,POL,4.0,2.0,35477.0,3.0,8.006200887093147
49.5,2.0,0,30.0,25.0,"Developer, front-end",0.0,"Hybrid (some remote, leans heavy to in-person)",Media & Advertising Services,USA,8.0,4.0,104000.0,3.0,2.302585092994046
39.5,4.0,0,5.0,10.0,"Developer, back-end",0.0,Remote,Fintech,BRA,4.0,3.0,40048.0,2.0,8.922591630635415
39.5,5.0,0,16.0,27.0,"Developer, embedded applications or devices",0.0,"Hybrid (some in-person, leans heavy to flexibility)",Manufacturing,USA,9.0,,110000.0,3.0,8.922591630635415
39.5,4.0,0,13.0,13.0,Data engineer,0.0,"Hybrid (some remote, leans heavy to in-person)",Computer Systems Design and Services,MEX,3.0,3.0,78959.0,2.0,9.903487552536127
21.0,4.0,0,3.0,9.0,"Developer, back-end",0.0,"Hybrid (some remote, leans heavy to in-person)",Software Development,IND,,,383591.0,1.0,5.702114417555504
29.5,4.0,0,4.0,7.0,"Developer, full-stack",0.0,Remote,Software Development,MEX,7.0,4.0,64927.0,2.0,5.702114417555504
21.0,4.0,0,,8.0,"Developer, back-end",0.0,Remote,Government,USA,2.0,2.0,85000.0,3.0,6.619406317542652
29.5,4.0,0,6.0,11.0,"Developer, back-end",0.0,"Hybrid (some in-person, leans heavy to flexibility)",Software Development,BRA,3.0,1.0,43689.0,2.0,9.903487552536127
29.5,5.0,0,6.0,12.0,"Developer, full-stack",0.0,Remote,Software Development,DZA,4.0,5.0,23114.0,2.0,2.302585092994046
49.5,4.0,0,30.0,35.0,Engineering manager,1.0,"Hybrid (some remote, leans heavy to in-person)",Other:,AUS,10.0,5.0,88413.0,3.0,4.085976312551584
39.5,4.0,0,10.0,12.0,"Developer, full-stack",0.0,Remote,Software Development,USA,6.0,3.0,180000.0,3.0,8.922591630635415
59.5,2.0,1,40.0,45.0,"Developer, full-stack",,,Software Development,USA,11.0,4.0,100000.0,3.0,
29.5,4.0,1,4.0,6.0,"Developer, desktop or enterprise applications",,,Other:,SVK,6.0,4.0,43993.0,3.0,
29.5,2.0,0,5.0,10.0,Data engineer,0.0,"Hybrid (some in-person, leans heavy to flexibility)",Retail and Consumer Services,BRA,7.0,4.0,25485.0,2.0,8.922591630635415
39.5,5.0,0,15.0,23.0,"Developer, full-stack",0.0,Remote,Manufacturing,FRA,8.0,5.0,63808.0,3.0,2.302585092994046
39.5,5.0,0,15.0,17.0,"Developer, full-stack",0.0,Remote,Software Development,CAN,8.0,2.0,199176.0,3.0,5.702114417555504
29.5,4.0,1,14.0,16.0,"Developer, full-stack",0.0,Remote,Software Development,ROU,4.0,5.0,97452.0,3.0,
49.5,4.0,0,25.0,25.0,"Developer, back-end",1.0,Remote,Software Development,USA,,,235000.0,3.0,8.006200887093147
39.5,5.0,0,23.0,25.0,"Developer, QA or test",0.0,"Hybrid (some remote, leans heavy to in-person)","Internet, Telecomm or Information Services",BRA,6.0,,57342.0,2.0,9.903487552536127
29.5,4.0,0,12.0,20.0,"Developer, desktop or enterprise applications",0.0,Remote,Software Development,USA,6.0,,440000.0,3.0,9.903487552536127
21.0,1.0,1,3.0,8.0,"Senior executive (C-suite, VP, etc.)",1.0,"Hybrid (some remote, leans heavy to in-person)",Software Development,USA,11.0,8.0,950000.0,3.0,5.702114417555504
39.5,4.0,0,23.0,6.0,"Developer, front-end",0.0,Remote,Software Development,UKR,3.0,1.0,30000.0,2.0,0.0
39.5,5.0,0,10.0,17.0,"Developer, back-end",0.0,"Your choice (very flexible, you can come in when you want or just as needed)",Software Development,POL,7.0,3.0,60038.0,3.0,4.085976312551584
29.5,4.0,0,7.0,11.0,"Architect, software or solutions",0.0,"Your choice (very flexible, you can come in when you want or just as needed)",Software Development,BRA,7.0,1.0,38228.0,2.0,8.006200887093147
29.5,5.0,0,6.0,13.0,"Developer, full-stack",0.0,In-person,Software Development,,4.0,,118602.0,,9.903487552536127
39.5,5.0,1,13.0,13.0,"Architect, software or solutions",,,Computer Systems Design and Services,ROU,4.0,4.0,116015.0,3.0,
59.5,5.0,0,33.0,42.0,Data engineer,0.0,"Hybrid (some in-person, leans heavy to flexibility)",Healthcare,NZL,6.0,3.0,102400.0,3.0,5.702114417555504
29.5,4.0,0,11.0,14.0,"Developer, full-stack",0.0,Remote,Fintech,NZL,6.0,1.0,99388.0,3.0,4.085976312551584
29.5,5.0,0,2.0,12.0,"Developer, back-end",0.0,In-person,Software Development,SWE,2.0,1.0,55346.0,3.0,8.922591630635415
39.5,4.0,0,19.0,28.0,Cloud infrastructure engineer,0.0,Remote,Software Development,USA,,,218000.0,3.0,5.702114417555504
29.5,4.0,0,8.0,20.0,"Developer, front-end",0.0,"Hybrid (some remote, leans heavy to in-person)",Software Development,USA,6.0,1.0,150000.0,3.0,9.903487552536127
39.5,1.0,0,30.0,30.0,"Senior executive (C-suite, VP, etc.)",0.0,Remote,Software Development,CAN,11.0,8.0,182396.0,3.0,4.085976312551584
29.5,4.0,0,3.0,9.0,"Developer, full-stack",0.0,"Hybrid (some in-person, leans heavy to flexibility)",Fintech,MYS,5.0,3.0,32988.0,2.0,6.619406317542652
39.5,4.0,0,4.0,5.0,"Developer, full-stack",0.0,"Hybrid (some in-person, leans heavy to flexibility)",Software Development,ISR,7.0,3.0,95596.0,3.0,2.302585092994046
39.5,2.0,0,13.0,17.0,"Developer, back-end",0.0,Remote,Energy,ESP,5.0,5.0,77730.0,3.0,9.903487552536127
39.5,4.0,1,20.0,20.0,"Developer, full-stack",,,Software Development,AUS,8.0,3.0,290592.0,3.0,
29.5,5.0,0,12.0,12.0,"Developer, full-stack",0.0,"Hybrid (some in-person, leans heavy to flexibility)",Fintech,IND,,,18598.0,1.0,9.903487552536127
39.5,1.0,0,3.0,5.0,"Developer, full-stack",0.0,"Hybrid (some in-person, leans heavy to flexibility)",Software Development,BEL,7.0,5.0,34804.0,3.0,5.702114417555504
39.5,4.0,0,12.0,12.0,Engineering manager,1.0,"Hybrid (some remote, leans heavy to in-person)",Insurance,ISR,5.0,5.0,169426.0,3.0,8.006200887093147
39.5,4.0,0,15.0,17.0,DevOps engineer or professional,0.0,Remote,"Transportation, or Supply Chain",BRA,9.0,9.0,109222.0,2.0,5.702114417555504
49.5,4.0,0,16.0,31.0,"Developer, full-stack",0.0,"Hybrid (some in-person, leans heavy to flexibility)",Government,ITA,9.0,5.0,58007.0,3.0,9.903487552536127
29.5,5.0,0,10.0,12.0,Engineering manager,0.0,Remote,Fintech,SGP,5.0,7.0,234337.0,3.0,2.302585092994046
29.5,4.0,0,9.0,14.0,"Developer, full-stack",0.0,"Hybrid (some in-person, leans heavy to flexibility)",Software Development,ITA,7.0,3.0,49886.0,3.0,4.085976312551584
39.5,2.0,1,16.0,25.0,"Developer, full-stack",0.0,Remote,Software Development,HRV,6.0,6.0,237830.0,3.0,2.302585092994046
39.5,5.0,1,11.0,17.0,"Developer, full-stack",,,Software Development,DNK,4.0,1.0,115707.0,3.0,
39.5,5.0,0,15.0,30.0,"Developer, full-stack",0.0,"Hybrid (some in-person, leans heavy to flexibility)",Software Development,LVA,4.0,4.0,46406.0,3.0,5.702114417555504
49.5,5.0,0,24.0,40.0,"Developer, embedded applications or devices",0.0,"Hybrid (some in-person, leans heavy to flexibility)",Software Development,DEU,3.0,,97452.0,3.0,5.702114417555504
39.5,4.0,0,15.0,13.0,"Developer, full-stack",0.0,"Your choice (very flexible, you can come in when you want or just as needed)",Retail and Consumer Services,HKG,3.0,4.0,87134.0,3.0,0.0
29.5,3.0,0,8.0,12.0,"Developer, full-stack",0.0,"Your choice (very flexible, you can come in when you want or just as needed)","Internet, Telecomm or Information Services",FRA,4.0,1.0,34108.0,3.0,5.702114417555504
29.5,5.0,0,3.0,10.0,"Developer, mobile",0.0,In-person,Fintech,DNK,6.0,,88647.0,3.0,4.085976312551584
29.5,2.0,0,5.0,10.0,"Developer, desktop or enterprise applications",0.0,In-person,Software Development,ISR,10.0,4.0,211782.0,3.0,9.903487552536127
49.5,5.0,0,16.0,32.0,"Developer, full-stack",0.0,"Hybrid (some in-person, leans heavy to flexibility)",Software Development,ITA,6.0,4.0,58007.0,3.0,9.903487552536127
29.5,4.0,0,4.0,10.0,"Developer, back-end",0.0,Remote,Software Development,CAN,7.0,3.0,65663.0,3.0,4.085976312551584
29.5,4.0,0,4.0,20.0,"Developer, full-stack",0.0,In-person,Healthcare,KOR,6.0,1.0,25722.0,3.0,4.085976312551584
39.5,5.0,0,13.0,13.0,"Developer, back-end",0.0,"Hybrid (some in-person, leans heavy to flexibility)","Transportation, or Supply Chain",IND,,4.0,79043.0,1.0,6.619406317542652
29.5,5.0,0,2.0,10.0,"Developer, full-stack",0.0,"Hybrid (some remote, leans heavy to in-person)","Transportation, or Supply Chain",DEU,3.0,2.0,63808.0,3.0,4.085976312551584
29.5,4.0,0,3.0,5.0,"Developer, full-stack",0.0,"Hybrid (some in-person, leans heavy to flexibility)",Retail and Consumer Services,BEL,7.0,3.0,58007.0,3.0,9.903487552536127
29.5,4.0,0,12.0,16.0,"Developer, front-end",0.0,Remote,Software Development,USA,9.0,4.0,130000.0,3.0,8.006200887093147
29.5,4.0,0,8.0,13.0,"Developer, back-end",0.0,In-person,Software Development,DEU,8.0,,150819.0,3.0,8.006200887093147
39.5,5.0,1,12.0,15.0,Cloud infrastructure engineer,,,Software Development,FIN,10.0,3.0,232029.0,3.0,
39.5,4.0,0,21.0,26.0,"Architect, software or solutions",0.0,Remote,Software Development,GBR,6.0,2.0,85769.0,3.0,2.302585092994046
39.5,2.0,0,20.0,20.0,"Developer, desktop or enterprise applications",0.0,"Hybrid (some remote, leans heavy to in-person)",Government,IRN,,,11869.0,2.0,2.302585092994046
29.5,0.0,0,9.0,13.0,"Developer, front-end",0.0,Remote,Media & Advertising Services,FRA,3.0,3.0,63808.0,3.0,5.702114417555504
39.5,4.0,1,10.0,15.0,"Developer, full-stack",,,Software Development,ITA,6.0,2.0,98612.0,3.0,
39.5,4.0,0,6.0,7.0,"Developer, full-stack",0.0,"Hybrid (some remote, leans heavy to in-person)","Transportation, or Supply Chain",DEU,4.0,1.0,41765.0,3.0,2.302585092994046
29.5,5.0,0,3.0,9.0,Other (please specify):,0.0,"Hybrid (some in-person, leans heavy to flexibility)",Software Development,FRA,6.0,,87011.0,3.0,2.302585092994046
29.5,1.0,0,5.0,8.0,"Developer, full-stack",0.0,"Hybrid (some remote, leans heavy to in-person)",Healthcare,DEU,6.0,1.0,63808.0,3.0,5.702114417555504
29.5,4.0,0,8.0,12.0,"Developer, full-stack",0.0,"Hybrid (some remote, leans heavy to in-person)",Fintech,IND,11.0,6.0,39521.0,1.0,9.903487552536127
39.5,5.0,0,15.0,15.0,Data scientist,0.0,Remote,Banking/Financial Services,IRL,5.0,5.0,290037.0,3.0,8.922591630635415
29.5,5.0,0,5.0,8.0,"Developer, embedded applications or devices",0.0,In-person,Other:,CHE,7.0,,99194.0,3.0,4.085976312551584
29.5,4.0,0,5.0,10.0,"Developer, full-stack",0.0,"Hybrid (some in-person, leans heavy to flexibility)",Software Development,DEU,3.0,1.0,69609.0,3.0,6.619406317542652
29.5,5.0,1,10.0,13.0,"Developer, full-stack",0.0,Remote,Retail and Consumer Services,UKR,2.0,3.0,75000.0,2.0,6.619406317542652
29.5,4.0,0,5.0,6.0,"Developer, full-stack",0.0,"Hybrid (some in-person, leans heavy to flexibility)",Software Development,IND,8.0,4.0,20458.0,1.0,9.903487552536127
21.0,4.0,0,2.0,5.0,"Developer, back-end",0.0,Remote,Software Development,UKR,3.0,1.0,24000.0,2.0,4.085976312551584
49.5,1.0,0,24.0,40.0,"Developer, desktop or enterprise applications",0.0,In-person,Other:,ITA,,1.0,34804.0,3.0,2.302585092994046
49.5,5.0,1,22.0,36.0,"Developer, full-stack",,,Fintech,DNK,2.0,1.0,124416.0,3.0,
39.5,5.0,0,1.0,2.0,"Developer, full-stack",0.0,Remote,Software Development,UKR,5.0,3.0,4793.0,2.0,
39.5,6.0,0,9.0,24.0,"Developer, full-stack",1.0,"Hybrid (some remote, leans heavy to in-person)",Software Development,ITA,7.0,3.0,45246.0,3.0,4.085976312551584
29.5,1.0,0,9.0,17.0,"Architect, software or solutions",0.0,"Hybrid (some remote, leans heavy to in-person)",Software Development,BGR,14.0,6.0,62648.0,3.0,8.006200887093147
39.5,4.0,0,17.0,18.0,"Developer, full-stack",0.0,"Hybrid (some in-person, leans heavy to flexibility)",Software Development,NLD,9.0,1.0,113694.0,3.0,8.922591630635415
29.5,4.0,0,10.0,14.0,"Developer, QA or test",0.0,"Hybrid (some remote, leans heavy to in-person)",Energy,GBR,3.0,1.0,88492.0,3.0,4.085976312551584
39.5,6.0,0,10.0,10.0,Database administrator or engineer,,"Hybrid (some remote, leans heavy to in-person)",Fintech,USA,,1.0,234543.0,3.0,8.006200887093147
39.5,4.0,0,25.0,20.0,AI/ML engineer,0.0,In-person,Software Development,ISR,6.0,4.0,147071.0,3.0,2.302585092994046
59.5,4.0,1,36.0,45.0,"Developer, full-stack",,,Software Development,USA,5.0,1.0,160000.0,3.0,
49.5,2.0,0,27.0,15.0,Database administrator or engineer,0.0,"Hybrid (some in-person, leans heavy to flexibility)",Healthcare,ESP,3.0,6.0,69609.0,3.0,9.903487552536127
29.5,5.0,0,10.0,20.0,"Developer, embedded applications or devices",0.0,Remote,Software Development,DEU,10.0,,104413.0,3.0,5.702114417555504
39.5,6.0,0,13.0,13.0,Data engineer,0.0,Remote,Government,DEU,4.0,2.0,124136.0,3.0,8.922591630635415
39.5,2.0,0,17.0,30.0,"Developer, embedded applications or devices",0.0,In-person,"Transportation, or Supply Chain",ITA,2.0,,52207.0,3.0,4.085976312551584
21.0,4.0,0,3.0,6.0,"Developer, back-end",0.0,"Hybrid (some remote, leans heavy to in-person)",Software Development,IRN,4.0,3.0,51276.0,2.0,2.302585092994046
29.5,5.0,0,3.0,7.0,"Developer, desktop or enterprise applications",0.0,In-person,Other:,FRA,7.0,,29004.0,3.0,2.302585092994046
29.5,4.0,0,4.0,8.0,"Developer, full-stack",0.0,"Hybrid (some remote, leans heavy to in-person)",Other:,GBR,3.0,2.0,50372.0,3.0,4.085976312551584
39.5,5.0,0,20.0,20.0,"Developer, game or graphics",0.0,Remote,Software Development,POL,4.0,1.0,109160.0,3.0,2.302585092994046
29.5,4.0,0,12.0,17.0,"Developer, back-end",1.0,"Hybrid (some remote, leans heavy to in-person)",Software Development,IND,4.0,2.0,19761.0,1.0,5.702114417555504
29.5,5.0,0,12.0,20.0,"Developer, full-stack",0.0,"Hybrid (some in-person, leans heavy to flexibility)",Software Development,FRA,6.0,1.0,139218.0,3.0,5.702114417555504
29.5,4.0,0,9.0,15.0,"Developer, AI apps or physical AI",0.0,"Hybrid (some in-person, leans heavy to flexibility)",Software Development,PAK,2.0,,8779.0,1.0,5.702114417555504
29.5,4.0,0,10.0,15.0,"Developer, full-stack",1.0,Remote,Software Development,GEO,13.0,8.0,72600.0,2.0,4.085976312551584
21.0,,0,1.0,4.0,"Developer, full-stack",0.0,In-person,Software Development,CHE,10.0,7.0,22319.0,3.0,4.085976312551584
29.5,4.0,0,5.0,10.0,"Developer, game or graphics",0.0,"Hybrid (some remote, leans heavy to in-person)",Software Development,IND,3.0,1.0,17436.0,1.0,5.702114417555504
29.5,,1,9.0,16.0,"Developer, back-end",,,Software Development,AUT,5.0,5.0,174022.0,3.0,
39.5,2.0,1,13.0,3.0,AI/ML engineer,0.0,Remote,Software Development,,16.0,10.0,90000.0,,2.302585092994046
29.5,2.0,0,7.0,8.0,"Developer, back-end",0.0,Remote,Software Development,BGR,6.0,3.0,45464.0,3.0,5.702114417555504
49.5,5.0,0,23.0,24.0,"Developer, full-stack",0.0,"Hybrid (some remote, leans heavy to in-person)",Manufacturing,GBR,4.0,3.0,65348.0,3.0,8.006200887093147
49.5,5.0,0,30.0,40.0,"Architect, software or solutions",0.0,"Your choice (very flexible, you can come in when you want or just as needed)",Other:,ISR,8.0,5.0,88243.0,3.0,2.302585092994046
39.5,4.0,0,15.0,15.0,"Developer, full-stack",0.0,"Hybrid (some remote, leans heavy to in-person)",Software Development,BGR,3.0,7.0,65237.0,3.0,5.702114417555504
29.5,5.0,0,4.0,5.0,Data scientist,0.0,Remote,Software Development,UKR,2.0,6.0,36000.0,2.0,5.702114417555504
49.5,4.0,0,12.0,27.0,"Developer, full-stack",0.0,Remote,Other:,AUT,6.0,7.0,73936.0,3.0,5.702114417555504
39.5,5.0,0,14.0,22.0,"Developer, back-end",0.0,"Your choice (very flexible, you can come in when you want or just as needed)",Software Development,GRC,1.0,2.0,85271.0,3.0,6.619406317542652
49.5,0.0,1,28.0,32.0,"Developer, full-stack",,,Software Development,NLD,12.0,4.0,92812.0,3.0,
39.5,4.0,0,13.0,17.0,"Developer, back-end",0.0,In-person,Software Development,USA,5.0,1.0,1250000.0,3.0,9.903487552536127
21.0,2.0,0,1.0,6.0,"Developer, full-stack",0.0,In-person,Software Development,GBR,9.0,2.0,31857.0,3.0,0.0
29.5,1.0,0,10.0,16.0,"Developer, back-end",1.0,"Hybrid (some in-person, leans heavy to flexibility)",Software Development,NLD,3.0,6.0,69609.0,3.0,4.085976312551584
29.5,4.0,0,4.0,15.0,"Developer, mobile",0.0,"Hybrid (some in-person, leans heavy to flexibility)",Software Development,IND,,,26735.0,1.0,4.085976312551584
29.5,4.0,0,5.0,8.0,"Developer, full-stack",1.0,"Your choice (very flexible, you can come in when you want or just as needed)",Fintech,DEU,2.0,1.0,69609.0,3.0,4.085976312551584
49.5,5.0,0,15.0,25.0,"Developer, full-stack",0.0,Remote,Software Development,USA,3.0,1.0,151000.0,3.0,8.922591630635415
39.5,5.0,0,18.0,32.0,Engineering manager,1.0,"Hybrid (some remote, leans heavy to in-person)",Software Development,NLD,8.0,4.0,81210.0,3.0,4.085976312551584
39.5,4.0,0,13.0,24.0,"Architect, software or solutions",0.0,"Your choice (very flexible, you can come in when you want or just as needed)",Media & Advertising Services,HUN,12.0,6.0,56561.0,3.0,4.085976312551584
29.5,5.0,0,4.0,15.0,"Developer, full-stack",0.0,"Hybrid (some remote, leans heavy to in-person)",Software Development,POL,7.0,2.0,22924.0,3.0,4.085976312551584
29.5,3.0,0,10.0,13.0,"Developer, full-stack",0.0,Remote,"Transportation, or Supply Chain",USA,5.0,4.0,112000.0,3.0,6.619406317542652
49.5,4.0,0,22.0,28.0,Data engineer,0.0,Remote,"Internet, Telecomm or Information Services",MEX,6.0,3.0,78959.0,2.0,8.006200887093147
39.5,1.0,0,14.0,14.0,"Developer, AI apps or physical AI",0.0,Remote,Healthcare,IRL,3.0,4.0,116015.0,3.0,9.903487552536127
39.5,5.0,0,13.0,19.0,DevOps engineer or professional,1.0,Remote,Fintech,CAN,2.0,4.0,237115.0,3.0,4.085976312551584
49.5,5.0,0,15.0,25.0,"Developer, back-end",1.0,"Hybrid (some in-person, leans heavy to flexibility)",Software Development,CAN,8.0,4.0,121111.0,3.0,5.702114417555504
59.5,4.0,1,37.0,26.0,"Developer, back-end",,,Software Development,MDA,6.0,3.0,75410.0,2.0,
29.5,5.0,0,2.0,12.0,"Developer, full-stack",0.0,In-person,Other:,USA,8.0,7.0,175000.0,3.0,8.006200887093147
39.5,4.0,0,3.0,22.0,"Developer, full-stack",0.0,"Hybrid (some remote, leans heavy to in-person)",Other:,USA,5.0,1.0,95000.0,3.0,5.702114417555504
29.5,5.0,0,11.0,17.0,"Developer, full-stack",0.0,"Hybrid (some in-person, leans heavy to flexibility)",Software Development,NLD,4.0,4.0,139218.0,3.0,5.702114417555504
29.5,4.0,0,7.0,9.0,"Developer, back-end",0.0,Remote,Other:,USA,4.0,1.0,77517.0,3.0,5.702114417555504
49.5,4.0,0,30.0,30.0,"Developer, full-stack",0.0,"Hybrid (some in-person, leans heavy to flexibility)",Energy,USA,10.0,10.0,170000.0,3.0,8.006200887093147
59.5,2.0,0,45.0,45.0,"Developer, desktop or enterprise applications",0.0,In-person,Other:,USA,13.0,3.0,135000.0,3.0,2.302585092994046
29.5,4.0,0,7.0,11.0,"Developer, back-end",0.0,"Hybrid (some remote, leans heavy to in-person)",Other:,PRT,6.0,5.0,69609.0,3.0,8.006200887093147
49.5,5.0,0,20.0,24.0,"Developer, full-stack",0.0,"Hybrid (some in-person, leans heavy to flexibility)",Energy,DEU,3.0,,92812.0,3.0,9.903487552536127
39.5,5.0,0,14.0,21.0,Engineering manager,1.0,"Your choice (very flexible, you can come in when you want or just as needed)",Software Development,USA,5.0,2.0,150000.0,3.0,5.702114417555504
39.5,5.0,1,15.0,25.0,Data engineer,,,Healthcare,POL,4.0,6.0,98244.0,3.0,
39.5,4.0,0,15.0,20.0,"Architect, software or solutions",1.0,Remote,Software Development,ESP,7.0,19.0,48726.0,3.0,4.085976312551584
59.5,4.0,0,40.0,50.0,"Architect, software or solutions",1.0,Remote,Banking/Financial Services,ARG,8.0,4.0,46918.0,2.0,8.006200887093147
39.5,5.0,0,12.0,16.0,"Developer, full-stack",0.0,"Your choice (very flexible, you can come in when you want or just as needed)",Software Development,ISL,,,119271.0,3.0,2.302585092994046
21.0,4.0,0,3.0,9.0,"Developer, back-end",0.0,"Your choice (very flexible, you can come in when you want or just as needed)",Healthcare,SVK,7.0,4.0,58007.0,3.0,6.619406317542652
39.5,4.0,0,15.0,13.0,Database administrator or engineer,1.0,"Hybrid (some remote, leans heavy to in-person)",Government,USA,5.0,2.0,136000.0,3.0,8.006200887093147
49.5,4.0,0,27.0,43.0,"Developer, full-stack",0.0,Remote,Healthcare,USA,6.0,5.0,232000.0,3.0,8.922591630635415
29.5,1.0,1,10.0,15.0,"Developer, full-stack",0.0,Remote,Software Development,ESP,7.0,,54527.0,3.0,2.302585092994046
49.5,4.0,0,23.0,28.0,"Developer, back-end",0.0,Remote,Software Development,USA,5.0,8.0,170000.0,3.0,2.302585092994046
21.0,2.0,0,3.0,5.0,"Developer, embedded applications or devices",0.0,"Hybrid (some remote, leans heavy to in-person)",Other:,USA,4.0,,50000.0,3.0,9.903487552536127
59.5,4.0,1,37.0,45.0,"Developer, full-stack",,,Software Development,USA,6.0,4.0,152000.0,3.0,
29.5,3.0,0,12.0,17.0,"Developer, full-stack",0.0,"Hybrid (some in-person, leans heavy to flexibility)",Insurance,USA,6.0,6.0,147500.0,3.0,5.702114417555504
39.5,3.0,0,11.0,15.0,"Developer, front-end",0.0,Remote,"Transportation, or Supply Chain",CAN,4.0,,69310.0,3.0,5.702114417555504
29.5,5.0,0,4.0,12.0,"Developer, back-end",0.0,"Hybrid (some in-person, leans heavy to flexibility)",Fintech,RUS,12.0,7.0,53589.0,3.0,9.903487552536127
29.5,4.0,0,4.0,4.0,"Developer, full-stack",0.0,Remote,Government,IND,4.0,4.0,6974.0,1.0,
29.5,5.0,0,3.0,10.0,"Developer, full-stack",0.0,"Your choice (very flexible, you can come in when you want or just as needed)","Transportation, or Supply Chain",PRT,14.0,6.0,20303.0,3.0,6.619406317542652
29.5,4.0,0,10.0,16.0,"Developer, front-end",0.0,Remote,Software Development,CAN,3.0,2.0,87550.0,3.0,5.702114417555504
29.5,5.0,0,6.0,9.0,"Developer, desktop or enterprise applications",0.0,"Hybrid (some in-person, leans heavy to flexibility)",Software Development,FRA,6.0,3.0,54527.0,3.0,9.903487552536127
29.5,5.0,0,8.0,15.0,"Developer, full-stack",0.0,In-person,Software Development,FRA,6.0,4.0,52207.0,3.0,5.702114417555504
39.5,5.0,0,13.0,20.0,Engineering manager,1.0,Remote,Software Development,USA,2.0,,189000.0,3.0,4.085976312551584
59.5,2.0,0,38.0,46.0,"Developer, full-stack",0.0,"Hybrid (some remote, leans heavy to in-person)",Media & Advertising Services,DNK,9.0,3.0,146189.0,3.0,2.302585092994046
39.5,5.0,0,6.0,10.0,Data engineer,0.0,"Hybrid (some in-person, leans heavy to flexibility)",Banking/Financial Services,BRA,3.0,,41868.0,2.0,9.903487552536127
29.5,4.0,0,15.0,19.0,"Developer, full-stack",0.0,Remote,"Transportation, or Supply Chain",NLD,18.0,10.0,371247.0,3.0,5.702114417555504
49.5,5.0,0,31.0,35.0,"Developer, full-stack",0.0,Remote,Other:,USA,4.0,1.0,150000.0,3.0,4.085976312551584
29.5,4.0,0,10.0,15.0,Engineering manager,0.0,Remote,Software Development,ESP,2.0,5.0,81210.0,3.0,4.085976312551584
29.5,4.0,0,12.0,16.0,"Developer, full-stack",1.0,"Your choice (very flexible, you can come in when you want or just as needed)",Software Development,USA,5.0,3.0,160000.0,3.0,2.302585092994046
39.5,5.0,0,12.0,21.0,"Architect, software or solutions",0.0,"Hybrid (some remote, leans heavy to in-person)",Other:,NLD,9.0,3.0,133417.0,3.0,5.702114417555504
29.5,5.0,0,6.0,9.0,"Developer, back-end",0.0,"Hybrid (some in-person, leans heavy to flexibility)",Other:,NZL,,,67464.0,3.0,5.702114417555504
39.5,2.0,0,19.0,22.0,Engineering manager,1.0,In-person,Manufacturing,ITA,8.0,5.0,69609.0,3.0,8.922591630635415
29.5,1.0,0,10.0,20.0,"Developer, full-stack",0.0,In-person,Government,GRC,,,16242.0,3.0,4.085976312551584
39.5,4.0,0,12.0,20.0,Data engineer,0.0,Remote,Insurance,USA,3.0,6.0,110000.0,3.0,8.922591630635415
49.5,4.0,0,3.0,8.0,"Developer, back-end",0.0,"Your choice (very flexible, you can come in when you want or just as needed)",Other:,GBR,3.0,4.0,62625.0,3.0,8.922591630635415
29.5,4.0,0,6.0,9.0,"Developer, full-stack",0.0,"Your choice (very flexible, you can come in when you want or just as needed)",Software Development,SWE,8.0,5.0,61635.0,3.0,2.302585092994046
29.5,4.0,0,10.0,24.0,"Developer, embedded applications or devices",0.0,Remote,Manufacturing,GBR,4.0,,91198.0,3.0,5.702114417555504
29.5,4.0,0,3.0,10.0,"Developer, full-stack",0.0,"Hybrid (some in-person, leans heavy to flexibility)",Banking/Financial Services,ITA,9.0,3.0,42345.0,3.0,8.006200887093147
29.5,4.0,0,6.0,9.0,"Developer, back-end",0.0,Remote,Fintech,POL,6.0,3.0,80505.0,3.0,8.006200887093147
49.5,6.0,0,28.0,38.0,Academic researcher,0.0,"Hybrid (some remote, leans heavy to in-person)",Higher Education,CZE,7.0,3.0,43322.0,3.0,8.922591630635415
29.5,4.0,0,6.0,9.0,"Developer, back-end",0.0,Remote,"Internet, Telecomm or Information Services",ROU,4.0,1.0,74249.0,3.0,8.006200887093147
39.5,2.0,0,18.0,23.0,"Developer, full-stack",0.0,"Your choice (very flexible, you can come in when you want or just as needed)",Fintech,AUS,6.0,2.0,133919.0,3.0,4.085976312551584
29.5,2.0,1,2.0,7.0,"Developer, back-end",,,Fintech,COL,12.0,4.0,8221.0,2.0,
21.0,4.0,0,2.0,6.0,"Developer, full-stack",0.0,"Your choice (very flexible, you can come in when you want or just as needed)",Software Development,PRT,12.0,4.0,20883.0,3.0,4.085976312551584
59.5,4.0,0,35.0,40.0,"Developer, desktop or enterprise applications",0.0,"Hybrid (some in-person, leans heavy to flexibility)",Software Development,CAN,3.0,3.0,72958.0,3.0,9.903487552536127
29.5,4.0,0,5.0,5.0,Data engineer,0.0,"Hybrid (some remote, leans heavy to in-person)",Healthcare,USA,2.0,2.0,88000.0,3.0,8.006200887093147
29.5,4.0,0,13.0,13.0,"Developer, full-stack",0.0,"Hybrid (some remote, leans heavy to in-person)",Software Development,SGP,9.0,10.0,101546.0,3.0,2.302585092994046
59.5,2.0,1,34.0,34.0,"Developer, full-stack",0.0,Remote,Software Development,USA,5.0,1.0,60000.0,3.0,0.0
29.5,5.0,0,4.0,9.0,DevOps engineer or professional,0.0,Remote,Software Development,SRB,2.0,,74248.0,2.0,6.619406317542652
59.5,6.0,0,33.0,28.0,Data engineer,0.0,Remote,"Internet, Telecomm or Information Services",USA,4.0,3.0,143000.0,3.0,5.702114417555504
59.5,5.0,1,20.0,20.0,"Developer, full-stack",0.0,Remote,Software Development,USA,4.0,5.0,250000.0,3.0,0.0
21.0,2.0,1,5.0,5.0,"Developer, full-stack",0.0,"Your choice (very flexible, you can come in when you want or just as needed)","Transportation, or Supply Chain",AUS,5.0,4.0,72160.0,3.0,0.0
21.0,4.0,0,2.0,8.0,"Developer, full-stack",0.0,"Hybrid (some in-person, leans heavy to flexibility)",Banking/Financial Services,NZL,10.0,1.0,47285.0,3.0,4.085976312551584
39.5,4.0,0,11.0,14.0,"Developer, embedded applications or devices",0.0,In-person,Software Development,AUT,7.0,,63808.0,3.0,2.302585092994046
29.5,4.0,0,13.0,17.0,"Developer, back-end",0.0,"Your choice (very flexible, you can come in when you want or just as needed)",Software Development,USA,8.0,4.0,90000.0,3.0,2.302585092994046
49.5,2.0,0,15.0,35.0,"Developer, back-end",0.0,In-person,"Transportation, or Supply Chain",NLD,11.0,5.0,64968.0,3.0,6.619406317542652
29.5,5.0,0,5.0,12.0,Data scientist,0.0,"Hybrid (some in-person, leans heavy to flexibility)",Government,USA,8.0,3.0,135000.0,3.0,8.006200887093147
49.5,2.0,0,26.0,20.0,"Developer, back-end",0.0,"Your choice (very flexible, you can come in when you want or just as needed)",Fintech,CAN,7.0,5.0,87550.0,3.0,2.302585092994046
39.5,5.0,0,15.0,20.0,"Developer, full-stack",0.0,Remote,Software Development,DEU,5.0,2.0,90491.0,3.0,2.302585092994046
29.5,5.0,0,3.0,7.0,"Developer, embedded applications or devices",0.0,Remote,Software Development,TUR,8.0,2.0,3787.0,2.0,9.903487552536127
39.5,3.0,0,16.0,25.0,"Developer, full-stack",0.0,"Hybrid (some remote, leans heavy to in-person)",Software Development,NLD,4.0,3.0,59167.0,3.0,4.085976312551584
21.0,4.0,0,1.0,5.0,"Developer, AI apps or physical AI",0.0,"Hybrid (some in-person, leans heavy to flexibility)",Software Development,LTU,6.0,3.0,20883.0,3.0,4.085976312551584
29.5,4.0,0,6.0,7.0,"Developer, back-end",0.0,"Your choice (very flexible, you can come in when you want or just as needed)",Software Development,LTU,5.0,3.0,80050.0,3.0,4.085976312551584
49.5,4.0,1,25.0,25.0,"Architect, software or solutions",,,Software Development,MYS,6.0,1.0,73089.0,2.0,
29.5,5.0,0,5.0,6.0,Data engineer,0.0,"Hybrid (some in-person, leans heavy to flexibility)",Government,BEL,2.0,1.0,64040.0,3.0,5.702114417555504
29.5,4.0,0,3.0,10.0,"Developer, full-stack",0.0,"Hybrid (some in-person, leans heavy to flexibility)",Fintech,GBR,4.0,2.0,54457.0,3.0,5.702114417555504
29.5,4.0,0,3.0,9.0,"Developer, full-stack",0.0,"Hybrid (some remote, leans heavy to in-person)",Software Development,DNK,8.0,4.0,69331.0,3.0,2.302585092994046
29.5,6.0,0,3.0,5.0,"Developer, full-stack",0.0,In-person,Software Development,ESP,4.0,1.0,22038.0,3.0,2.302585092994046
39.5,1.0,0,20.0,28.0,"Developer, full-stack",0.0,"Hybrid (some in-person, leans heavy to flexibility)",Software Development,ITA,6.0,1.0,32484.0,3.0,5.702114417555504
29.5,4.0,0,5.0,12.0,"Developer, back-end",0.0,"Hybrid (some remote, leans heavy to in-person)",Software Development,IND,4.0,1.0,17436.0,1.0,5.702114417555504
29.5,4.0,1,10.0,15.0,"Developer, back-end",,,Software Development,SVN,2.0,3.0,139218.0,3.0,
21.0,5.0,0,2.0,7.0,Academic researcher,0.0,"Hybrid (some remote, leans heavy to in-person)",Higher Education,FRA,12.0,5.0,33644.0,3.0,5.702114417555504
39.5,4.0,0,15.0,24.0,"Developer, desktop or enterprise applications",0.0,"Your choice (very flexible, you can come in when you want or just as needed)",Software Development,LTU,12.0,2.0,40605.0,3.0,2.302585092994046
39.5,2.0,0,15.0,25.0,"Developer, back-end",0.0,"Hybrid (some in-person, leans heavy to flexibility)","Internet, Telecomm or Information Services",SWE,4.0,1.0,83920.0,3.0,5.702114417555504
39.5,5.0,0,14.0,19.0,"Architect, software or solutions",0.0,"Hybrid (some remote, leans heavy to in-person)",Healthcare,AUT,7.0,3.0,81210.0,3.0,8.922591630635415
59.5,4.0,0,40.0,46.0,"Senior executive (C-suite, VP, etc.)",1.0,"Your choice (very flexible, you can come in when you want or just as needed)",Insurance,GBR,8.0,3.0,238248.0,3.0,9.903487552536127
29.5,4.0,0,6.0,9.0,"Developer, QA or test",,"Hybrid (some remote, leans heavy to in-person)",Software Development,HUN,4.0,,41640.0,3.0,5.702114417555504
21.0,4.0,0,2.0,9.0,Other (please specify):,0.0,"Hybrid (some in-person, leans heavy to flexibility)",Software Development,GBR,10.0,,81685.0,3.0,8.922591630635415
29.5,5.0,0,6.0,4.0,"Developer, desktop or enterprise applications",0.0,In-person,Software Development,FRA,3.0,,53947.0,3.0,5.702114417555504
29.5,5.0,0,8.0,20.0,"Architect, software or solutions",0.0,"Hybrid (some in-person, leans heavy to flexibility)",Software Development,DEU,5.0,1.0,92812.0,3.0,9.903487552536127
29.5,5.0,0,8.0,20.0,Data scientist,1.0,In-person,Software Development,TUR,9.0,4.0,300000.0,2.0,5.702114417555504
29.5,4.0,0,4.0,8.0,"Developer, full-stack",0.0,"Hybrid (some in-person, leans heavy to flexibility)",Software Development,NOR,7.0,4.0,83509.0,3.0,8.006200887093147
39.5,5.0,0,16.0,20.0,"Developer, embedded applications or devices",0.0,"Hybrid (some in-person, leans heavy to flexibility)",Software Development,SGP,9.0,2.0,121074.0,3.0,8.006200887093147
39.5,4.0,0,15.0,30.0,"Developer, full-stack",0.0,"Your choice (very flexible, you can come in when you want or just as needed)",Software Development,NLD,6.0,2.0,75410.0,3.0,8.006200887093147
29.5,5.0,0,9.0,18.0,"Developer, full-stack",1.0,"Hybrid (some remote, leans heavy to in-person)",Fintech,BEL,8.0,2.0,116015.0,3.0,4.085976312551584
29.5,4.0,0,7.0,8.0,"Developer, full-stack",0.0,"Hybrid (some remote, leans heavy to in-person)",Manufacturing,IND,6.0,3.0,29060.0,1.0,9.903487552536127
49.5,4.0,0,23.0,26.0,"Developer, full-stack",0.0,Remote,Fintech,GBR,3.0,1.0,114359.0,3.0,6.619406317542652
29.5,5.0,0,2.0,8.0,"Developer, full-stack",0.0,"Hybrid (some remote, leans heavy to in-person)",Software Development,NOR,10.0,8.0,67203.0,3.0,5.702114417555504
29.5,4.0,0,2.0,6.0,AI/ML engineer,1.0,"Hybrid (some remote, leans heavy to in-person)",Energy,GBR,7.0,3.0,83046.0,3.0,8.006200887093147
29.5,5.0,0,4.0,7.0,AI/ML engineer,0.0,"Hybrid (some remote, leans heavy to in-person)",Manufacturing,POL,4.0,2.0,27290.0,3.0,9.903487552536127
21.0,4.0,0,4.0,10.0,"Developer, game or graphics",0.0,Remote,Software Development,POL,6.0,,20631.0,3.0,2.302585092994046
49.5,4.0,0,28.0,30.0,"Architect, software or solutions",0.0,"Hybrid (some remote, leans heavy to in-person)",Software Development,DEU,3.0,,87011.0,3.0,5.702114417555504
21.0,2.0,0,1.0,3.0,"Developer, back-end",0.0,Remote,Software Development,UKR,10.0,5.0,6902.0,2.0,4.085976312551584
29.5,1.0,0,14.0,15.0,"Architect, software or solutions",0.0,Remote,Software Development,SWE,9.0,9.0,105660.0,3.0,2.302585092994046
39.5,5.0,0,5.0,6.0,"Developer, back-end",0.0,"Your choice (very flexible, you can come in when you want or just as needed)",Software Development,UKR,5.0,4.0,33778.0,2.0,5.702114417555504
29.5,4.0,1,8.0,8.0,"Developer, full-stack",0.0,Remote,Software Development,UKR,3.0,1.0,130000.0,2.0,5.702114417555504
39.5,4.0,0,15.0,28.0,"Developer, full-stack",0.0,"Your choice (very flexible, you can come in when you want or just as needed)",Software Development,DEU,5.0,3.0,87011.0,3.0,4.085976312551584
39.5,4.0,1,13.0,18.0,"Developer, full-stack",,,Software Development,DNK,4.0,1.0,76516.0,3.0,
49.5,0.0,0,10.0,20.0,"Developer, front-end",0.0,Remote,Software Development,CAN,3.0,3.0,72958.0,3.0,4.085976312551584
49.5,5.0,1,26.0,30.0,"Architect, software or solutions",,,"Internet, Telecomm or Information Services",MYS,7.0,6.0,82469.0,2.0,
29.5,4.0,0,8.0,13.0,"Developer, front-end",0.0,"Hybrid (some in-person, leans heavy to flexibility)",Software Development,DEU,4.0,1.0,77730.0,3.0,4.085976312551584
21.0,5.0,0,1.0,12.0,"Developer, embedded applications or devices",0.0,"Your choice (very flexible, you can come in when you want or just as needed)","Internet, Telecomm or Information Services",UKR,8.0,1.0,9000.0,2.0,9.903487552536127
49.5,5.0,0,20.0,32.0,"Developer, embedded applications or devices",1.0,In-person,"Internet, Telecomm or Information Services",AUS,5.0,2.0,110516.0,3.0,5.702114417555504
49.5,5.0,0,18.0,28.0,"Developer, front-end",0.0,Remote,Fintech,PRT,2.0,,53367.0,3.0,6.619406317542652
21.0,4.0,0,4.0,10.0,AI/ML engineer,0.0,Remote,Healthcare,UKR,,,24000.0,2.0,4.085976312551584
39.5,5.0,0,7.0,9.0,DevOps engineer or professional,0.0,"Hybrid (some remote, leans heavy to in-person)",Software Development,NLD,9.0,6.0,73089.0,3.0,6.619406317542652
39.5,5.0,1,12.0,25.0,"Developer, embedded applications or devices",,,Other:,UKR,8.0,,76570.0,2.0,
29.5,4.0,0,5.0,13.0,"Developer, full-stack",0.0,"Hybrid (some in-person, leans heavy to flexibility)",Manufacturing,CAN,7.0,1.0,94846.0,3.0,9.903487552536127
39.5,4.0,0,10.0,15.0,"Developer, full-stack",0.0,"Hybrid (some in-person, leans heavy to flexibility)",Software Development,DEU,2.0,1.0,92812.0,3.0,5.702114417555504
39.5,2.0,1,7.0,7.0,"Developer, front-end",,,Healthcare,UKR,3.0,4.0,47932.0,2.0,
49.5,5.0,0,31.0,34.0,"Architect, software or solutions",0.0,In-person,Energy,FRA,2.0,2.0,139218.0,3.0,8.006200887093147
39.5,5.0,0,10.0,20.0,AI/ML engineer,0.0,In-person,Software Development,SWE,2.0,1.0,46541.0,3.0,2.302585092994046
39.5,4.0,0,10.0,15.0,"Developer, front-end",0.0,"Hybrid (some remote, leans heavy to in-person)",Other:,BIH,3.0,1.0,71200.0,2.0,6.619406317542652
49.5,5.0,1,30.0,30.0,"Developer, back-end",,,Software Development,AUT,5.0,3.0,116015.0,3.0,
21.0,4.0,0,4.0,7.0,"Developer, full-stack",0.0,"Hybrid (some in-person, leans heavy to flexibility)",Software Development,UKR,7.0,7.0,30000.0,2.0,2.302585092994046
29.5,5.0,0,11.0,15.0,"Developer, front-end",0.0,Remote,Software Development,POL,4.0,,76412.0,3.0,8.006200887093147
49.5,5.0,0,30.0,35.0,"Developer, desktop or enterprise applications",1.0,"Hybrid (some remote, leans heavy to in-person)",Media & Advertising Services,BGR,4.0,3.0,35584.0,3.0,4.085976312551584
29.5,5.0,0,12.0,12.0,"Architect, software or solutions",0.0,"Hybrid (some in-person, leans heavy to flexibility)",Software Development,IND,,14.0,40684.0,1.0,6.619406317542652
29.5,4.0,0,6.0,10.0,"Developer, mobile",0.0,"Hybrid (some in-person, leans heavy to flexibility)",Software Development,EGY,5.0,6.0,12223.0,1.0,2.302585092994046
29.5,5.0,0,4.0,18.0,AI/ML engineer,0.0,Remote,Software Development,USA,6.0,,145000.0,3.0,2.302585092994046
39.5,4.0,1,20.0,25.0,"Developer, back-end",,,Fintech,ITA,4.0,6.0,116015.0,3.0,
29.5,4.0,0,4.0,9.0,"Developer, full-stack",0.0,Remote,Fintech,EGY,3.0,2.0,29958.0,1.0,4.085976312551584
29.5,5.0,0,6.0,11.0,"Developer, back-end",1.0,"Hybrid (some in-person, leans heavy to flexibility)",Banking/Financial Services,ROU,10.0,6.0,83858.0,3.0,4.085976312551584
39.5,4.0,0,11.0,17.0,"Developer, full-stack",0.0,"Hybrid (some in-person, leans heavy to flexibility)",Retail and Consumer Services,USA,7.0,2.0,154000.0,3.0,8.006200887093147
29.5,1.0,1,14.0,20.0,"Developer, full-stack",,,Software Development,FRA,9.0,9.0,34804.0,3.0,
39.5,1.0,0,28.0,31.0,"Developer, back-end",0.0,Remote,Software Development,EST,9.0,2.0,116015.0,3.0,9.903487552536127
29.5,4.0,0,10.0,6.0,Data engineer,0.0,"Hybrid (some in-person, leans heavy to flexibility)",Other:,GBR,5.0,5.0,104829.0,3.0,4.085976312551584
39.5,5.0,0,17.0,20.0,"Developer, full-stack",0.0,Remote,"Transportation, or Supply Chain",COL,6.0,4.0,61171.0,2.0,4.085976312551584
29.5,4.0,0,6.0,13.0,"Architect, software or solutions",1.0,"Hybrid (some in-person, leans heavy to flexibility)",Software Development,ROU,6.0,4.0,87304.0,3.0,5.702114417555504
39.5,5.0,0,14.0,16.0,"Architect, software or solutions",0.0,"Your choice (very flexible, you can come in when you want or just as needed)",Software Development,FRA,6.0,4.0,58007.0,3.0,4.085976312551584
29.5,5.0,0,5.0,17.0,"Developer, desktop or enterprise applications",0.0,In-person,Software Development,CHE,6.0,2.0,99194.0,3.0,5.702114417555504
29.5,4.0,0,1.0,10.0,"Developer, full-stack",0.0,Remote,Healthcare,USA,6.0,1.0,70000.0,3.0,9.903487552536127
59.5,4.0,1,3.0,4.0,"Developer, full-stack",,,Software Development,BRA,4.0,4.0,5461.0,2.0,
21.0,4.0,0,6.0,9.0,"Developer, full-stack",0.0,Remote,Software Development,USA,7.0,5.0,60000.0,3.0,0.0
21.0,5.0,0,5.0,10.0,"Developer, full-stack",0.0,"Your choice (very flexible, you can come in when you want or just as needed)",Software Development,UKR,11.0,5.0,18000.0,2.0,4.085976312551584
29.5,4.0,0,11.0,15.0,"Architect, software or solutions",1.0,"Your choice (very flexible, you can come in when you want or just as needed)",Insurance,USA,8.0,2.0,150000.0,3.0,4.085976312551584
39.5,6.0,0,2.0,5.0,"Developer, full-stack",0.0,"Hybrid (some remote, leans heavy to in-person)",Retail and Consumer Services,FRA,7.0,5.0,23203.0,3.0,8.006200887093147
29.5,5.0,0,5.0,16.0,Academic researcher,0.0,"Your choice (very flexible, you can come in when you want or just as needed)",Energy,DEU,9.0,3.0,75410.0,3.0,8.922591630635415
39.5,1.0,0,23.0,30.0,"Developer, full-stack",0.0,Remote,Insurance,USA,5.0,2.0,160000.0,3.0,9.903487552536127
29.5,4.0,0,1.0,4.0,"Developer, back-end",0.0,Remote,Software Development,ESP,2.0,1.0,46116.0,3.0,4.085976312551584
29.5,5.0,0,13.0,19.0,"Architect, software or solutions",0.0,Remote,Other:,FRA,2.0,3.0,102093.0,3.0,4.085976312551584
39.5,4.0,0,22.0,30.0,"Developer, desktop or enterprise applications",0.0,In-person,Other:,USA,6.0,,200000.0,3.0,9.903487552536127
29.5,4.0,0,7.0,14.0,Other (please specify):,0.0,"Your choice (very flexible, you can come in when you want or just as needed)",Other:,USA,7.0,,120000.0,3.0,9.903487552536127
29.5,5.0,0,1.0,8.0,Data scientist,0.0,"Hybrid (some in-person, leans heavy to flexibility)",Software Development,FRA,2.0,1.0,51046.0,3.0,2.302585092994046
49.5,5.0,0,26.0,31.0,"Developer, full-stack",0.0,Remote,Software Development,UKR,7.0,7.0,60000.0,2.0,8.006200887093147
29.5,5.0,0,8.0,12.0,"Developer, full-stack",0.0,In-person,Other:,IRL,3.0,2.0,92812.0,3.0,5.702114417555504
77.5,5.0,1,59.0,60.0,Academic researcher,0.0,Remote,"Internet, Telecomm or Information Services",USA,7.0,3.0,48000.0,3.0,0.0
39.5,4.0,0,16.0,18.0,"Developer, full-stack",0.0,"Your choice (very flexible, you can come in when you want or just as needed)",Manufacturing,USA,14.0,11.0,145000.0,3.0,9.903487552536127
39.5,4.0,1,19.0,25.0,"Developer, back-end",,,Retail and Consumer Services,UKR,4.0,3.0,11504.0,2.0,
21.0,2.0,0,3.0,14.0,"Developer, full-stack",0.0,"Hybrid (some remote, leans heavy to in-person)",Fintech,GBR,10.0,6.0,81685.0,3.0,6.619406317542652
77.5,2.0,0,35.0,48.0,"Developer, full-stack",0.0,Remote,Energy,USA,4.0,1.0,185000.0,3.0,5.702114417555504
39.5,4.0,0,15.0,22.0,"Developer, front-end",0.0,"Hybrid (some in-person, leans heavy to flexibility)",Fintech,ESP,4.0,1.0,99773.0,3.0,8.006200887093147
21.0,5.0,0,4.0,4.0,"Developer, full-stack",0.0,Remote,Software Development,UKR,3.0,2.0,20132.0,2.0,4.085976312551584
29.5,4.0,1,10.0,16.0,"Developer, full-stack",,,Healthcare,DOM,,,1691.0,2.0,
29.5,4.0,0,7.0,4.0,"Developer, back-end",0.0,In-person,Software Development,UKR,3.0,7.0,69502.0,2.0,5.702114417555504
29.5,1.0,0,7.0,13.0,"Developer, full-stack",0.0,Remote,Software Development,USA,9.0,5.0,120000.0,3.0,2.302585092994046
29.5,5.0,0,9.0,13.0,"Developer, back-end",0.0,"Hybrid (some remote, leans heavy to in-person)","Transportation, or Supply Chain",EST,6.0,3.0,116015.0,3.0,8.006200887093147
49.5,5.0,0,22.0,30.0,"Developer, full-stack",1.0,Remote,"Internet, Telecomm or Information Services",GBR,2.0,3.0,163370.0,3.0,5.702114417555504
39.5,4.0,0,10.0,12.0,"Developer, full-stack",1.0,"Hybrid (some in-person, leans heavy to flexibility)",Media & Advertising Services,ISR,4.0,4.0,176485.0,3.0,5.702114417555504
39.5,4.0,0,15.0,33.0,"Developer, front-end",,Remote,Healthcare,USA,5.0,2.0,104000.0,3.0,9.903487552536127
29.5,2.0,0,5.0,10.0,"Developer, full-stack",0.0,"Your choice (very flexible, you can come in when you want or just as needed)",Other:,NOR,4.0,1.0,64505.0,3.0,4.085976312551584
21.0,4.0,0,4.0,12.0,"Developer, full-stack",0.0,In-person,Healthcare,USA,9.0,3.0,106000.0,3.0,5.702114417555504
29.5,2.0,0,9.0,11.0,"Developer, back-end",0.0,"Hybrid (some in-person, leans heavy to flexibility)",Software Development,AUT,8.0,6.0,58007.0,3.0,4.085976312551584
21.0,4.0,1,2.0,6.0,"Founder, technology or otherwise",0.0,"Hybrid (some in-person, leans heavy to flexibility)",Software Development,USA,8.0,4.0,62000.0,3.0,0.0
29.5,4.0,0,2.0,15.0,"Developer, embedded applications or devices",0.0,Remote,Software Development,DEU,10.0,,56847.0,3.0,2.302585092994046
59.5,5.0,1,38.0,45.0,"Developer, full-stack",,,Software Development,GBR,3.0,1.0,81685.0,3.0,
29.5,5.0,0,6.0,15.0,AI/ML engineer,0.0,"Hybrid (some remote, leans heavy to in-person)",Media & Advertising Services,FRA,6.0,1.0,58007.0,3.0,8.922591630635415
21.0,5.0,0,3.0,6.0,"Developer, full-stack",0.0,"Hybrid (some remote, leans heavy to in-person)",Software Development,AUT,4.0,2.0,57079.0,3.0,5.702114417555504
49.5,6.0,1,29.0,29.0,"Developer, desktop or enterprise applications",0.0,Remote,Energy,BRA,8.0,4.0,36407.0,2.0,0.0
39.5,2.0,0,12.0,32.0,"Developer, front-end",0.0,"Hybrid (some remote, leans heavy to in-person)",Software Development,USA,8.0,5.0,200000.0,3.0,4.085976312551584
49.5,5.0,0,27.0,30.0,"Developer, full-stack",0.0,"Hybrid (some in-person, leans heavy to flexibility)",Energy,USA,7.0,1.0,125000.0,3.0,2.302585092994046
39.5,5.0,0,14.0,20.0,"Developer, front-end",1.0,"Hybrid (some remote, leans heavy to in-person)",Software Development,SWE,,,68134.0,3.0,2.302585092994046
39.5,5.0,0,9.0,15.0,"Developer, desktop or enterprise applications",0.0,"Hybrid (some remote, leans heavy to in-person)",Software Development,SWE,3.0,,54507.0,3.0,4.085976312551584
59.5,4.0,0,39.0,48.0,"Developer, desktop or enterprise applications",0.0,In-person,"Internet, Telecomm or Information Services",USA,5.0,1.0,104000.0,3.0,2.302585092994046
29.5,4.0,0,11.0,13.0,"Developer, full-stack",0.0,In-person,Banking/Financial Services,MEX,7.0,2.0,42111.0,2.0,5.702114417555504
29.5,5.0,0,3.0,4.0,"Developer, back-end",0.0,Remote,Software Development,UKR,3.0,1.0,1246.0,2.0,5.702114417555504
39.5,5.0,0,12.0,16.0,"Developer, back-end",,"Your choice (very flexible, you can come in when you want or just as needed)",Retail and Consumer Services,UKR,7.0,3.0,69609.0,2.0,6.619406317542652
39.5,5.0,1,20.0,24.0,"Developer, full-stack",,,Software Development,POL,7.0,3.0,108723.0,3.0,
39.5,4.0,0,5.0,8.0,"Developer, back-end",0.0,Remote,Higher Education,USA,5.0,5.0,120000.0,3.0,9.903487552536127
29.5,4.0,0,7.0,11.0,Data engineer,0.0,Remote,Retail and Consumer Services,BRA,3.0,8.0,36407.0,2.0,9.903487552536127
49.5,5.0,0,25.0,30.0,DevOps engineer or professional,0.0,Remote,Software Development,POL,4.0,1.0,95515.0,3.0,6.619406317542652
29.5,5.0,0,10.0,15.0,"Developer, back-end",0.0,"Your choice (very flexible, you can come in when you want or just as needed)","Internet, Telecomm or Information Services",UKR,4.0,3.0,43139.0,2.0,6.619406317542652
49.5,2.0,0,17.0,30.0,"Developer, full-stack",0.0,"Your choice (very flexible, you can come in when you want or just as needed)",Manufacturing,USA,4.0,1.0,90000.0,3.0,8.006200887093147
21.0,4.0,0,4.0,9.0,"Developer, full-stack",0.0,"Your choice (very flexible, you can come in when you want or just as needed)",Other:,USA,13.0,4.0,50000.0,3.0,4.085976312551584
29.5,5.0,0,6.0,13.0,Academic researcher,0.0,"Hybrid (some remote, leans heavy to in-person)",Higher Education,DEU,8.0,2.0,64040.0,3.0,8.922591630635415
21.0,4.0,0,4.0,8.0,"Developer, back-end",0.0,Remote,Software Development,UKR,5.0,8.0,3595.0,2.0,6.619406317542652
29.5,4.0,0,1.0,8.0,"Developer, embedded applications or devices",0.0,In-person,Other:,DNK,5.0,,58320.0,3.0,5.702114417555504
29.5,2.0,0,11.0,18.0,"Developer, mobile",0.0,"Your choice (very flexible, you can come in when you want or just as needed)",Higher Education,ROU,1.0,,193901.0,3.0,9.903487552536127
39.5,6.0,1,13.0,13.0,"Developer, full-stack",0.0,Remote,Media & Advertising Services,DOM,4.0,4.0,78000.0,2.0,2.302585092994046
29.5,4.0,0,,,"Developer, full-stack",,,,FRA,,,71929.0,3.0,
29.5,4.0,0,5.0,9.0,"Developer, back-end",0.0,"Hybrid (some remote, leans heavy to in-person)",Fintech,USA,7.0,3.0,125000.0,3.0,9.903487552536127
29.5,4.0,0,8.0,14.0,"Developer, desktop or enterprise applications",0.0,"Hybrid (some remote, leans heavy to in-person)",Other:,USA,7.0,1.0,105000.0,3.0,8.006200887093147
29.5,4.0,0,3.0,5.0,"Developer, full-stack",0.0,Remote,Software Development,USA,4.0,,130000.0,3.0,2.302585092994046
29.5,4.0,0,8.0,17.0,"Developer, back-end",0.0,"Hybrid (some in-person, leans heavy to flexibility)",Government,USA,9.0,1.0,154000.0,3.0,9.903487552536127
21.0,,0,2.0,4.0,"Developer, full-stack",0.0,In-person,Software Development,FIN,6.0,1.0,29004.0,3.0,2.302585092994046
29.5,4.0,0,6.0,8.0,"Developer, full-stack",0.0,Remote,Other:,MEX,5.0,1.0,78959.0,2.0,8.922591630635415
39.5,5.0,0,16.0,22.0,"Architect, software or solutions",0.0,"Hybrid (some in-person, leans heavy to flexibility)","Transportation, or Supply Chain",DEU,8.0,6.0,133417.0,3.0,9.903487552536127
29.5,5.0,0,5.0,13.0,"Developer, full-stack",0.0,Remote,Energy,ITA,,,38285.0,3.0,4.085976312551584
59.5,3.0,0,38.0,24.0,"Architect, software or solutions",0.0,Remote,Other:,USA,6.0,3.0,230000.0,3.0,9.903487552536127
21.0,4.0,0,2.0,5.0,"Developer, back-end",0.0,"Your choice (very flexible, you can come in when you want or just as needed)",Software Development,POL,5.0,,65586.0,3.0,9.903487552536127
39.5,4.0,0,6.0,6.0,"Developer, front-end",0.0,Remote,Software Development,USA,3.0,2.0,170000.0,3.0,9.903487552536127
21.0,2.0,0,3.0,6.0,"Developer, full-stack",0.0,Remote,Software Development,BRA,6.0,4.0,9175.0,2.0,8.922591630635415
29.5,5.0,0,4.0,7.0,DevOps engineer or professional,0.0,Remote,Media & Advertising Services,USA,3.0,3.0,150000.0,3.0,5.702114417555504
39.5,4.0,0,16.0,20.0,"Developer, back-end",0.0,"Hybrid (some in-person, leans heavy to flexibility)",Government,BRA,4.0,2.0,20388.0,2.0,8.922591630635415
39.5,4.0,0,13.0,19.0,"Developer, desktop or enterprise applications",1.0,Remote,Software Development,CAN,7.0,5.0,109438.0,3.0,8.006200887093147
49.5,4.0,0,22.0,20.0,"Founder, technology or otherwise",0.0,"Hybrid (some in-person, leans heavy to flexibility)","Internet, Telecomm or Information Services",USA,3.0,,120000.0,3.0,2.302585092994046
29.5,4.0,0,4.0,6.0,"Developer, front-end",0.0,In-person,Software Development,IND,3.0,2.0,4185.0,1.0,2.302585092994046
29.5,4.0,0,6.0,9.0,"Developer, desktop or enterprise applications",,Remote,Software Development,USA,6.0,,117500.0,3.0,4.085976312551584
49.5,5.0,1,30.0,34.0,"Architect, software or solutions",1.0,"Hybrid (some remote, leans heavy to in-person)",Healthcare,AUS,7.0,2.0,139218.0,3.0,2.302585092994046
29.5,4.0,0,9.0,13.0,"Developer, full-stack",0.0,"Hybrid (some in-person, leans heavy to flexibility)",Software Development,MYS,7.0,4.0,21206.0,2.0,5.702114417555504
49.5,6.0,0,38.0,42.0,Engineering manager,0.0,"Hybrid (some remote, leans heavy to in-person)",Other:,USA,10.0,2.0,340000.0,3.0,5.702114417555504
29.5,4.0,0,10.0,15.0,"Developer, full-stack",0.0,Remote,Insurance,CAN,11.0,5.0,109438.0,3.0,9.903487552536127
29.5,1.0,1,16.0,20.0,"Architect, software or solutions",,,Manufacturing,BOL,8.0,1.0,3468.0,1.0,
29.5,4.0,0,4.0,15.0,"Developer, game or graphics",0.0,In-person,Software Development,AUS,5.0,,74761.0,3.0,5.702114417555504
39.5,4.0,0,14.0,14.0,"Developer, back-end",0.0,Remote,Software Development,IND,5.0,3.0,24410.0,1.0,6.619406317542652
29.5,4.0,0,5.0,14.0,"Developer, full-stack",0.0,In-person,"Transportation, or Supply Chain",NZL,4.0,1.0,54212.0,3.0,4.085976312551584
39.5,5.0,0,16.0,20.0,"Developer, desktop or enterprise applications",0.0,Remote,Software Development,UKR,2.0,,67105.0,2.0,4.085976312551584
39.5,4.0,0,20.0,24.0,"Architect, software or solutions",1.0,In-person,Software Development,HKG,,,107644.0,3.0,5.702114417555504
29.5,4.0,0,2.0,6.0,"Developer, back-end",0.0,"Hybrid (some remote, leans heavy to in-person)",Software Development,IRN,3.0,4.0,7668.0,2.0,2.302585092994046
29.5,4.0,0,10.0,15.0,Other (please specify):,0.0,Remote,Media & Advertising Services,USA,5.0,6.0,170000.0,3.0,8.006200887093147
39.5,4.0,0,17.0,24.0,"Developer, full-stack",1.0,"Hybrid (some remote, leans heavy to in-person)",Higher Education,USA,4.0,1.0,125000.0,3.0,9.903487552536127
39.5,4.0,0,14.0,18.0,"Developer, front-end",0.0,"Your choice (very flexible, you can come in when you want or just as needed)",Software Development,IND,5.0,2.0,29060.0,1.0,8.006200887093147
29.5,4.0,0,2.0,9.0,Support engineer or analyst,0.0,"Your choice (very flexible, you can come in when you want or just as needed)",Software Development,PHL,3.0,1.0,8639.0,2.0,6.619406317542652
29.5,4.0,0,11.0,22.0,"Developer, full-stack",1.0,In-person,Software Development,POL,9.0,4.0,109160.0,3.0,5.702114417555504
29.5,5.0,0,14.0,18.0,DevOps engineer or professional,1.0,"Hybrid (some remote, leans heavy to in-person)","Transportation, or Supply Chain",NZL,13.0,6.0,78306.0,3.0,8.922591630635415
29.5,5.0,1,8.0,8.0,"Developer, back-end",,,Software Development,UKR,4.0,1.0,72608.0,2.0,
29.5,2.0,0,12.0,16.0,"Developer, full-stack",0.0,Remote,Government,AUS,13.0,6.0,91013.0,3.0,9.903487552536127
21.0,4.0,0,1.0,10.0,"Developer, desktop or enterprise applications",0.0,"Hybrid (some remote, leans heavy to in-person)",Software Development,IRN,6.0,2.0,113947.0,2.0,6.619406317542652
39.5,5.0,0,10.0,20.0,Engineering manager,1.0,"Your choice (very flexible, you can come in when you want or just as needed)",Software Development,GRC,4.0,1.0,89331.0,3.0,4.085976312551584
59.5,5.0,0,33.0,39.0,"Developer, full-stack",0.0,"Your choice (very flexible, you can come in when you want or just as needed)",Software Development,AUS,4.0,1.0,98164.0,3.0,8.006200887093147
39.5,2.0,0,20.0,30.0,"Developer, full-stack",1.0,"Hybrid (some remote, leans heavy to in-person)",Media & Advertising Services,SVN,4.0,7.0,46406.0,3.0,4.085976312551584
39.5,1.0,0,20.0,25.0,"Developer, full-stack",0.0,"Hybrid (some remote, leans heavy to in-person)",Software Development,JPN,7.0,2.0,34544.0,3.0,5.702114417555504
59.5,4.0,0,30.0,32.0,"Developer, full-stack",0.0,Remote,Manufacturing,AUS,8.0,1.0,55258.0,3.0,2.302585092994046
39.5,5.0,0,16.0,20.0,"Developer, full-stack",0.0,Remote,Healthcare,MEX,5.0,1.0,133000.0,2.0,5.702114417555504
21.0,4.0,0,4.0,7.0,"Developer, front-end",0.0,Remote,Software Development,UKR,3.0,,20400.0,2.0,4.085976312551584
39.5,4.0,0,14.0,20.0,"Developer, mobile",0.0,"Your choice (very flexible, you can come in when you want or just as needed)",Software Development,SRB,1.0,,71823.0,2.0,8.006200887093147
59.5,1.0,1,39.0,42.0,"Developer, full-stack",,,Software Development,,8.0,,139218.0,,
21.0,4.0,0,1.0,5.0,"Developer, back-end",1.0,"Hybrid (some remote, leans heavy to in-person)",Software Development,LKA,,,1199.0,2.0,2.302585092994046
39.5,6.0,0,12.0,26.0,"Developer, back-end",,,Software Development,DEU,3.0,,67289.0,3.0,4.085976312551584
21.0,4.0,0,1.0,5.0,"Developer, full-stack",0.0,Remote,"Transportation, or Supply Chain",IND,,,13949.0,1.0,8.922591630635415
39.5,5.0,0,8.0,11.0,Engineering manager,1.0,In-person,"Internet, Telecomm or Information Services",MNG,2.0,3.0,29757.0,2.0,8.006200887093147
29.5,4.0,0,5.0,6.0,"Developer, mobile",0.0,Remote,Software Development,HRV,1.0,,34804.0,3.0,2.302585092994046
21.0,4.0,0,4.0,6.0,"Developer, QA or test",0.0,Remote,Software Development,UKR,5.0,4.0,33553.0,2.0,4.085976312551584
49.5,4.0,0,23.0,27.0,"Developer, full-stack",0.0,"Hybrid (some remote, leans heavy to in-person)",Fintech,GBR,6.0,3.0,122527.0,3.0,2.302585092994046
39.5,2.0,0,12.0,14.0,"Developer, front-end",0.0,Remote,Software Development,GRC,2.0,,59529.0,3.0,6.619406317542652
49.5,5.0,0,30.0,32.0,"Architect, software or solutions",1.0,Remote,Healthcare,AUS,10.0,4.0,130019.0,3.0,5.702114417555504
39.5,4.0,0,15.0,16.0,"Developer, desktop or enterprise applications",0.0,"Hybrid (some remote, leans heavy to in-person)",Software Development,GBR,5.0,1.0,78962.0,3.0,2.302585092994046
29.5,4.0,0,6.0,12.0,"Developer, embedded applications or devices",0.0,Remote,Software Development,DEU,5.0,,72393.0,3.0,2.302585092994046
39.5,6.0,0,22.0,25.0,DevOps engineer or professional,0.0,"Hybrid (some remote, leans heavy to in-person)",Software Development,ESP,10.0,6.0,48726.0,3.0,4.085976312551584
21.0,2.0,0,2.0,8.0,DevOps engineer or professional,0.0,"Hybrid (some in-person, leans heavy to flexibility)","Internet, Telecomm or Information Services",HUN,,,37591.0,3.0,9.903487552536127
39.5,5.0,0,17.0,30.0,"Developer, front-end",0.0,"Hybrid (some in-person, leans heavy to flexibility)",Software Development,SWE,6.0,1.0,81761.0,3.0,5.702114417555504
39.5,4.0,0,15.0,20.0,"Senior executive (C-suite, VP, etc.)",1.0,"Hybrid (some remote, leans heavy to in-person)",Fintech,IND,,,127864.0,1.0,9.903487552536127
39.5,5.0,0,13.0,19.0,"Developer, back-end",0.0,"Your choice (very flexible, you can come in when you want or just as needed)",Fintech,ROU,3.0,4.0,88171.0,3.0,9.903487552536127
39.5,2.0,0,20.0,28.0,Engineering manager,1.0,"Hybrid (some remote, leans heavy to in-person)",Software Development,DEU,12.0,2.0,116015.0,3.0,4.085976312551584
29.5,2.0,0,10.0,11.0,"Developer, full-stack",0.0,Remote,Software Development,POL,,,42572.0,3.0,8.006200887093147
29.5,4.0,1,6.0,10.0,"Developer, front-end",0.0,In-person,Fintech,LSO,6.0,4.0,2822.0,1.0,2.302585092994046
29.5,4.0,0,15.0,15.0,"Developer, full-stack",0.0,"Hybrid (some in-person, leans heavy to flexibility)","Transportation, or Supply Chain",CHE,3.0,2.0,142592.0,3.0,9.903487552536127
29.5,4.0,0,4.0,8.0,"Developer, back-end",0.0,"Hybrid (some in-person, leans heavy to flexibility)",Software Development,ESP,2.0,1.0,37125.0,3.0,5.702114417555504
59.5,2.0,1,42.0,44.0,"Developer, game or graphics",,,Software Development,USA,3.0,,62000.0,3.0,
29.5,5.0,0,10.0,17.0,"Architect, software or solutions",0.0,"Hybrid (some remote, leans heavy to in-person)",Software Development,DEU,5.0,,115667.0,3.0,9.903487552536127
39.5,5.0,0,18.0,23.0,"Developer, full-stack",1.0,"Hybrid (some remote, leans heavy to in-person)",Software Development,PRY,5.0,3.0,300000.0,2.0,5.702114417555504
29.5,5.0,1,12.0,15.0,"Developer, full-stack",0.0,Remote,"Internet, Telecomm or Information Services",NZL,3.0,5.0,96377.0,3.0,2.302585092994046
29.5,5.0,0,8.0,14.0,"Developer, back-end",0.0,"Hybrid (some in-person, leans heavy to flexibility)",Energy,NLD,8.0,6.0,92812.0,3.0,6.619406317542652
39.5,5.0,0,15.0,22.0,"Developer, desktop or enterprise applications",0.0,"Hybrid (some remote, leans heavy to in-person)",Software Development,DEU,3.0,2.0,52207.0,3.0,5.702114417555504
21.0,3.0,0,1.0,3.0,"Developer, full-stack",0.0,In-person,"Transportation, or Supply Chain",USA,5.0,1.0,50000.0,3.0,2.302585092994046
21.0,5.0,0,2.0,11.0,"Developer, full-stack",0.0,"Hybrid (some remote, leans heavy to in-person)",Software Development,FRA,7.0,2.0,52207.0,3.0,4.085976312551584
21.0,4.0,0,2.0,9.0,"Developer, full-stack",0.0,"Hybrid (some remote, leans heavy to in-person)",Software Development,HUN,7.0,4.0,23495.0,3.0,5.702114417555504
49.5,5.0,0,18.0,40.0,"Developer, full-stack",0.0,Remote,Software Development,DEU,3.0,1.0,45246.0,3.0,4.085976312551584
49.5,2.0,1,30.0,43.0,"Developer, full-stack",,,Software Development,ITA,6.0,4.0,92812.0,3.0,
39.5,4.0,0,17.0,23.0,"Developer, back-end",0.0,Remote,"Internet, Telecomm or Information Services",ESP,7.0,7.0,96292.0,3.0,9.903487552536127
29.5,2.0,0,8.0,12.0,"Developer, full-stack",0.0,"Your choice (very flexible, you can come in when you want or just as needed)",Computer Systems Design and Services,HUN,5.0,2.0,75216.0,3.0,4.085976312551584
59.5,5.0,0,39.0,46.0,"Developer, embedded applications or devices",0.0,"Hybrid (some remote, leans heavy to in-person)",Manufacturing,DEU,5.0,,64337.0,3.0,8.006200887093147
29.5,5.0,0,5.0,8.0,"Developer, full-stack",0.0,"Hybrid (some remote, leans heavy to in-person)",Software Development,PAK,8.0,4.0,8428.0,1.0,4.085976312551584
39.5,6.0,0,12.0,8.0,Data scientist,0.0,"Hybrid (some in-person, leans heavy to flexibility)",Retail and Consumer Services,DEU,5.0,4.0,111374.0,3.0,9.903487552536127
49.5,5.0,0,21.0,27.0,"Developer, front-end",0.0,"Hybrid (some in-person, leans heavy to flexibility)",Healthcare,GBR,3.0,,117082.0,3.0,5.702114417555504
39.5,5.0,0,9.0,11.0,Cloud infrastructure engineer,0.0,"Hybrid (some in-person, leans heavy to flexibility)",Energy,NLD,2.0,3.0,69609.0,3.0,6.619406317542652
49.5,6.0,0,27.0,33.0,AI/ML engineer,,In-person,Software Development,USA,8.0,3.0,200000.0,3.0,5.702114417555504
39.5,6.0,0,20.0,24.0,Data scientist,1.0,"Hybrid (some in-person, leans heavy to flexibility)",Healthcare,USA,3.0,3.0,275000.0,3.0,8.006200887093147
39.5,5.0,0,8.0,10.0,"Developer, front-end",0.0,"Your choice (very flexible, you can come in when you want or just as needed)","Transportation, or Supply Chain",BGR,2.0,,47445.0,3.0,9.903487552536127
29.5,4.0,0,5.0,5.0,"Developer, full-stack",1.0,In-person,Computer Systems Design and Services,IND,3.0,3.0,1674.0,1.0,4.085976312551584
29.5,4.0,0,4.0,6.0,"Developer, full-stack",0.0,"Hybrid (some in-person, leans heavy to flexibility)",Software Development,BRA,,,150000.0,2.0,9.903487552536127
49.5,4.0,0,20.0,34.0,"Developer, full-stack",0.0,"Hybrid (some remote, leans heavy to in-person)","Transportation, or Supply Chain",AUS,6.0,4.0,99464.0,3.0,2.302585092994046
59.5,6.0,0,35.0,45.0,"Architect, software or solutions",1.0,"Hybrid (some in-person, leans heavy to flexibility)","Internet, Telecomm or Information Services",ITA,5.0,1.0,92812.0,3.0,4.085976312551584
39.5,,0,14.0,20.0,"Developer, full-stack",0.0,In-person,Banking/Financial Services,DEU,10.0,4.0,97452.0,3.0,6.619406317542652
29.5,5.0,0,7.0,10.0,"Architect, software or solutions",0.0,"Hybrid (some remote, leans heavy to in-person)",Software Development,FRA,4.0,1.0,45826.0,3.0,9.903487552536127
21.0,2.0,0,6.0,12.0,"Developer, full-stack",0.0,"Your choice (very flexible, you can come in when you want or just as needed)",Software Development,GBR,,2.0,49011.0,3.0,4.085976312551584
39.5,4.0,0,10.0,10.0,"Developer, desktop or enterprise applications",0.0,In-person,Software Development,CHN,,2.0,48750.0,2.0,9.903487552536127
29.5,4.0,0,1.0,7.0,AI/ML engineer,0.0,Remote,Fintech,VNM,2.0,,3118.0,2.0,2.302585092994046
21.0,5.0,0,3.0,8.0,DevOps engineer or professional,1.0,In-person,Banking/Financial Services,FRA,13.0,4.0,37125.0,3.0,2.302585092994046
39.5,5.0,0,8.0,10.0,"Developer, full-stack",0.0,In-person,Fintech,USA,5.0,3.0,165000.0,3.0,4.085976312551584
29.5,4.0,0,3.0,8.0,Data engineer,0.0,In-person,Other:,USA,7.0,2.0,70000.0,3.0,8.006200887093147
21.0,4.0,0,4.0,9.0,Data scientist,0.0,"Your choice (very flexible, you can come in when you want or just as needed)",Software Development,UKR,11.0,7.0,23008.0,2.0,2.302585092994046
29.5,0.0,0,5.0,10.0,"Developer, full-stack",0.0,In-person,Media & Advertising Services,ZAF,7.0,1.0,8119.0,2.0,2.302585092994046
39.5,5.0,0,18.0,25.0,DevOps engineer or professional,0.0,Remote,Software Development,CZE,5.0,5.0,46806.0,3.0,4.085976312551584
49.5,3.0,1,27.0,35.0,"Developer, full-stack",,,Fintech,ITA,4.0,4.0,70125.0,3.0,
29.5,4.0,0,11.0,15.0,"Developer, desktop or enterprise applications",0.0,"Hybrid (some in-person, leans heavy to flexibility)",Software Development,IND,1.0,,75556.0,1.0,5.702114417555504
49.5,2.0,0,10.0,12.0,"Developer, full-stack",0.0,,Government,USA,10.0,7.0,77000.0,3.0,8.006200887093147
29.5,,0,3.0,5.0,"Developer, back-end",0.0,"Hybrid (some remote, leans heavy to in-person)",Software Development,BRA,,,15109.0,2.0,9.903487552536127
39.5,5.0,0,7.0,11.0,"Developer, front-end",0.0,In-person,Other:,ITA,6.0,7.0,40605.0,3.0,8.006200887093147
39.5,2.0,1,17.0,19.0,"Architect, software or solutions",,,Other:,USA,1.0,1.0,166400.0,3.0,
59.5,4.0,0,39.0,43.0,"Developer, desktop or enterprise applications",0.0,In-person,Manufacturing,USA,5.0,,128895.0,3.0,6.619406317542652
21.0,4.0,0,1.0,5.0,"Developer, back-end",0.0,In-person,Retail and Consumer Services,IND,6.0,7.0,16274.0,1.0,4.085976312551584
39.5,2.0,0,26.0,29.0,"Architect, software or solutions",0.0,"Hybrid (some in-person, leans heavy to flexibility)",Software Development,USA,14.0,5.0,165000.0,3.0,4.085976312551584
29.5,4.0,0,6.0,11.0,"Developer, desktop or enterprise applications",0.0,"Hybrid (some remote, leans heavy to in-person)",Manufacturing,USA,5.0,1.0,85000.0,3.0,6.619406317542652
39.5,4.0,0,9.0,9.0,Data scientist,0.0,"Hybrid (some in-person, leans heavy to flexibility)",Government,CAN,5.0,3.0,72958.0,3.0,9.903487552536127
39.5,4.0,0,25.0,29.0,"Developer, back-end",1.0,"Hybrid (some in-person, leans heavy to flexibility)",Banking/Financial Services,CZE,3.0,3.0,89118.0,3.0,9.903487552536127
29.5,4.0,0,8.0,10.0,"Founder, technology or otherwise",0.0,In-person,Fintech,MAR,8.0,5.0,47492.0,1.0,4.085976312551584
29.5,4.0,0,10.0,14.0,"Developer, full-stack",0.0,"Hybrid (some remote, leans heavy to in-person)",Software Development,IND,,,92992.0,1.0,8.006200887093147
29.5,5.0,0,4.0,6.0,Data engineer,0.0,"Your choice (very flexible, you can come in when you want or just as needed)",Software Development,USA,4.0,3.0,137500.0,3.0,4.085976312551584
39.5,4.0,0,4.0,11.0,"Developer, full-stack",0.0,"Hybrid (some in-person, leans heavy to flexibility)",Government,USA,6.0,1.0,118000.0,3.0,8.006200887093147
29.5,4.0,0,10.0,13.0,"Developer, back-end",0.0,Remote,Software Development,ESP,4.0,4.0,100933.0,3.0,8.006200887093147
49.5,5.0,0,28.0,35.0,"Developer, desktop or enterprise applications",0.0,"Hybrid (some remote, leans heavy to in-person)",Software Development,FIN,6.0,,92812.0,3.0,6.619406317542652
39.5,5.0,0,18.0,23.0,"Developer, mobile",0.0,Remote,Software Development,POL,1.0,2.0,72000.0,3.0,8.922591630635415
39.5,5.0,0,8.0,25.0,"Developer, back-end",1.0,"Hybrid (some remote, leans heavy to in-person)",Healthcare,AUS,6.0,6.0,110516.0,3.0,4.085976312551584
29.5,4.0,0,10.0,12.0,Engineering manager,0.0,In-person,Software Development,USA,,,220000.0,3.0,4.085976312551584
29.5,5.0,0,9.0,4.0,"Developer, back-end",0.0,Remote,Other:,GRC,5.0,3.0,208826.0,3.0,2.302585092994046
29.5,4.0,0,8.0,14.0,DevOps engineer or professional,0.0,Remote,Fintech,USA,6.0,8.0,370000.0,3.0,8.006200887093147
29.5,4.0,0,5.0,12.0,Engineering manager,1.0,"Hybrid (some remote, leans heavy to in-person)",Healthcare,NLD,12.0,5.0,61574.0,3.0,9.903487552536127
29.5,4.0,0,6.0,11.0,"Developer, full-stack",0.0,"Your choice (very flexible, you can come in when you want or just as needed)",Software Development,USA,10.0,2.0,84000.0,3.0,4.085976312551584
39.5,2.0,0,18.0,30.0,"Developer, full-stack",0.0,"Hybrid (some in-person, leans heavy to flexibility)","Transportation, or Supply Chain",SWE,5.0,,83857.0,3.0,9.903487552536127
29.5,3.0,0,6.0,10.0,DevOps engineer or professional,0.0,Remote,Software Development,DEU,7.0,3.0,81210.0,3.0,4.085976312551584
21.0,4.0,0,4.0,6.0,Data engineer,0.0,Remote,Software Development,UKR,5.0,10.0,1007.0,2.0,5.702114417555504
29.5,4.0,0,7.0,15.0,"Developer, mobile",0.0,"Hybrid (some remote, leans heavy to in-person)",Healthcare,CHE,2.0,,148791.0,3.0,6.619406317542652
39.5,2.0,0,12.0,20.0,"Developer, full-stack",0.0,"Hybrid (some in-person, leans heavy to flexibility)",Software Development,GBR,5.0,1.0,68071.0,3.0,5.702114417555504
29.5,5.0,0,10.0,14.0,"Developer, back-end",0.0,"Hybrid (some in-person, leans heavy to flexibility)",Other:,NLD,4.0,2.0,110214.0,3.0,4.085976312551584
21.0,2.0,0,1.0,14.0,"Developer, full-stack",0.0,"Your choice (very flexible, you can come in when you want or just as needed)",Other:,GBR,7.0,3.0,57179.0,3.0,5.702114417555504
29.5,5.0,0,6.0,10.0,"Developer, back-end",0.0,Remote,Fintech,BRA,10.0,9.0,1820.0,2.0,9.903487552536127
29.5,5.0,0,8.0,15.0,"Developer, desktop or enterprise applications",0.0,"Your choice (very flexible, you can come in when you want or just as needed)",Software Development,CZE,12.0,3.0,67868.0,3.0,9.903487552536127
39.5,4.0,0,20.0,23.0,"Architect, software or solutions",0.0,Remote,Healthcare,USA,7.0,1.0,190000.0,3.0,9.903487552536127
49.5,4.0,0,25.0,29.0,DevOps engineer or professional,0.0,"Hybrid (some remote, leans heavy to in-person)",Banking/Financial Services,USA,,,210000.0,3.0,9.903487552536127
39.5,5.0,1,22.0,25.0,"Architect, software or solutions",0.0,Remote,Healthcare,BRA,10.0,3.0,54611.0,2.0,8.922591630635415
49.5,5.0,0,25.0,25.0,Engineering manager,1.0,"Your choice (very flexible, you can come in when you want or just as needed)",Government,USA,12.0,5.0,135000.0,3.0,8.006200887093147
39.5,5.0,0,17.0,30.0,"Developer, back-end",0.0,Remote,Software Development,CAN,8.0,5.0,182396.0,3.0,5.702114417555504
29.5,4.0,0,6.0,7.0,"Developer, full-stack",0.0,"Hybrid (some in-person, leans heavy to flexibility)",Insurance,DEU,6.0,6.0,63808.0,3.0,6.619406317542652
49.5,2.0,0,29.0,40.0,"Architect, software or solutions",0.0,Remote,Software Development,SWE,5.0,2.0,94339.0,3.0,8.006200887093147
29.5,4.0,0,6.0,10.0,"Developer, full-stack",0.0,Remote,Software Development,CAN,7.0,2.0,145917.0,3.0,6.619406317542652
29.5,1.0,0,12.0,18.0,"Developer, full-stack",0.0,"Your choice (very flexible, you can come in when you want or just as needed)",Other:,SWE,7.0,3.0,60377.0,3.0,6.619406317542652
29.5,4.0,0,4.0,5.0,"Developer, back-end",0.0,"Hybrid (some in-person, leans heavy to flexibility)","Internet, Telecomm or Information Services",IND,7.0,5.0,17436.0,1.0,5.702114417555504
29.5,4.0,0,8.0,14.0,"Developer, embedded applications or devices",0.0,Remote,Software Development,USA,5.0,,60000.0,3.0,4.085976312551584
39.5,5.0,0,25.0,34.0,"Developer, mobile",0.0,"Your choice (very flexible, you can come in when you want or just as needed)",Software Development,USA,13.0,9.0,250000.0,3.0,9.903487552536127
59.5,5.0,0,42.0,49.0,"Developer, back-end",0.0,Remote,Software Development,USA,5.0,,185000.0,3.0,9.903487552536127
29.5,4.0,0,13.0,16.0,"Developer, back-end",0.0,Remote,Software Development,IRL,3.0,7.0,116015.0,3.0,4.085976312551584
29.5,4.0,0,11.0,15.0,"Developer, back-end",0.0,Remote,Software Development,AUS,2.0,2.0,286041.0,3.0,9.903487552536127
29.5,2.0,0,2.0,8.0,"Developer, full-stack",0.0,In-person,Manufacturing,KOR,,,23518.0,3.0,2.302585092994046
21.0,4.0,0,2.0,3.0,Data scientist,0.0,Remote,Software Development,IND,3.0,,10462.0,1.0,4.085976312551584
39.5,6.0,0,13.0,20.0,Data scientist,0.0,Remote,"Transportation, or Supply Chain",USA,4.0,3.0,260000.0,3.0,9.903487552536127
29.5,4.0,0,5.0,12.0,"Developer, full-stack",0.0,In-person,Software Development,IDN,5.0,5.0,3064.0,2.0,2.302585092994046
21.0,4.0,0,2.0,3.0,"Developer, back-end",0.0,In-person,Software Development,IDN,1.0,2.0,9192.0,2.0,8.006200887093147
39.5,2.0,0,18.0,20.0,"Developer, front-end",0.0,"Hybrid (some in-person, leans heavy to flexibility)","Internet, Telecomm or Information Services",CHN,6.0,,16714.0,2.0,4.085976312551584
49.5,5.0,1,18.0,22.0,Academic researcher,0.0,Remote,Higher Education,PAK,12.0,4.0,12000.0,1.0,0.0
29.5,4.0,0,4.0,8.0,"Developer, full-stack",0.0,"Hybrid (some remote, leans heavy to in-person)",Retail and Consumer Services,NZL,4.0,1.0,66259.0,3.0,8.006200887093147
29.5,4.0,0,11.0,12.0,"Developer, front-end",1.0,Remote,Energy,UKR,6.0,,71899.0,2.0,2.302585092994046
29.5,4.0,0,7.0,13.0,"Developer, mobile",0.0,Remote,Software Development,IND,1.0,2.0,5812.0,1.0,8.006200887093147
49.5,5.0,0,29.0,29.0,"Developer, desktop or enterprise applications",0.0,"Your choice (very flexible, you can come in when you want or just as needed)","Internet, Telecomm or Information Services",CAN,9.0,3.0,116733.0,3.0,9.903487552536127
29.5,5.0,0,9.0,14.0,"Developer, full-stack",1.0,"Hybrid (some remote, leans heavy to in-person)",Software Development,UKR,6.0,3.0,6961.0,2.0,8.006200887093147
29.5,5.0,0,8.0,20.0,"Developer, back-end",0.0,"Hybrid (some remote, leans heavy to in-person)",Software Development,NOR,11.0,5.0,118593.0,3.0,8.006200887093147
49.5,4.0,0,6.0,8.0,"Developer, full-stack",0.0,"Hybrid (some remote, leans heavy to in-person)",Software Development,AUS,9.0,6.0,61109.0,3.0,2.302585092994046
39.5,4.0,0,11.0,16.0,"Developer, mobile",0.0,In-person,Software Development,IND,2.0,,13949.0,1.0,9.903487552536127
29.5,4.0,0,14.0,17.0,"Developer, AI apps or physical AI",0.0,"Hybrid (some remote, leans heavy to in-person)",Software Development,USA,8.0,3.0,200000.0,3.0,9.903487552536127
39.5,5.0,0,16.0,25.0,Data engineer,0.0,"Hybrid (some remote, leans heavy to in-person)","Transportation, or Supply Chain",NOR,6.0,7.0,103769.0,3.0,8.006200887093147
59.5,4.0,0,34.0,45.0,"Developer, full-stack",0.0,"Hybrid (some in-person, leans heavy to flexibility)","Transportation, or Supply Chain",AUS,4.0,1.0,97514.0,3.0,5.702114417555504
39.5,4.0,0,13.0,19.0,"Developer, full-stack",0.0,"Your choice (very flexible, you can come in when you want or just as needed)",Media & Advertising Services,CAN,7.0,3.0,116733.0,3.0,5.702114417555504
29.5,4.0,0,3.0,10.0,Data or business analyst,0.0,"Hybrid (some in-person, leans heavy to flexibility)",Higher Education,USA,5.0,1.0,65000.0,3.0,4.085976312551584
59.5,5.0,1,26.0,41.0,"Architect, software or solutions",0.0,Remote,Government,ITA,,4.0,174022.0,3.0,5.702114417555504
29.5,4.0,0,8.0,10.0,"Developer, full-stack",0.0,In-person,Insurance,SGP,7.0,6.0,58584.0,3.0,4.085976312551584
49.5,5.0,0,15.0,30.0,"Developer, embedded applications or devices",0.0,In-person,Computer Systems Design and Services,CHN,3.0,,111428.0,2.0,8.006200887093147
39.5,5.0,0,7.0,9.0,"Developer, front-end",0.0,"Hybrid (some in-person, leans heavy to flexibility)",Banking/Financial Services,AUS,5.0,2.0,78011.0,3.0,8.006200887093147
39.5,5.0,0,5.0,35.0,"Developer, full-stack",0.0,Remote,Software Development,ITA,4.0,4.0,32484.0,3.0,8.006200887093147
21.0,4.0,0,2.0,4.0,"Developer, back-end",0.0,Remote,Retail and Consumer Services,UKR,5.0,4.0,8915.0,2.0,9.903487552536127
59.5,5.0,0,27.0,40.0,"Developer, full-stack",0.0,"Hybrid (some remote, leans heavy to in-person)",Other:,NOR,7.0,2.0,108710.0,3.0,8.922591630635415
21.0,1.0,0,3.0,8.0,"Developer, full-stack",0.0,Remote,Software Development,USA,7.0,3.0,40000.0,3.0,2.302585092994046
29.5,5.0,0,2.0,4.0,"Developer, full-stack",0.0,"Hybrid (some in-person, leans heavy to flexibility)",Other:,DEU,5.0,2.0,87011.0,3.0,8.006200887093147
21.0,5.0,0,3.0,5.0,"Developer, full-stack",0.0,"Your choice (very flexible, you can come in when you want or just as needed)",Healthcare,UKR,5.0,6.0,1678.0,2.0,2.302585092994046
21.0,4.0,0,3.0,7.0,"Developer, embedded applications or devices",0.0,In-person,Manufacturing,TUR,5.0,,24238.0,2.0,8.006200887093147
29.5,3.0,0,8.0,10.0,"Developer, front-end",0.0,In-person,Software Development,CHN,8.0,5.0,41786.0,2.0,4.085976312551584
29.5,5.0,0,8.0,14.0,Engineering manager,1.0,"Hybrid (some remote, leans heavy to in-person)",Software Development,FRA,4.0,3.0,100933.0,3.0,4.085976312551584
39.5,4.0,0,13.0,14.0,"Developer, back-end",0.0,"Hybrid (some in-person, leans heavy to flexibility)",Software Development,UKR,3.0,3.0,60000.0,2.0,4.085976312551584
49.5,5.0,0,26.0,32.0,"Developer, front-end",0.0,"Hybrid (some in-person, leans heavy to flexibility)",Software Development,GRC,4.0,1.0,69609.0,3.0,4.085976312551584
21.0,3.0,0,1.0,9.0,DevOps engineer or professional,0.0,"Your choice (very flexible, you can come in when you want or just as needed)",Software Development,UKR,4.0,6.0,1400.0,2.0,2.302585092994046
29.5,5.0,0,7.0,12.0,"Developer, full-stack",0.0,"Hybrid (some in-person, leans heavy to flexibility)",Software Development,FRA,8.0,1.0,46406.0,3.0,8.922591630635415
59.5,2.0,0,33.0,45.0,"Developer, full-stack",0.0,Remote,Software Development,USA,8.0,2.0,210000.0,3.0,4.085976312551584
39.5,5.0,0,10.0,15.0,DevOps engineer or professional,0.0,Remote,Software Development,DEU,5.0,3.0,75410.0,3.0,5.702114417555504
39.5,6.0,0,14.0,30.0,"Architect, software or solutions",0.0,Remote,Healthcare,DEU,7.0,1.0,139218.0,3.0,6.619406317542652
29.5,,0,3.0,7.0,"Developer, full-stack",0.0,"Your choice (very flexible, you can come in when you want or just as needed)",Software Development,ESP,6.0,3.0,29004.0,3.0,4.085976312551584
29.5,5.0,0,8.0,12.0,"Developer, full-stack",0.0,Remote,Software Development,IND,6.0,6.0,7323.0,1.0,2.302585092994046
29.5,4.0,0,2.0,10.0,"Developer, full-stack",0.0,"Hybrid (some remote, leans heavy to in-person)",Software Development,ITA,4.0,1.0,34804.0,3.0,4.085976312551584
39.5,5.0,0,13.0,17.0,Cloud infrastructure engineer,0.0,"Your choice (very flexible, you can come in when you want or just as needed)","Transportation, or Supply Chain",NOR,5.0,1.0,109367.0,3.0,9.903487552536127
39.5,4.0,0,20.0,25.0,"Developer, full-stack",1.0,"Hybrid (some remote, leans heavy to in-person)",Healthcare,AUS,15.0,5.0,102715.0,3.0,8.006200887093147
39.5,6.0,0,20.0,30.0,Other (please specify):,0.0,"Hybrid (some in-person, leans heavy to flexibility)",Banking/Financial Services,DEU,6.0,5.0,197225.0,3.0,9.903487552536127
29.5,1.0,0,6.0,11.0,"Developer, full-stack",0.0,"Hybrid (some remote, leans heavy to in-person)",Healthcare,CHE,9.0,3.0,105394.0,3.0,4.085976312551584
39.5,4.0,0,15.0,19.0,"Developer, full-stack",0.0,Remote,Software Development,IRL,3.0,1.0,106733.0,3.0,4.085976312551584
21.0,4.0,0,1.0,6.0,"Developer, back-end",0.0,"Hybrid (some remote, leans heavy to in-person)",Software Development,ESP,6.0,3.0,20883.0,3.0,4.085976312551584
49.5,4.0,0,21.0,30.0,"Architect, software or solutions",1.0,In-person,Software Development,DEU,4.0,6.0,127616.0,3.0,5.702114417555504
29.5,4.0,0,5.0,6.0,"Developer, full-stack",0.0,In-person,Fintech,GBR,6.0,3.0,272283.0,3.0,6.619406317542652
49.5,4.0,0,34.0,40.0,"Developer, back-end",1.0,Remote,"Internet, Telecomm or Information Services",LVA,4.0,4.0,106733.0,3.0,6.619406317542652
39.5,4.0,0,12.0,13.0,"Developer, full-stack",0.0,"Hybrid (some in-person, leans heavy to flexibility)",Energy,GBR,4.0,4.0,108913.0,3.0,4.085976312551584
29.5,5.0,0,9.0,13.0,"Developer, embedded applications or devices",0.0,In-person,Other:,CHE,4.0,2.0,105394.0,3.0,2.302585092994046
39.5,4.0,0,20.0,30.0,"Architect, software or solutions",1.0,Remote,Software Development,BLR,10.0,3.0,132000.0,2.0,4.085976312551584
29.5,4.0,0,5.0,5.0,"Developer, mobile",0.0,Remote,Fintech,TUR,3.0,1.0,42416.0,2.0,6.619406317542652
21.0,5.0,0,3.0,8.0,"Developer, back-end",0.0,"Your choice (very flexible, you can come in when you want or just as needed)",Software Development,ESP,8.0,6.0,37125.0,3.0,8.006200887093147
29.5,2.0,1,9.0,14.0,"Developer, back-end",,,Software Development,POL,10.0,5.0,122805.0,3.0,
29.5,4.0,0,13.0,19.0,"Developer, full-stack",0.0,"Your choice (very flexible, you can come in when you want or just as needed)",Software Development,AUS,8.0,6.0,84512.0,3.0,5.702114417555504
39.5,2.0,0,15.0,15.0,"Developer, front-end",0.0,"Hybrid (some in-person, leans heavy to flexibility)",Software Development,CZE,,,65528.0,3.0,5.702114417555504
29.5,2.0,0,13.0,17.0,"Developer, full-stack",0.0,Remote,Software Development,SVN,6.0,4.0,278435.0,3.0,5.702114417555504
49.5,4.0,1,28.0,38.0,"Developer, back-end",,,Banking/Financial Services,IRL,4.0,4.0,162421.0,3.0,
29.5,4.0,0,3.0,8.0,"Developer, back-end",0.0,"Hybrid (some remote, leans heavy to in-person)",Software Development,BIH,,,1602.0,2.0,4.085976312551584
21.0,1.0,0,2.0,6.0,"Developer, full-stack",0.0,"Your choice (very flexible, you can come in when you want or just as needed)",Banking/Financial Services,IRL,6.0,2.0,16822.0,3.0,2.302585092994046
21.0,4.0,0,4.0,10.0,"Developer, front-end",0.0,"Hybrid (some remote, leans heavy to in-person)",Manufacturing,AUT,7.0,6.0,66128.0,3.0,5.702114417555504
39.5,4.0,0,6.0,8.0,"Developer, full-stack",0.0,In-person,Other:,AUS,7.0,2.0,97855.0,3.0,4.085976312551584
21.0,4.0,0,4.0,11.0,"Developer, back-end",0.0,"Hybrid (some remote, leans heavy to in-person)",Banking/Financial Services,USA,9.0,5.0,110000.0,3.0,9.903487552536127
49.5,4.0,0,34.0,34.0,"Developer, back-end",0.0,Remote,Software Development,GBR,6.0,3.0,88492.0,3.0,4.085976312551584
21.0,2.0,0,6.0,13.0,"Developer, full-stack",0.0,"Your choice (very flexible, you can come in when you want or just as needed)",Retail and Consumer Services,DEU,9.0,5.0,75410.0,3.0,9.903487552536127
21.0,4.0,0,2.0,4.0,"Developer, back-end",,"Hybrid (some remote, leans heavy to in-person)",Software Development,IND,4.0,,6044.0,1.0,4.085976312551584
59.5,2.0,0,43.0,45.0,"Developer, full-stack",0.0,Remote,Software Development,NZL,2.0,2.0,87341.0,3.0,4.085976312551584
39.5,4.0,0,13.0,13.0,"Developer, front-end",0.0,"Hybrid (some remote, leans heavy to in-person)",Software Development,IND,4.0,3.0,29060.0,1.0,6.619406317542652
29.5,1.0,0,10.0,10.0,"Developer, back-end",0.0,In-person,Other:,ISR,3.0,4.0,132576.0,3.0,9.903487552536127
39.5,4.0,1,14.0,18.0,"Developer, back-end",,,Software Development,USA,5.0,4.0,650000.0,3.0,
59.5,4.0,0,30.0,32.0,DevOps engineer or professional,0.0,Remote,Government,USA,12.0,7.0,100000.0,3.0,8.006200887093147
39.5,5.0,0,12.0,12.0,"Developer, front-end",0.0,"Hybrid (some remote, leans heavy to in-person)",Healthcare,FRA,6.0,3.0,58007.0,3.0,2.302585092994046
39.5,4.0,0,11.0,15.0,"Developer, full-stack",0.0,"Hybrid (some remote, leans heavy to in-person)",Software Development,USA,4.0,1.0,110000.0,3.0,6.619406317542652
39.5,5.0,0,12.0,20.0,"Developer, back-end",1.0,"Hybrid (some in-person, leans heavy to flexibility)","Internet, Telecomm or Information Services",ESP,5.0,4.0,93639.0,3.0,8.006200887093147
39.5,5.0,0,15.0,25.0,"Architect, software or solutions",0.0,In-person,Software Development,FRA,5.0,2.0,69609.0,3.0,8.922591630635415
29.5,5.0,0,8.0,15.0,"Developer, full-stack",0.0,Remote,Banking/Financial Services,HRV,6.0,1.0,25523.0,3.0,5.702114417555504
29.5,3.0,0,2.0,4.0,DevOps engineer or professional,0.0,"Hybrid (some in-person, leans heavy to flexibility)",Software Development,USA,3.0,1.0,88000.0,3.0,9.903487552536127
29.5,4.0,0,5.0,7.0,"Developer, back-end",0.0,"Your choice (very flexible, you can come in when you want or just as needed)",Software Development,MEX,8.0,3.0,1316.0,2.0,9.903487552536127
39.5,5.0,0,14.0,19.0,"Developer, full-stack",0.0,"Your choice (very flexible, you can come in when you want or just as needed)",Software Development,SVK,6.0,2.0,81210.0,3.0,4.085976312551584
29.5,5.0,0,3.0,10.0,AI/ML engineer,0.0,Remote,Software Development,CAN,5.0,7.0,87550.0,3.0,5.702114417555504
39.5,5.0,0,12.0,15.0,"Developer, front-end",1.0,In-person,Software Development,USA,3.0,,140000.0,3.0,5.702114417555504
39.5,6.0,0,15.0,20.0,"Architect, software or solutions",0.0,"Hybrid (some in-person, leans heavy to flexibility)",Software Development,USA,13.0,5.0,108000.0,3.0,2.302585092994046
29.5,5.0,0,3.0,9.0,"Developer, full-stack",0.0,"Hybrid (some remote, leans heavy to in-person)",Software Development,GBR,4.0,,81685.0,3.0,2.302585092994046
39.5,4.0,0,11.0,15.0,"Developer, full-stack",0.0,"Hybrid (some remote, leans heavy to in-person)",Other:,DEU,6.0,3.0,38285.0,3.0,2.302585092994046
21.0,4.0,0,1.0,2.0,"Developer, front-end",0.0,Remote,Software Development,IND,,,4650.0,1.0,2.302585092994046
29.5,4.0,0,3.0,14.0,Data engineer,0.0,In-person,Banking/Financial Services,IND,,,17436.0,1.0,4.085976312551584
39.5,5.0,0,20.0,21.0,AI/ML engineer,0.0,"Hybrid (some remote, leans heavy to in-person)",Software Development,FRA,7.0,6.0,63808.0,3.0,4.085976312551584
49.5,2.0,0,30.0,30.0,"Developer, desktop or enterprise applications",1.0,"Your choice (very flexible, you can come in when you want or just as needed)",Software Development,ITA,2.0,1.0,34804.0,3.0,2.302585092994046
39.5,1.0,0,21.0,23.0,"Developer, full-stack",0.0,Remote,Software Development,DEU,7.0,3.0,55687.0,3.0,2.302585092994046
49.5,4.0,0,22.0,40.0,"Developer, full-stack",0.0,"Hybrid (some remote, leans heavy to in-person)",Software Development,AUS,8.0,7.0,97514.0,3.0,5.702114417555504
29.5,4.0,0,10.0,15.0,"Developer, back-end",0.0,"Hybrid (some in-person, leans heavy to flexibility)",Banking/Financial Services,GBR,6.0,2.0,163370.0,3.0,8.922591630635415
29.5,4.0,0,3.0,6.0,"Developer, full-stack",0.0,"Your choice (very flexible, you can come in when you want or just as needed)",Software Development,UKR,,,3116.0,2.0,4.085976312551584
39.5,4.0,0,25.0,35.0,"Developer, back-end",1.0,"Hybrid (some remote, leans heavy to in-person)",Healthcare,GBR,4.0,2.0,104829.0,3.0,8.922591630635415
29.5,4.0,0,10.0,17.0,"Developer, full-stack",0.0,In-person,Healthcare,USA,12.0,1.0,224000.0,3.0,9.903487552536127
29.5,4.0,0,3.0,7.0,"Developer, back-end",0.0,"Hybrid (some remote, leans heavy to in-person)",Software Development,DEU,6.0,1.0,37125.0,3.0,5.702114417555504
29.5,4.0,0,3.0,4.0,"Developer, back-end",0.0,Remote,Software Development,DEU,6.0,5.0,60328.0,3.0,8.006200887093147
29.5,2.0,0,12.0,16.0,"Architect, software or solutions",1.0,Remote,Software Development,CAN,5.0,4.0,75877.0,3.0,8.006200887093147
29.5,4.0,0,8.0,11.0,"Developer, back-end",0.0,Remote,"Transportation, or Supply Chain",UKR,7.0,6.0,70000.0,2.0,5.702114417555504
39.5,6.0,0,20.0,30.0,"Developer, desktop or enterprise applications",0.0,Remote,Software Development,ESP,5.0,,116015.0,3.0,8.006200887093147
39.5,2.0,0,20.0,30.0,"Developer, back-end",0.0,Remote,Healthcare,USA,,,150000.0,3.0,6.619406317542652
39.5,4.0,0,9.0,9.0,"Developer, full-stack",0.0,Remote,Software Development,USA,6.0,4.0,170000.0,3.0,4.085976312551584
49.5,6.0,0,30.0,40.0,"Developer, full-stack",0.0,"Your choice (very flexible, you can come in when you want or just as needed)",Software Development,USA,12.0,,113000.0,3.0,
29.5,1.0,0,10.0,20.0,"Developer, full-stack",0.0,Remote,Banking/Financial Services,USA,10.0,5.0,162000.0,3.0,4.085976312551584
39.5,5.0,0,15.0,25.0,"Developer, back-end",0.0,"Your choice (very flexible, you can come in when you want or just as needed)",Government,BRA,5.0,5.0,30946.0,2.0,8.922591630635415
39.5,4.0,0,11.0,14.0,"Developer, full-stack",0.0,"Hybrid (some remote, leans heavy to in-person)",Software Development,FRA,3.0,3.0,49886.0,3.0,2.302585092994046
39.5,4.0,0,18.0,23.0,Engineering manager,1.0,"Hybrid (some in-person, leans heavy to flexibility)",Software Development,AUT,2.0,2.0,116015.0,3.0,4.085976312551584
39.5,4.0,0,14.0,20.0,Engineering manager,1.0,"Your choice (very flexible, you can come in when you want or just as needed)",Other:,USA,8.0,4.0,200000.0,3.0,4.085976312551584
29.5,4.0,0,10.0,16.0,Data or business analyst,0.0,"Hybrid (some remote, leans heavy to in-person)",Software Development,IND,2.0,5.0,1162.0,1.0,5.702114417555504
21.0,4.0,0,2.0,7.0,"Developer, back-end",0.0,In-person,Software Development,IND,7.0,2.0,10171.0,1.0,4.085976312551584
29.5,4.0,0,5.0,5.0,"Developer, full-stack",0.0,"Hybrid (some in-person, leans heavy to flexibility)",Banking/Financial Services,CAN,6.0,2.0,94846.0,3.0,8.006200887093147
29.5,4.0,1,8.0,16.0,"Developer, full-stack",,,Fintech,ITA,12.0,4.0,75410.0,3.0,
21.0,2.0,1,1.0,2.0,"Developer, full-stack",0.0,Remote,Other:,BGR,6.0,3.0,17792.0,3.0,0.0
21.0,5.0,0,4.0,10.0,"Developer, embedded applications or devices",0.0,"Hybrid (some remote, leans heavy to in-person)","Transportation, or Supply Chain",USA,5.0,,91600.0,3.0,9.903487552536127
39.5,5.0,0,11.0,15.0,"Developer, desktop or enterprise applications",0.0,"Your choice (very flexible, you can come in when you want or just as needed)",Software Development,USA,3.0,3.0,150000.0,3.0,4.085976312551584
39.5,0.0,1,24.0,26.0,"Developer, full-stack",,,Healthcare,NLD,3.0,6.0,278435.0,3.0,
49.5,5.0,0,24.0,31.0,"Developer, full-stack",0.0,"Your choice (very flexible, you can come in when you want or just as needed)",Software Development,BRA,6.0,1.0,45873.0,2.0,2.302585092994046
39.5,4.0,0,17.0,23.0,"Developer, full-stack",0.0,Remote,Fintech,USA,5.0,4.0,250000.0,3.0,5.702114417555504
29.5,4.0,0,3.0,14.0,"Developer, embedded applications or devices",0.0,Remote,Computer Systems Design and Services,POL,5.0,1.0,69862.0,3.0,8.922591630635415
49.5,5.0,0,35.0,35.0,"Developer, back-end",1.0,Remote,Software Development,AUS,5.0,1.0,107916.0,3.0,2.302585092994046
29.5,4.0,0,2.0,9.0,"Developer, full-stack",0.0,Remote,Insurance,USA,8.0,2.0,85000.0,3.0,9.903487552536127
39.5,5.0,0,17.0,27.0,"Developer, back-end",0.0,"Hybrid (some remote, leans heavy to in-person)",Fintech,NLD,2.0,,1160147.0,3.0,5.702114417555504
49.5,4.0,0,25.0,30.0,"Developer, full-stack",0.0,"Hybrid (some in-person, leans heavy to flexibility)",Software Development,SWE,4.0,4.0,68134.0,3.0,4.085976312551584
49.5,4.0,0,32.0,40.0,"Developer, full-stack",0.0,Remote,Software Development,SWE,5.0,1.0,115304.0,3.0,5.702114417555504
29.5,4.0,0,5.0,,Cybersecurity or InfoSec professional,,"Hybrid (some remote, leans heavy to in-person)",Software Development,USA,24.0,,65000.0,3.0,4.085976312551584
29.5,4.0,0,4.0,10.0,"Developer, back-end",0.0,"Hybrid (some remote, leans heavy to in-person)",Software Development,TUN,11.0,6.0,1358.0,1.0,6.619406317542652
21.0,4.0,0,2.0,6.0,"Developer, back-end",0.0,In-person,Software Development,PAK,1.0,3.0,5267.0,1.0,4.085976312551584
29.5,4.0,0,7.0,12.0,Applied scientist,0.0,Remote,Government,USA,14.0,4.0,120000.0,3.0,8.006200887093147
39.5,2.0,0,23.0,25.0,"Developer, back-end",0.0,Remote,"Internet, Telecomm or Information Services",COL,10.0,5.0,48000.0,2.0,5.702114417555504
39.5,2.0,0,23.0,28.0,"Developer, full-stack",0.0,"Your choice (very flexible, you can come in when you want or just as needed)",Software Development,AUS,4.0,2.0,97514.0,3.0,4.085976312551584
39.5,4.0,0,16.0,25.0,"Architect, software or solutions",1.0,"Your choice (very flexible, you can come in when you want or just as needed)",Software Development,IND,7.0,4.0,34872.0,1.0,4.085976312551584
29.5,4.0,0,7.0,17.0,"Developer, back-end",0.0,"Your choice (very flexible, you can come in when you want or just as needed)",Software Development,USA,3.0,1.0,300000.0,3.0,8.922591630635415
29.5,4.0,0,2.0,5.0,"Developer, full-stack",0.0,"Hybrid (some in-person, leans heavy to flexibility)",Software Development,MYS,4.0,3.0,14562.0,2.0,4.085976312551584
49.5,2.0,0,15.0,25.0,"Developer, desktop or enterprise applications",0.0,Remote,Software Development,PRT,10.0,1.0,93972.0,3.0,5.702114417555504
29.5,4.0,0,10.0,15.0,"Developer, full-stack",0.0,"Hybrid (some in-person, leans heavy to flexibility)",Software Development,ESP,5.0,2.0,49886.0,3.0,4.085976312551584
39.5,4.0,0,8.0,15.0,"Developer, front-end",0.0,"Hybrid (some remote, leans heavy to in-person)",Other:,KOR,6.0,,64674.0,3.0,4.085976312551584
39.5,5.0,0,14.0,2.0,"Developer, mobile",0.0,In-person,Software Development,IRQ,4.0,1.0,9166.0,2.0,2.302585092994046
29.5,1.0,0,12.0,17.0,"Developer, full-stack",0.0,"Hybrid (some remote, leans heavy to in-person)",Manufacturing,AUT,10.0,3.0,68637.0,3.0,8.006200887093147
29.5,5.0,0,5.0,6.0,"Developer, back-end",0.0,Remote,Software Development,UKR,3.0,4.0,53651.0,2.0,5.702114417555504
21.0,5.0,0,5.0,5.0,"Developer, back-end",0.0,"Your choice (very flexible, you can come in when you want or just as needed)",Software Development,TUR,10.0,9.0,15149.0,2.0,2.302585092994046
39.5,2.0,1,15.0,20.0,"Developer, back-end",,,Software Development,UKR,6.0,6.0,1007.0,2.0,
29.5,5.0,0,11.0,11.0,Data scientist,0.0,"Hybrid (some remote, leans heavy to in-person)",Banking/Financial Services,IND,3.0,3.0,69744.0,1.0,9.903487552536127
29.5,2.0,0,10.0,13.0,"Developer, full-stack",0.0,Remote,"Internet, Telecomm or Information Services",DEU,6.0,2.0,34804.0,3.0,2.302585092994046
49.5,1.0,1,35.0,42.0,"Founder, technology or otherwise",,,"Internet, Telecomm or Information Services",AUS,6.0,2.0,61759.0,3.0,
29.5,4.0,0,10.0,13.0,"Developer, AI apps or physical AI",0.0,Remote,Other:,ARG,6.0,4.0,99935.0,2.0,4.085976312551584
39.5,4.0,0,10.0,20.0,"Developer, desktop or enterprise applications",0.0,"Hybrid (some in-person, leans heavy to flexibility)",Software Development,JPN,17.0,4.0,19345.0,3.0,4.085976312551584
29.5,2.0,0,5.0,6.0,"Developer, full-stack",0.0,Remote,Software Development,USA,7.0,6.0,100000.0,3.0,8.006200887093147
29.5,4.0,0,7.0,9.0,"Developer, back-end",0.0,Remote,Banking/Financial Services,POL,2.0,4.0,136450.0,3.0,8.006200887093147
39.5,4.0,0,16.0,12.0,"Developer, full-stack",1.0,Remote,Software Development,GRC,4.0,2.0,34804.0,3.0,4.085976312551584
29.5,5.0,0,8.0,12.0,"Developer, back-end",0.0,Remote,Retail and Consumer Services,UKR,,,5392.0,2.0,4.085976312551584
29.5,5.0,0,4.0,4.0,"Developer, full-stack",0.0,"Hybrid (some in-person, leans heavy to flexibility)",Software Development,IND,4.0,4.0,8137.0,1.0,4.085976312551584
39.5,5.0,0,10.0,22.0,Other (please specify):,1.0,"Hybrid (some remote, leans heavy to in-person)",Higher Education,DEU,7.0,7.0,82623.0,3.0,8.922591630635415
21.0,4.0,0,3.0,5.0,"Developer, full-stack",0.0,"Hybrid (some remote, leans heavy to in-person)",Software Development,DEU,6.0,4.0,51046.0,3.0,2.302585092994046
29.5,5.0,0,7.0,11.0,"Developer, back-end",0.0,Remote,Software Development,IND,,,69163.0,1.0,5.702114417555504
21.0,4.0,0,1.0,3.0,"Developer, full-stack",0.0,In-person,Software Development,IND,,,6974.0,1.0,8.006200887093147
59.5,4.0,0,34.0,41.0,"Developer, desktop or enterprise applications",0.0,"Hybrid (some in-person, leans heavy to flexibility)",Government,USA,2.0,,95000.0,3.0,5.702114417555504
39.5,5.0,0,13.0,19.0,Data scientist,0.0,Remote,Software Development,DEU,5.0,,92812.0,3.0,4.085976312551584
39.5,5.0,1,15.0,19.0,Data engineer,,,Software Development,KEN,8.0,3.0,13000.0,1.0,
39.5,4.0,0,15.0,20.0,"Developer, mobile",0.0,"Hybrid (some remote, leans heavy to in-person)",Software Development,NLD,9.0,3.0,89331.0,3.0,4.085976312551584
49.5,4.0,0,33.0,33.0,"Architect, software or solutions",1.0,"Your choice (very flexible, you can come in when you want or just as needed)",Energy,GBR,6.0,4.0,204212.0,3.0,4.085976312551584
49.5,4.0,0,27.0,32.0,"Developer, full-stack",1.0,In-person,Government,BRA,,,18204.0,2.0,8.006200887093147
49.5,2.0,0,26.0,34.0,"Architect, software or solutions",0.0,"Hybrid (some in-person, leans heavy to flexibility)",Retail and Consumer Services,NLD,10.0,5.0,109054.0,3.0,8.922591630635415
49.5,4.0,0,24.0,28.0,"Developer, back-end",1.0,Remote,Software Development,CHN,9.0,4.0,104464.0,2.0,2.302585092994046
49.5,6.0,1,25.0,33.0,"Developer, AI apps or physical AI",,,Software Development,NOR,,,217420.0,3.0,
39.5,5.0,0,17.0,20.0,DevOps engineer or professional,0.0,Remote,Higher Education,USA,5.0,3.0,120000.0,3.0,2.302585092994046
29.5,4.0,1,9.0,11.0,"Developer, full-stack",1.0,"Hybrid (some remote, leans heavy to in-person)",Software Development,IDN,6.0,2.0,5209.0,2.0,2.302585092994046
39.5,5.0,0,13.0,23.0,"Architect, software or solutions",0.0,"Hybrid (some remote, leans heavy to in-person)",Software Development,SRB,,,111374.0,2.0,2.302585092994046
29.5,4.0,0,10.0,12.0,DevOps engineer or professional,0.0,Remote,"Internet, Telecomm or Information Services",GBR,,,151359.0,3.0,5.702114417555504
29.5,4.0,0,5.0,9.0,"Founder, technology or otherwise",1.0,Remote,Fintech,IND,4.0,3.0,2092.0,1.0,2.302585092994046
29.5,5.0,0,5.0,13.0,"Developer, back-end",0.0,In-person,Other:,AUS,4.0,2.0,58508.0,3.0,2.302585092994046
39.5,2.0,0,,10.0,"Developer, back-end",0.0,"Your choice (very flexible, you can come in when you want or just as needed)",Banking/Financial Services,BRA,6.0,2.0,10922.0,2.0,9.903487552536127
39.5,4.0,0,16.0,19.0,"Architect, software or solutions",1.0,"Hybrid (some in-person, leans heavy to flexibility)",Government,USA,4.0,,250000.0,3.0,6.619406317542652
29.5,5.0,0,10.0,10.0,"Architect, software or solutions",0.0,"Hybrid (some in-person, leans heavy to flexibility)",Software Development,UKR,4.0,,75000.0,2.0,9.903487552536127
29.5,6.0,0,8.0,8.0,"Developer, full-stack",1.0,Remote,Software Development,CAN,5.0,1.0,58367.0,3.0,4.085976312551584
29.5,4.0,0,3.0,5.0,Other (please specify):,0.0,"Your choice (very flexible, you can come in when you want or just as needed)",,USA,6.0,3.0,82000.0,3.0,8.006200887093147
39.5,4.0,0,16.0,25.0,"Developer, embedded applications or devices",0.0,Remote,Software Development,CAN,5.0,,127677.0,3.0,4.085976312551584
21.0,4.0,0,2.0,6.0,"Developer, full-stack",0.0,Remote,Other:,PAK,,,21070.0,1.0,0.0
39.5,5.0,0,6.0,15.0,"Developer, back-end",0.0,In-person,Software Development,CZE,7.0,4.0,105313.0,3.0,8.006200887093147
29.5,5.0,0,10.0,16.0,"Developer, mobile",0.0,"Hybrid (some in-person, leans heavy to flexibility)",Software Development,GBR,3.0,,90143.0,3.0,5.702114417555504
29.5,4.0,0,4.0,8.0,"Developer, desktop or enterprise applications",0.0,In-person,Other:,TUR,4.0,,53021.0,2.0,9.903487552536127
49.5,2.0,0,25.0,30.0,"Developer, back-end",0.0,"Hybrid (some remote, leans heavy to in-person)",Retail and Consumer Services,GRC,2.0,1.0,75410.0,3.0,8.006200887093147
49.5,6.0,0,20.0,23.0,"Developer, embedded applications or devices",0.0,"Hybrid (some remote, leans heavy to in-person)",Manufacturing,DEU,7.0,,74249.0,3.0,5.702114417555504
39.5,5.0,0,13.0,21.0,"Developer, full-stack",0.0,Remote,Software Development,USA,6.0,2.0,150000.0,3.0,4.085976312551584
39.5,6.0,0,12.0,18.0,Other (please specify):,1.0,In-person,Government,USA,1.0,2.0,180000.0,3.0,5.702114417555504
21.0,4.0,0,5.0,6.0,"Developer, full-stack",1.0,"Your choice (very flexible, you can come in when you want or just as needed)",Software Development,UKR,4.0,4.0,35949.0,2.0,8.006200887093147
29.5,4.0,0,4.0,13.0,"Developer, back-end",0.0,In-person,Fintech,CHN,8.0,5.0,25071.0,2.0,4.085976312551584
29.5,4.0,0,9.0,15.0,"Developer, embedded applications or devices",0.0,"Hybrid (some remote, leans heavy to in-person)",Retail and Consumer Services,ITA,9.0,,52207.0,3.0,5.702114417555504
39.5,4.0,0,20.0,22.0,"Developer, full-stack",0.0,Remote,Fintech,USA,6.0,2.0,232000.0,3.0,
21.0,2.0,0,2.0,3.0,"Developer, full-stack",0.0,Remote,Software Development,PAK,7.0,2.0,2950.0,1.0,4.085976312551584
29.5,6.0,0,9.0,14.0,"Developer, full-stack",0.0,Remote,Software Development,MEX,,,24740.0,2.0,9.903487552536127
39.5,4.0,0,20.0,25.0,Data scientist,0.0,"Hybrid (some in-person, leans heavy to flexibility)",Software Development,USA,8.0,2.0,210000.0,3.0,4.085976312551584
59.5,5.0,0,38.0,46.0,"Developer, embedded applications or devices",0.0,In-person,Software Development,FRA,7.0,,104413.0,3.0,8.922591630635415
49.5,6.0,0,30.0,40.0,"Developer, embedded applications or devices",0.0,"Hybrid (some remote, leans heavy to in-person)",Manufacturing,CHE,2.0,,161191.0,3.0,8.006200887093147
29.5,4.0,0,7.0,10.0,"Developer, full-stack",0.0,"Hybrid (some remote, leans heavy to in-person)",Software Development,USA,9.0,1.0,190000.0,3.0,9.903487552536127
59.5,6.0,0,45.0,45.0,"Architect, software or solutions",0.0,Remote,Software Development,DEU,1.0,1.0,82370.0,3.0,4.085976312551584
21.0,4.0,0,4.0,6.0,"Developer, back-end",0.0,In-person,Media & Advertising Services,UKR,11.0,7.0,28759.0,2.0,5.702114417555504
21.0,4.0,0,1.0,6.0,"Developer, full-stack",0.0,Remote,"Internet, Telecomm or Information Services",SRB,4.0,4.0,11880.0,2.0,2.302585092994046
29.5,2.0,0,10.0,12.0,"Developer, front-end",0.0,Remote,Software Development,BRA,,,50060.0,2.0,9.903487552536127
39.5,3.0,0,14.0,25.0,"Developer, full-stack",0.0,Remote,Software Development,USA,13.0,6.0,100000.0,3.0,2.302585092994046
29.5,5.0,0,12.0,17.0,"Developer, desktop or enterprise applications",0.0,In-person,Healthcare,HND,,,1073.0,1.0,8.922591630635415
29.5,4.0,0,15.0,15.0,"Developer, embedded applications or devices",0.0,In-person,Software Development,USA,4.0,,185000.0,3.0,4.085976312551584
21.0,4.0,1,5.0,12.0,"Founder, technology or otherwise",,,Fintech,ESP,10.0,8.0,90233.0,3.0,
59.5,4.0,1,39.0,46.0,"Developer, back-end",0.0,Remote,Banking/Financial Services,USA,9.0,8.0,220000.0,3.0,
49.5,4.0,0,26.0,33.0,"Developer, full-stack",0.0,Remote,Software Development,AUS,2.0,1.0,227533.0,3.0,9.903487552536127
21.0,2.0,0,4.0,5.0,"Developer, full-stack",0.0,Remote,Government,BRA,4.0,3.0,12233.0,2.0,2.302585092994046
29.5,,0,6.0,6.0,"Developer, front-end",0.0,"Hybrid (some in-person, leans heavy to flexibility)",Software Development,NZL,5.0,3.0,48188.0,3.0,2.302585092994046
29.5,2.0,0,5.0,11.0,"Developer, full-stack",0.0,"Hybrid (some remote, leans heavy to in-person)",Software Development,ARG,12.0,8.0,28066.0,2.0,4.085976312551584
39.5,4.0,0,25.0,28.0,"Developer, full-stack",1.0,Remote,Other:,USA,,,130000.0,3.0,5.702114417555504
29.5,5.0,0,8.0,9.0,"Developer, full-stack",0.0,"Hybrid (some in-person, leans heavy to flexibility)",Software Development,GBR,4.0,9.0,78962.0,3.0,8.922591630635415
29.5,2.0,0,3.0,7.0,"Developer, full-stack",0.0,"Hybrid (some in-person, leans heavy to flexibility)",Software Development,CHL,6.0,2.0,20358.0,3.0,4.085976312551584
59.5,2.0,0,30.0,25.0,Cybersecurity or InfoSec professional,1.0,In-person,Higher Education,USA,1.0,1.0,200000.0,3.0,6.619406317542652
21.0,2.0,0,2.0,8.0,"Developer, full-stack",0.0,In-person,Higher Education,USA,9.0,1.0,39000.0,3.0,8.006200887093147
29.5,4.0,0,3.0,3.0,"Developer, full-stack",0.0,In-person,Software Development,IND,,,14530.0,1.0,4.085976312551584
29.5,5.0,0,12.0,17.0,"Architect, software or solutions",1.0,In-person,Other:,THA,,,2397.0,2.0,8.922591630635415
29.5,4.0,0,4.0,8.0,"Developer, full-stack",0.0,Remote,Other:,CHL,9.0,3.0,19085.0,3.0,2.302585092994046
39.5,4.0,0,20.0,28.0,"Developer, full-stack",0.0,Remote,Software Development,USA,8.0,2.0,215000.0,3.0,4.085976312551584
21.0,4.0,0,1.0,5.0,"Developer, full-stack",0.0,In-person,Banking/Financial Services,AUS,5.0,1.0,45507.0,3.0,2.302585092994046
39.5,1.0,0,15.0,25.0,"Developer, full-stack",0.0,"Hybrid (some in-person, leans heavy to flexibility)",Government,DEU,12.0,6.0,46406.0,3.0,6.619406317542652
21.0,4.0,0,1.0,6.0,"Developer, full-stack",0.0,In-person,Software Development,NLD,5.0,,41765.0,3.0,2.302585092994046
49.5,4.0,1,31.0,35.0,"Architect, software or solutions",,,Software Development,NLD,14.0,12.0,58007.0,3.0,
49.5,5.0,0,36.0,40.0,"Architect, software or solutions",0.0,"Hybrid (some in-person, leans heavy to flexibility)",Software Development,AUS,13.0,8.0,104015.0,3.0,5.702114417555504
39.5,,0,10.0,10.0,"Developer, front-end",0.0,Remote,Software Development,IND,4.0,1.0,6974.0,1.0,2.302585092994046
39.5,5.0,0,14.0,18.0,"Developer, mobile",0.0,"Your choice (very flexible, you can come in when you want or just as needed)",Software Development,VNM,3.0,4.0,43217.0,2.0,4.085976312551584
21.0,4.0,0,1.0,3.0,"Developer, front-end",0.0,"Hybrid (some remote, leans heavy to in-person)",Software Development,BGD,2.0,,1595.0,1.0,2.302585092994046
29.5,4.0,0,5.0,13.0,"Developer, back-end",0.0,"Your choice (very flexible, you can come in when you want or just as needed)",Energy,NLD,6.0,,73089.0,3.0,2.302585092994046
29.5,4.0,0,7.0,13.0,"Developer, front-end",0.0,Remote,Software Development,IND,3.0,1.0,34872.0,1.0,4.085976312551584
39.5,5.0,0,8.0,22.0,"Developer, embedded applications or devices",0.0,Remote,"Transportation, or Supply Chain",DEU,2.0,,81210.0,3.0,8.006200887093147
29.5,5.0,0,9.0,12.0,"Developer, full-stack",0.0,"Hybrid (some remote, leans heavy to in-person)",Manufacturing,DEU,4.0,4.0,92812.0,3.0,9.903487552536127
29.5,2.0,0,12.0,12.0,"Developer, full-stack",0.0,In-person,Software Development,ITA,,,32484.0,3.0,2.302585092994046
21.0,1.0,0,2.0,4.0,"Developer, full-stack",0.0,"Hybrid (some in-person, leans heavy to flexibility)",Software Development,DEU,15.0,7.0,52207.0,3.0,8.006200887093147
39.5,1.0,0,24.0,24.0,"Architect, software or solutions",1.0,"Hybrid (some in-person, leans heavy to flexibility)",Software Development,ITA,5.0,5.0,69609.0,3.0,5.702114417555504
39.5,4.0,0,9.0,14.0,"Developer, full-stack",0.0,"Hybrid (some in-person, leans heavy to flexibility)",Retail and Consumer Services,DEU,5.0,1.0,103717.0,3.0,9.903487552536127
77.5,4.0,1,40.0,40.0,"Developer, embedded applications or devices",,,Other:,AUS,5.0,,97514.0,3.0,
77.5,2.0,1,39.0,39.0,"Developer, desktop or enterprise applications",,,Software Development,CAN,3.0,2.0,291833.0,3.0,
59.5,4.0,1,35.0,25.0,"Developer, full-stack",,,Banking/Financial Services,AUS,7.0,3.0,19503.0,3.0,
39.5,4.0,0,13.0,21.0,Engineering manager,1.0,"Hybrid (some remote, leans heavy to in-person)",Fintech,USA,7.0,2.0,300000.0,3.0,8.006200887093147
49.5,4.0,0,21.0,33.0,"Developer, front-end",0.0,Remote,Software Development,ARM,9.0,,84000.0,2.0,9.903487552536127
59.5,3.0,0,30.0,30.0,Applied scientist,,,Software Development,USA,1.0,,300000.0,3.0,0.0
39.5,6.0,0,20.0,30.0,Academic researcher,0.0,"Hybrid (some remote, leans heavy to in-person)",Higher Education,SWE,,,62893.0,3.0,8.922591630635415
39.5,4.0,1,13.0,24.0,"Developer, front-end",,,Fintech,BRA,5.0,,100000.0,2.0,
39.5,4.0,0,14.0,10.0,"Developer, full-stack",1.0,"Hybrid (some remote, leans heavy to in-person)",Software Development,CHN,5.0,3.0,9750.0,2.0,4.085976312551584
49.5,4.0,0,33.0,42.0,"Architect, software or solutions",0.0,"Hybrid (some in-person, leans heavy to flexibility)",Software Development,NLD,10.0,2.0,110214.0,3.0,4.085976312551584
39.5,2.0,0,19.0,23.0,"Developer, back-end",0.0,"Hybrid (some remote, leans heavy to in-person)",Media & Advertising Services,BGR,7.0,5.0,53376.0,3.0,6.619406317542652
29.5,4.0,0,4.0,12.0,"Developer, mobile",0.0,In-person,Software Development,IDN,6.0,2.0,7354.0,2.0,2.302585092994046
21.0,4.0,0,1.0,5.0,"Developer, mobile",0.0,In-person,Software Development,VNM,2.0,3.0,3898.0,2.0,4.085976312551584
29.5,4.0,1,8.0,16.0,"Developer, embedded applications or devices",,,Manufacturing,AUS,5.0,,104015.0,3.0,
29.5,4.0,0,7.0,7.0,"Developer, full-stack",1.0,Remote,Software Development,IND,6.0,10.0,16274.0,1.0,5.702114417555504
59.5,4.0,0,37.0,37.0,"Developer, embedded applications or devices",0.0,In-person,Manufacturing,USA,4.0,,145000.0,3.0,5.702114417555504
59.5,5.0,0,42.0,32.0,"Architect, software or solutions",0.0,"Hybrid (some remote, leans heavy to in-person)",Other:,USA,,,170000.0,3.0,8.006200887093147
49.5,6.0,0,11.0,15.0,"Developer, desktop or enterprise applications",0.0,"Hybrid (some in-person, leans heavy to flexibility)",Other:,ISR,4.0,,185310.0,3.0,9.903487552536127
39.5,4.0,0,12.0,20.0,"Developer, back-end",0.0,"Your choice (very flexible, you can come in when you want or just as needed)","Internet, Telecomm or Information Services",GBR,6.0,5.0,127973.0,3.0,9.903487552536127
21.0,4.0,0,2.0,4.0,"Developer, front-end",0.0,Remote,Other:,MEX,3.0,1.0,8843.0,2.0,2.302585092994046
21.0,5.0,0,2.0,6.0,"Developer, full-stack",0.0,In-person,Other:,GBR,6.0,7.0,272283.0,3.0,8.006200887093147
39.5,4.0,0,18.0,25.0,Cloud infrastructure engineer,0.0,Remote,"Internet, Telecomm or Information Services",USA,2.0,2.0,400000.0,3.0,8.006200887093147
39.5,5.0,1,20.0,26.0,"Developer, back-end",,,Software Development,ISR,3.0,1.0,67653.0,3.0,
21.0,4.0,0,1.0,5.0,"Developer, full-stack",0.0,"Hybrid (some in-person, leans heavy to flexibility)",Software Development,BRA,9.0,4.0,12069.0,2.0,4.085976312551584
29.5,1.0,0,4.0,6.0,"Developer, full-stack",1.0,"Your choice (very flexible, you can come in when you want or just as needed)",Media & Advertising Services,UKR,6.0,5.0,22100.0,2.0,5.702114417555504
29.5,5.0,0,6.0,14.0,AI/ML engineer,0.0,Remote,Software Development,CAN,3.0,,80254.0,3.0,5.702114417555504
21.0,5.0,0,4.0,6.0,"Developer, full-stack",0.0,"Your choice (very flexible, you can come in when you want or just as needed)",Software Development,UKR,4.0,2.0,27844.0,2.0,5.702114417555504
21.0,4.0,0,3.0,8.0,"Developer, AI apps or physical AI",0.0,"Hybrid (some remote, leans heavy to in-person)",Software Development,PAK,5.0,,12291.0,1.0,4.085976312551584
21.0,2.0,0,5.0,7.0,"Developer, full-stack",0.0,Remote,Software Development,CAN,,,56908.0,3.0,0.0
21.0,4.0,0,1.0,6.0,"Developer, full-stack",0.0,"Hybrid (some in-person, leans heavy to flexibility)",Software Development,GBR,6.0,1.0,44015.0,3.0,5.702114417555504
29.5,4.0,0,5.0,6.0,"Developer, QA or test",0.0,"Hybrid (some remote, leans heavy to in-person)",Other:,USA,3.0,4.0,141000.0,3.0,8.922591630635415
29.5,5.0,0,4.0,8.0,"Developer, front-end",0.0,Remote,Software Development,POL,3.0,4.0,38206.0,3.0,8.006200887093147
49.5,1.0,0,30.0,33.0,"Architect, software or solutions",0.0,"Your choice (very flexible, you can come in when you want or just as needed)",Fintech,AUS,7.0,3.0,162523.0,3.0,5.702114417555504
29.5,4.0,0,6.0,11.0,"Developer, game or graphics",0.0,In-person,Software Development,IND,3.0,,13949.0,1.0,6.619406317542652
29.5,2.0,0,3.0,5.0,"Developer, desktop or enterprise applications",0.0,In-person,Software Development,ISR,11.0,,41180.0,3.0,4.085976312551584
49.5,4.0,0,25.0,30.0,"Developer, back-end",0.0,Remote,Media & Advertising Services,NZL,5.0,5.0,150588.0,3.0,8.006200887093147
29.5,4.0,0,5.0,6.0,AI/ML engineer,0.0,"Hybrid (some remote, leans heavy to in-person)",Software Development,VNM,2.0,,11464.0,2.0,4.085976312551584
29.5,4.0,0,6.0,8.0,"Developer, full-stack",0.0,"Hybrid (some remote, leans heavy to in-person)",Healthcare,USA,6.0,4.0,125000.0,3.0,5.702114417555504
29.5,4.0,0,6.0,10.0,"Developer, full-stack",0.0,"Hybrid (some remote, leans heavy to in-person)",Software Development,IND,4.0,2.0,116240.0,1.0,9.903487552536127
29.5,4.0,0,2.0,4.0,"Developer, full-stack",,"Hybrid (some in-person, leans heavy to flexibility)",Media & Advertising Services,NPL,4.0,6.0,4363.0,1.0,4.085976312551584
49.5,3.0,1,20.0,25.0,"Developer, front-end",0.0,"Hybrid (some in-person, leans heavy to flexibility)",Software Development,SWE,4.0,5.0,52411.0,3.0,4.085976312551584
39.5,5.0,0,17.0,23.0,"Developer, embedded applications or devices",0.0,In-person,Software Development,CHN,2.0,,111428.0,2.0,8.006200887093147
29.5,4.0,0,5.0,8.0,"Developer, full-stack",1.0,Remote,Software Development,HRV,2.0,2.0,31324.0,3.0,2.302585092994046
39.5,4.0,0,18.0,22.0,"Architect, software or solutions",1.0,"Hybrid (some in-person, leans heavy to flexibility)",Software Development,THA,3.0,6.0,68530.0,2.0,8.006200887093147
21.0,1.0,0,4.0,7.0,Cloud infrastructure engineer,0.0,"Your choice (very flexible, you can come in when you want or just as needed)",Energy,DEU,6.0,2.0,60328.0,3.0,5.702114417555504
39.5,4.0,0,15.0,20.0,"Architect, software or solutions",0.0,"Your choice (very flexible, you can come in when you want or just as needed)",Software Development,NLD,6.0,8.0,127616.0,3.0,5.702114417555504
29.5,4.0,0,11.0,13.0,"Developer, full-stack",1.0,"Your choice (very flexible, you can come in when you want or just as needed)",Other:,NZL,4.0,1.0,90353.0,3.0,5.702114417555504
39.5,5.0,0,15.0,25.0,"Developer, full-stack",0.0,"Your choice (very flexible, you can come in when you want or just as needed)",Healthcare,AUS,7.0,4.0,84512.0,3.0,4.085976312551584
29.5,4.0,0,3.0,6.0,"Developer, full-stack",0.0,"Your choice (very flexible, you can come in when you want or just as needed)",Software Development,VNM,14.0,10.0,9935.0,2.0,4.085976312551584
49.5,2.0,0,30.0,30.0,"Developer, back-end",0.0,"Hybrid (some remote, leans heavy to in-person)",Media & Advertising Services,DEU,2.0,3.0,92812.0,3.0,4.085976312551584
39.5,4.0,0,10.0,20.0,"Developer, front-end",0.0,Remote,Software Development,USA,3.0,,250000.0,3.0,8.006200887093147
39.5,5.0,0,16.0,18.0,"Architect, software or solutions",0.0,"Hybrid (some remote, leans heavy to in-person)",Software Development,FRA,8.0,6.0,81210.0,3.0,9.903487552536127
29.5,4.0,0,10.0,16.0,"Developer, back-end",0.0,"Hybrid (some remote, leans heavy to in-person)",Software Development,IND,5.0,11.0,58120.0,1.0,6.619406317542652
39.5,5.0,0,15.0,25.0,"Developer, front-end",0.0,"Hybrid (some remote, leans heavy to in-person)","Internet, Telecomm or Information Services",AUT,2.0,,69609.0,3.0,6.619406317542652
49.5,5.0,0,20.0,23.0,Product manager,1.0,"Hybrid (some remote, leans heavy to in-person)","Internet, Telecomm or Information Services",IND,8.0,5.0,62769.0,1.0,9.903487552536127
39.5,4.0,0,15.0,20.0,"Architect, software or solutions",0.0,Remote,Software Development,BGR,2.0,2.0,85401.0,3.0,5.702114417555504
39.5,4.0,0,15.0,20.0,Engineering manager,0.0,"Hybrid (some in-person, leans heavy to flexibility)","Transportation, or Supply Chain",THA,5.0,3.0,107078.0,2.0,8.006200887093147
29.5,4.0,0,8.0,20.0,"Developer, mobile",1.0,"Hybrid (some in-person, leans heavy to flexibility)",Software Development,ITA,3.0,,44086.0,3.0,5.702114417555504
29.5,4.0,0,15.0,15.0,"Developer, embedded applications or devices",0.0,"Hybrid (some in-person, leans heavy to flexibility)",Healthcare,CHE,6.0,2.0,167390.0,3.0,9.903487552536127
39.5,4.0,0,19.0,23.0,"Developer, full-stack",0.0,Remote,Banking/Financial Services,USA,6.0,3.0,200000.0,3.0,9.903487552536127
29.5,4.0,0,11.0,11.0,DevOps engineer or professional,0.0,Remote,Government,DEU,6.0,1.0,68291.0,3.0,
49.5,4.0,0,40.0,43.0,"Developer, embedded applications or devices",0.0,"Your choice (very flexible, you can come in when you want or just as needed)",Energy,DNK,14.0,,202177.0,3.0,5.702114417555504
39.5,5.0,1,14.0,20.0,"Developer, mobile",,,Software Development,ARM,1.0,2.0,5000.0,2.0,
21.0,4.0,0,2.0,6.0,"Developer, full-stack",0.0,In-person,Software Development,IND,4.0,6.0,8137.0,1.0,6.619406317542652
21.0,6.0,0,8.0,16.0,Other (please specify):,0.0,In-person,Other:,ESP,,,97452.0,3.0,8.006200887093147
29.5,4.0,0,2.0,3.0,"Developer, back-end",0.0,In-person,Software Development,IND,,,8137.0,1.0,4.085976312551584
29.5,5.0,0,4.0,12.0,"Developer, embedded applications or devices",1.0,"Hybrid (some remote, leans heavy to in-person)",Other:,FRA,5.0,,46406.0,3.0,2.302585092994046
29.5,4.0,0,5.0,10.0,"Developer, full-stack",0.0,Remote,Software Development,TUR,8.0,2.0,50496.0,2.0,8.006200887093147
29.5,4.0,1,15.0,20.0,Other (please specify):,,,Computer Systems Design and Services,DEU,,,116015.0,3.0,
29.5,5.0,0,5.0,10.0,Data scientist,0.0,In-person,Other:,FRA,5.0,3.0,84691.0,3.0,9.903487552536127
29.5,6.0,0,6.0,5.0,Data scientist,0.0,In-person,Government,IND,4.0,,10462.0,1.0,5.702114417555504
21.0,4.0,0,1.0,4.0,Other (please specify):,0.0,In-person,Other:,IND,4.0,,6277.0,1.0,4.085976312551584
21.0,4.0,0,1.0,4.0,"Developer, mobile",0.0,"Hybrid (some remote, leans heavy to in-person)",Software Development,IND,11.0,3.0,9299.0,1.0,4.085976312551584
39.5,5.0,0,18.0,25.0,"Developer, full-stack",0.0,"Hybrid (some in-person, leans heavy to flexibility)",Retail and Consumer Services,POL,9.0,5.0,60038.0,3.0,5.702114417555504
49.5,4.0,0,24.0,26.0,"Developer, full-stack",0.0,"Hybrid (some in-person, leans heavy to flexibility)","Transportation, or Supply Chain",IRL,6.0,1.0,59167.0,3.0,2.302585092994046
21.0,4.0,0,4.0,6.0,"Developer, front-end",0.0,In-person,Fintech,KEN,5.0,1.0,8514.0,1.0,2.302585092994046
39.5,5.0,0,16.0,26.0,Other (please specify):,0.0,"Your choice (very flexible, you can come in when you want or just as needed)",Banking/Financial Services,BRA,7.0,5.0,70994.0,2.0,5.702114417555504
49.5,4.0,0,21.0,15.0,"Developer, back-end",0.0,Remote,Energy,USA,4.0,4.0,100000.0,3.0,5.702114417555504
39.5,4.0,0,16.0,23.0,"Architect, software or solutions",0.0,"Hybrid (some in-person, leans heavy to flexibility)",Fintech,SGP,6.0,5.0,109357.0,3.0,5.702114417555504
29.5,4.0,0,1.0,4.0,"Developer, back-end",0.0,In-person,Software Development,BGD,3.0,7.0,1473.0,1.0,2.302585092994046
21.0,4.0,0,1.0,5.0,"Developer, full-stack",0.0,In-person,Software Development,MUS,4.0,1.0,10313.0,2.0,2.302585092994046
29.5,5.0,0,9.0,18.0,Cloud infrastructure engineer,0.0,"Your choice (very flexible, you can come in when you want or just as needed)",Software Development,JPN,10.0,2.0,51816.0,3.0,5.702114417555504
39.5,5.0,0,18.0,22.0,"Developer, embedded applications or devices",1.0,"Hybrid (some remote, leans heavy to in-person)",Software Development,FRA,6.0,5.0,67289.0,3.0,4.085976312551584
49.5,5.0,0,25.0,25.0,"Developer, full-stack",0.0,"Your choice (very flexible, you can come in when you want or just as needed)",Retail and Consumer Services,FRA,6.0,4.0,83531.0,3.0,2.302585092994046
39.5,4.0,0,6.0,10.0,"Developer, full-stack",0.0,"Your choice (very flexible, you can come in when you want or just as needed)",Software Development,NOR,4.0,1.0,108710.0,3.0,4.085976312551584
39.5,4.0,0,18.0,22.0,"Architect, software or solutions",0.0,"Hybrid (some remote, leans heavy to in-person)",Software Development,ARE,10.0,5.0,16338.0,3.0,2.302585092994046
59.5,4.0,0,30.0,38.0,"Developer, full-stack",0.0,"Your choice (very flexible, you can come in when you want or just as needed)",Software Development,ISR,7.0,3.0,147071.0,3.0,4.085976312551584
29.5,4.0,0,7.0,9.0,"Developer, full-stack",1.0,In-person,Software Development,PAK,5.0,8.0,15592.0,1.0,8.006200887093147
39.5,5.0,0,16.0,20.0,"Developer, back-end",0.0,"Hybrid (some remote, leans heavy to in-person)",Software Development,SGP,5.0,,72644.0,3.0,9.903487552536127
29.5,4.0,0,12.0,14.0,"Developer, full-stack",0.0,Remote,Fintech,CHE,,,123993.0,3.0,2.302585092994046
21.0,4.0,0,3.0,4.0,"Developer, full-stack",0.0,In-person,Software Development,,6.0,4.0,23720.0,,2.302585092994046
39.5,4.0,1,12.0,10.0,"Developer, full-stack",,,Media & Advertising Services,FIN,5.0,2.0,52207.0,3.0,
29.5,5.0,0,8.0,12.0,"Developer, front-end",1.0,Remote,Other:,UKR,3.0,,51767.0,2.0,8.006200887093147
29.5,2.0,0,10.0,12.0,"Architect, software or solutions",0.0,Remote,Software Development,BGR,8.0,9.0,84808.0,3.0,5.702114417555504
29.5,5.0,0,9.0,20.0,"Developer, full-stack",0.0,Remote,Software Development,DEU,1.0,,75410.0,3.0,9.903487552536127
39.5,4.0,0,4.0,4.0,"Developer, full-stack",0.0,"Hybrid (some remote, leans heavy to in-person)",Software Development,IND,13.0,12.0,8369.0,1.0,8.006200887093147
29.5,4.0,0,6.0,8.0,Cloud infrastructure engineer,0.0,In-person,Software Development,IDN,5.0,7.0,6618.0,2.0,5.702114417555504
39.5,5.0,0,20.0,25.0,"Developer, full-stack",0.0,"Hybrid (some remote, leans heavy to in-person)",Government,ITA,7.0,3.0,40605.0,3.0,4.085976312551584
39.5,5.0,0,15.0,27.0,"Developer, back-end",0.0,"Hybrid (some in-person, leans heavy to flexibility)",Other:,DEU,2.0,1.0,92812.0,3.0,4.085976312551584
39.5,5.0,1,18.0,34.0,"Developer, back-end",,,Software Development,POL,6.0,3.0,103702.0,3.0,
39.5,5.0,1,20.0,23.0,"Developer, desktop or enterprise applications",,,Software Development,TUN,8.0,3.0,33944.0,1.0,
21.0,4.0,0,1.0,9.0,"Developer, embedded applications or devices",0.0,In-person,Energy,USA,9.0,,78000.0,3.0,9.903487552536127
29.5,4.0,0,6.0,12.0,"Developer, front-end",0.0,"Hybrid (some remote, leans heavy to in-person)","Internet, Telecomm or Information Services",USA,6.0,3.0,205000.0,3.0,9.903487552536127
39.5,4.0,0,20.0,25.0,"Developer, back-end",0.0,"Your choice (very flexible, you can come in when you want or just as needed)",Other:,AUS,8.0,1.0,141720.0,3.0,8.922591630635415
49.5,4.0,0,30.0,40.0,"Developer, full-stack",0.0,Remote,Healthcare,USA,8.0,5.0,250000.0,3.0,8.922591630635415
21.0,5.0,0,2.0,7.0,"Developer, desktop or enterprise applications",0.0,"Hybrid (some remote, leans heavy to in-person)",Manufacturing,FRA,5.0,4.0,41533.0,3.0,5.702114417555504
39.5,4.0,0,18.0,20.0,"Developer, back-end",1.0,Remote,Retail and Consumer Services,ROU,7.0,4.0,110214.0,3.0,4.085976312551584
49.5,5.0,0,21.0,28.0,"Developer, full-stack",0.0,"Hybrid (some remote, leans heavy to in-person)",Higher Education,SWE,4.0,1.0,66666.0,3.0,8.006200887093147
49.5,4.0,0,23.0,33.0,"Developer, back-end",0.0,In-person,Software Development,GBR,5.0,3.0,95299.0,3.0,2.302585092994046
29.5,4.0,0,11.0,18.0,"Developer, full-stack",0.0,In-person,Other:,USA,6.0,2.0,105000.0,3.0,8.006200887093147
29.5,1.0,0,13.0,16.0,"Developer, full-stack",0.0,Remote,Software Development,DEU,7.0,3.0,70305.0,3.0,6.619406317542652
49.5,3.0,0,11.0,20.0,"Developer, full-stack",0.0,Remote,Healthcare,USA,5.0,2.0,125000.0,3.0,8.006200887093147
77.5,5.0,1,45.0,50.0,"Architect, software or solutions",0.0,"Your choice (very flexible, you can come in when you want or just as needed)","Internet, Telecomm or Information Services",USA,9.0,4.0,250000.0,3.0,6.619406317542652
49.5,5.0,1,29.0,40.0,"Developer, back-end",,,Software Development,HUN,4.0,3.0,83531.0,3.0,
39.5,4.0,0,14.0,17.0,"Architect, software or solutions",1.0,Remote,Software Development,FRA,8.0,2.0,58007.0,3.0,4.085976312551584
39.5,2.0,1,14.0,18.0,"Developer, full-stack",0.0,"Hybrid (some in-person, leans heavy to flexibility)",Other:,POL,8.0,7.0,98244.0,3.0,5.702114417555504
29.5,4.0,0,3.0,8.0,"Developer, full-stack",0.0,In-person,Manufacturing,USA,6.0,5.0,101000.0,3.0,5.702114417555504
21.0,0.0,0,3.0,6.0,"Developer, game or graphics",0.0,Remote,Software Development,USA,8.0,,36000.0,3.0,2.302585092994046
29.5,4.0,0,2.0,11.0,"Developer, full-stack",0.0,"Hybrid (some in-person, leans heavy to flexibility)",Government,GBR,8.0,3.0,50372.0,3.0,6.619406317542652
21.0,2.0,0,5.0,9.0,"Developer, AI apps or physical AI",0.0,In-person,Software Development,ZAF,8.0,5.0,23679.0,2.0,4.085976312551584
39.5,5.0,1,17.0,25.0,"Developer, desktop or enterprise applications",,,Software Development,POL,3.0,,96292.0,3.0,
39.5,4.0,0,10.0,8.0,"Developer, back-end",0.0,"Hybrid (some remote, leans heavy to in-person)",Fintech,PRT,9.0,3.0,41765.0,3.0,9.903487552536127
77.5,4.0,0,50.0,40.0,"Developer, full-stack",1.0,"Hybrid (some in-person, leans heavy to flexibility)",Manufacturing,USA,4.0,1.0,155000.0,3.0,4.085976312551584
29.5,4.0,0,15.0,20.0,"Architect, software or solutions",0.0,"Your choice (very flexible, you can come in when you want or just as needed)",Manufacturing,USA,11.0,4.0,112000.0,3.0,5.702114417555504
29.5,4.0,0,6.0,11.0,"Developer, full-stack",0.0,Remote,Other:,USA,4.0,4.0,135000.0,3.0,2.302585092994046
49.5,2.0,0,17.0,17.0,"Developer, full-stack",0.0,"Hybrid (some in-person, leans heavy to flexibility)",Other:,USA,9.0,5.0,110000.0,3.0,0.0
21.0,,0,3.0,8.0,"Developer, full-stack",0.0,In-person,Other:,DEU,3.0,1.0,36893.0,3.0,
29.5,4.0,0,4.0,8.0,"Developer, full-stack",0.0,In-person,Software Development,BGD,5.0,3.0,5727.0,1.0,5.702114417555504
29.5,4.0,0,4.0,5.0,"Developer, full-stack",0.0,"Your choice (very flexible, you can come in when you want or just as needed)",Software Development,USA,7.0,3.0,52000.0,3.0,5.702114417555504
29.5,4.0,0,9.0,15.0,"Developer, full-stack",0.0,In-person,Banking/Financial Services,IMN,9.0,4.0,66845.0,3.0,8.006200887093147
29.5,5.0,0,8.0,19.0,"Developer, game or graphics",0.0,"Hybrid (some in-person, leans heavy to flexibility)",Software Development,FRA,6.0,,47334.0,3.0,2.302585092994046
39.5,6.0,0,16.0,22.0,Data scientist,0.0,Remote,Software Development,DEU,2.0,5.0,127616.0,3.0,9.903487552536127
39.5,5.0,0,13.0,17.0,"Developer, desktop or enterprise applications",0.0,"Hybrid (some remote, leans heavy to in-person)",Software Development,IND,5.0,,81368.0,1.0,8.006200887093147
59.5,4.0,0,29.0,40.0,"Developer, full-stack",0.0,"Your choice (very flexible, you can come in when you want or just as needed)","Transportation, or Supply Chain",DEU,11.0,4.0,104413.0,3.0,9.903487552536127
29.5,5.0,0,12.0,15.0,"Developer, full-stack",0.0,"Hybrid (some in-person, leans heavy to flexibility)",Fintech,EST,10.0,5.0,104413.0,3.0,4.085976312551584
21.0,4.0,1,1.0,5.0,"Developer, full-stack",0.0,Remote,Software Development,IND,9.0,8.0,17436.0,1.0,0.0
39.5,3.0,0,22.0,25.0,"Developer, back-end",0.0,Remote,Software Development,ESP,,4.0,69609.0,3.0,8.006200887093147
39.5,5.0,1,15.0,16.0,"Developer, front-end",,,Media & Advertising Services,GBR,4.0,2.0,115720.0,3.0,
39.5,4.0,0,15.0,19.0,"Founder, technology or otherwise",1.0,Remote,Software Development,AUS,6.0,6.0,123518.0,3.0,2.302585092994046
29.5,4.0,0,10.0,20.0,"Developer, back-end",0.0,"Hybrid (some remote, leans heavy to in-person)",Software Development,DEU,9.0,3.0,87011.0,3.0,5.702114417555504
21.0,4.0,0,4.0,7.0,"Developer, full-stack",0.0,"Hybrid (some remote, leans heavy to in-person)",Software Development,NPL,6.0,5.0,1018.0,1.0,2.302585092994046
29.5,4.0,0,3.0,6.0,"Developer, QA or test",0.0,Remote,"Internet, Telecomm or Information Services",GRC,7.0,9.0,20883.0,3.0,5.702114417555504
39.5,2.0,0,15.0,18.0,"Developer, full-stack",0.0,In-person,Software Development,USA,9.0,2.0,2000000.0,3.0,2.302585092994046
21.0,4.0,0,4.0,8.0,"Developer, full-stack",0.0,Remote,Software Development,BRA,5.0,3.0,10922.0,2.0,2.302585092994046
29.5,5.0,0,8.0,12.0,"Developer, full-stack",0.0,Remote,Software Development,USA,7.0,1.0,108000.0,3.0,6.619406317542652
59.5,5.0,0,32.0,40.0,"Architect, software or solutions",1.0,"Hybrid (some remote, leans heavy to in-person)","Internet, Telecomm or Information Services",USA,7.0,,300000.0,3.0,9.903487552536127
59.5,4.0,0,43.0,46.0,"Developer, full-stack",0.0,Remote,Software Development,GBR,4.0,1.0,163370.0,3.0,4.085976312551584
59.5,5.0,0,36.0,30.0,Data engineer,0.0,Remote,Banking/Financial Services,BRA,4.0,6.0,54611.0,2.0,8.006200887093147
49.5,5.0,1,30.0,33.0,"Founder, technology or otherwise",,,"Internet, Telecomm or Information Services",USA,6.0,2.0,170000.0,3.0,
77.5,4.0,0,45.0,35.0,"Developer, back-end",0.0,Remote,Software Development,GBR,7.0,2.0,70794.0,3.0,9.903487552536127
29.5,5.0,0,10.0,15.0,"Developer, front-end",0.0,"Hybrid (some in-person, leans heavy to flexibility)",Software Development,FRA,4.0,4.0,75410.0,3.0,4.085976312551584
29.5,2.0,0,4.0,6.0,"Developer, QA or test",0.0,"Hybrid (some remote, leans heavy to in-person)",Fintech,USA,12.0,7.0,135000.0,3.0,9.903487552536127
29.5,5.0,0,8.0,15.0,"Developer, embedded applications or devices",0.0,"Your choice (very flexible, you can come in when you want or just as needed)","Transportation, or Supply Chain",CZE,6.0,,67400.0,3.0,2.302585092994046
39.5,4.0,0,21.0,33.0,DevOps engineer or professional,0.0,"Hybrid (some in-person, leans heavy to flexibility)",Software Development,GBR,4.0,5.0,190598.0,3.0,4.085976312551584
29.5,5.0,0,6.0,10.0,"Developer, back-end",1.0,"Hybrid (some remote, leans heavy to in-person)",Fintech,USA,7.0,3.0,120000.0,3.0,4.085976312551584
49.5,4.0,1,26.0,30.0,"Developer, full-stack",0.0,"Your choice (very flexible, you can come in when you want or just as needed)",Software Development,CAN,11.0,2.0,94846.0,3.0,0.0
29.5,,0,8.0,11.0,Other (please specify):,0.0,"Hybrid (some in-person, leans heavy to flexibility)",Other:,DEU,3.0,,104413.0,3.0,9.903487552536127
29.5,5.0,0,9.0,11.0,"Developer, desktop or enterprise applications",0.0,"Hybrid (some in-person, leans heavy to flexibility)",Manufacturing,FRA,6.0,,54295.0,3.0,5.702114417555504
49.5,2.0,0,34.0,34.0,"Developer, full-stack",0.0,Remote,"Transportation, or Supply Chain",USA,7.0,8.0,140000.0,3.0,8.006200887093147
39.5,5.0,0,13.0,15.0,"Developer, back-end",0.0,"Hybrid (some in-person, leans heavy to flexibility)",Retail and Consumer Services,DEU,7.0,4.0,92812.0,3.0,9.903487552536127
49.5,5.0,0,8.0,12.0,Engineering manager,1.0,Remote,Software Development,USA,6.0,5.0,240000.0,3.0,5.702114417555504
49.5,4.0,0,20.0,25.0,"Developer, full-stack",,"Hybrid (some in-person, leans heavy to flexibility)",Software Development,BEL,10.0,8.0,81210.0,3.0,5.702114417555504
39.5,5.0,1,15.0,25.0,"Developer, back-end",0.0,Remote,Software Development,CZE,6.0,3.0,197225.0,3.0,5.702114417555504
39.5,4.0,1,15.0,20.0,"Developer, mobile",0.0,Remote,Software Development,GBR,7.0,,190598.0,3.0,2.302585092994046
49.5,4.0,0,27.0,33.0,Engineering manager,1.0,"Hybrid (some remote, leans heavy to in-person)",Other:,USA,5.0,6.0,145000.0,3.0,8.922591630635415
29.5,4.0,0,6.0,9.0,"Developer, back-end",0.0,"Your choice (very flexible, you can come in when you want or just as needed)",Software Development,IND,4.0,2.0,91829.0,1.0,9.903487552536127
29.5,5.0,1,9.0,9.0,"Developer, back-end",,,Software Development,POL,,,18011.0,3.0,
39.5,4.0,0,16.0,9.0,Data scientist,1.0,"Hybrid (some in-person, leans heavy to flexibility)",Energy,USA,6.0,3.0,260000.0,3.0,9.903487552536127
39.5,2.0,1,16.0,26.0,DevOps engineer or professional,,,Software Development,MEX,7.0,4.0,3316.0,2.0,
39.5,4.0,0,14.0,14.0,"Developer, full-stack",0.0,In-person,Software Development,CHN,4.0,5.0,97500.0,2.0,8.006200887093147
59.5,4.0,0,38.0,29.0,"Developer, embedded applications or devices",0.0,In-person,Manufacturing,ITA,3.0,,58007.0,3.0,8.922591630635415
59.5,6.0,0,29.0,32.0,"Developer, desktop or enterprise applications",0.0,In-person,Software Development,FRA,3.0,,118335.0,3.0,9.903487552536127
39.5,4.0,1,27.0,38.0,"Developer, full-stack",,,"Internet, Telecomm or Information Services",DEU,5.0,4.0,34804.0,3.0,
21.0,4.0,0,,6.0,"Developer, back-end",0.0,In-person,Insurance,IND,5.0,2.0,3487.0,1.0,5.702114417555504
49.5,5.0,0,22.0,29.0,"Architect, software or solutions",0.0,"Hybrid (some in-person, leans heavy to flexibility)",Software Development,USA,16.0,3.0,300000.0,3.0,5.702114417555504
39.5,5.0,0,8.0,8.0,"Developer, full-stack",0.0,Remote,Software Development,USA,7.0,4.0,115000.0,3.0,8.006200887093147
39.5,5.0,0,18.0,25.0,"Developer, back-end",0.0,"Hybrid (some remote, leans heavy to in-person)",Energy,USA,3.0,5.0,180000.0,3.0,6.619406317542652
29.5,4.0,0,11.0,14.0,"Developer, mobile",0.0,Remote,Software Development,USA,1.0,,900000.0,3.0,8.922591630635415
39.5,5.0,0,18.0,27.0,DevOps engineer or professional,0.0,Remote,Software Development,USA,6.0,3.0,220000.0,3.0,5.702114417555504
59.5,2.0,0,30.0,40.0,"Developer, back-end",0.0,"Hybrid (some in-person, leans heavy to flexibility)","Transportation, or Supply Chain",GBR,1.0,1.0,170177.0,3.0,5.702114417555504
29.5,4.0,0,3.0,6.0,"Developer, back-end",0.0,Remote,Software Development,TUR,5.0,5.0,12624.0,2.0,2.302585092994046
39.5,5.0,0,7.0,10.0,"Developer, front-end",0.0,Remote,Software Development,BRA,4.0,3.0,25485.0,2.0,8.922591630635415
39.5,5.0,1,21.0,10.0,AI/ML engineer,,,Software Development,GBR,4.0,5.0,245055.0,3.0,
77.5,4.0,0,40.0,42.0,"Developer, embedded applications or devices",0.0,Remote,Computer Systems Design and Services,USA,7.0,,140000.0,3.0,8.922591630635415
39.5,4.0,0,10.0,20.0,"Architect, software or solutions",0.0,Remote,Software Development,LTU,2.0,2.0,78890.0,3.0,8.006200887093147
29.5,4.0,0,4.0,6.0,"Developer, full-stack",0.0,Remote,Software Development,VEN,3.0,2.0,55000.0,1.0,5.702114417555504
49.5,5.0,0,26.0,31.0,"Architect, software or solutions",0.0,"Hybrid (some remote, leans heavy to in-person)",Healthcare,DEU,1.0,,104413.0,3.0,8.006200887093147
21.0,4.0,0,3.0,7.0,"Developer, full-stack",0.0,"Hybrid (some in-person, leans heavy to flexibility)",Software Development,CHN,10.0,6.0,20057.0,2.0,5.702114417555504
39.5,2.0,1,21.0,29.0,"Developer, full-stack",,,Software Development,CAN,14.0,6.0,94712.0,3.0,
29.5,2.0,0,3.0,3.0,"Developer, mobile",0.0,In-person,Software Development,ESP,2.0,1.0,39445.0,3.0,9.903487552536127
29.5,5.0,0,6.0,12.0,"Developer, full-stack",0.0,"Hybrid (some remote, leans heavy to in-person)",Retail and Consumer Services,DNK,5.0,6.0,83203.0,3.0,4.085976312551584
49.5,4.0,0,26.0,23.0,"Developer, desktop or enterprise applications",0.0,"Hybrid (some remote, leans heavy to in-person)",Fintech,USA,8.0,2.0,148000.0,3.0,9.903487552536127
29.5,4.0,0,6.0,11.0,"Developer, QA or test",0.0,"Your choice (very flexible, you can come in when you want or just as needed)",Software Development,DEU,4.0,2.0,63808.0,3.0,4.085976312551584
29.5,6.0,0,4.0,22.0,Other (please specify):,0.0,"Hybrid (some remote, leans heavy to in-person)",Other:,USA,5.0,1.0,70000.0,3.0,2.302585092994046
29.5,4.0,0,8.0,11.0,"Developer, full-stack",0.0,Remote,Software Development,IND,5.0,4.0,30222.0,1.0,9.903487552536127
39.5,4.0,0,18.0,21.0,"Architect, software or solutions",0.0,"Hybrid (some in-person, leans heavy to flexibility)",Retail and Consumer Services,GBR,5.0,2.0,136141.0,3.0,9.903487552536127
29.5,4.0,0,10.0,20.0,"Developer, full-stack",0.0,"Hybrid (some remote, leans heavy to in-person)",Media & Advertising Services,TUR,8.0,6.0,5000.0,2.0,4.085976312551584
29.5,4.0,0,12.0,20.0,"Developer, back-end",0.0,"Hybrid (some in-person, leans heavy to flexibility)",Software Development,ROU,6.0,4.0,82709.0,3.0,5.702114417555504
49.5,2.0,1,30.0,38.0,"Architect, software or solutions",0.0,"Your choice (very flexible, you can come in when you want or just as needed)",Manufacturing,BRA,11.0,2.0,43689.0,2.0,2.302585092994046
39.5,4.0,0,5.0,9.0,"Developer, full-stack",0.0,Remote,Software Development,FIN,3.0,,58007.0,3.0,2.302585092994046
49.5,4.0,0,28.0,42.0,"Developer, desktop or enterprise applications",1.0,Remote,Software Development,USA,14.0,,400000.0,3.0,9.903487552536127
29.5,5.0,0,7.0,12.0,"Senior executive (C-suite, VP, etc.)",1.0,In-person,Software Development,FRA,10.0,4.0,116015.0,3.0,4.085976312551584
39.5,2.0,0,18.0,20.0,"Developer, full-stack",0.0,Remote,Software Development,DEU,9.0,4.0,100005.0,3.0,4.085976312551584
49.5,4.0,0,5.0,10.0,"Developer, full-stack",1.0,"Hybrid (some remote, leans heavy to in-person)",Software Development,GRC,3.0,2.0,17402.0,3.0,2.302585092994046
29.5,4.0,0,8.0,14.0,"Developer, full-stack",0.0,"Hybrid (some in-person, leans heavy to flexibility)",Software Development,CAN,2.0,,134973.0,3.0,5.702114417555504
59.5,4.0,0,25.0,35.0,"Developer, AI apps or physical AI",0.0,Remote,Retail and Consumer Services,USA,2.0,3.0,165000.0,3.0,5.702114417555504
59.5,2.0,0,40.0,40.0,"Developer, back-end",0.0,Remote,Other:,CAN,3.0,,91198.0,3.0,4.085976312551584
39.5,4.0,0,7.0,9.0,"Developer, front-end",0.0,"Your choice (very flexible, you can come in when you want or just as needed)",Software Development,USA,6.0,,130000.0,3.0,8.922591630635415
39.5,5.0,1,20.0,25.0,"Architect, software or solutions",,,Software Development,FIN,5.0,,69609.0,3.0,
29.5,4.0,1,10.0,15.0,"Developer, back-end",,,Software Development,DEU,11.0,5.0,40605.0,3.0,
21.0,4.0,1,,8.0,"Developer, full-stack",,,Software Development,CAN,11.0,5.0,23347.0,3.0,
29.5,5.0,0,3.0,20.0,"Developer, full-stack",0.0,Remote,Software Development,USA,10.0,5.0,140000.0,3.0,6.619406317542652
29.5,4.0,0,8.0,13.0,Other (please specify):,0.0,Remote,Media & Advertising Services,DEU,8.0,4.0,104413.0,3.0,8.006200887093147
49.5,6.0,0,27.0,40.0,Database administrator or engineer,0.0,"Your choice (very flexible, you can come in when you want or just as needed)",Software Development,GBR,7.0,4.0,85769.0,3.0,9.903487552536127
21.0,4.0,0,1.0,8.0,"Developer, full-stack",0.0,"Hybrid (some remote, leans heavy to in-person)",Software Development,IND,7.0,5.0,6974.0,1.0,2.302585092994046
29.5,6.0,0,2.0,12.0,Other (please specify):,0.0,Remote,Other:,USA,10.0,4.0,180000.0,3.0,5.702114417555504
39.5,3.0,0,16.0,22.0,"Developer, full-stack",0.0,In-person,Retail and Consumer Services,USA,7.0,5.0,175000.0,3.0,2.302585092994046
29.5,5.0,0,2.0,5.0,"Developer, desktop or enterprise applications",,"Hybrid (some remote, leans heavy to in-person)",Software Development,AUT,3.0,,68449.0,3.0,4.085976312551584
21.0,,1,1.0,,Engineering manager,,,"Internet, Telecomm or Information Services",BRA,38.0,,182037.0,2.0,
59.5,2.0,0,38.0,38.0,"Developer, back-end",0.0,"Hybrid (some in-person, leans heavy to flexibility)",Other:,USA,7.0,5.0,150000.0,3.0,9.903487552536127
21.0,4.0,0,3.0,7.0,"Developer, full-stack",0.0,In-person,Software Development,AUS,3.0,3.0,39006.0,3.0,4.085976312551584
39.5,4.0,0,12.0,10.0,"Developer, QA or test",0.0,"Your choice (very flexible, you can come in when you want or just as needed)",Other:,USA,11.0,6.0,135000.0,3.0,8.006200887093147
29.5,3.0,0,12.0,15.0,"Developer, front-end",0.0,Remote,Retail and Consumer Services,COL,6.0,2.0,70000.0,2.0,8.006200887093147
29.5,4.0,0,3.0,5.0,"Developer, desktop or enterprise applications",0.0,Remote,Media & Advertising Services,NZL,5.0,,54212.0,3.0,5.702114417555504
39.5,4.0,0,8.0,20.0,"Developer, full-stack",0.0,"Your choice (very flexible, you can come in when you want or just as needed)",Software Development,AUS,6.0,1.0,74761.0,3.0,2.302585092994046
49.5,4.0,0,25.0,25.0,DevOps engineer or professional,0.0,"Hybrid (some in-person, leans heavy to flexibility)",Banking/Financial Services,AUS,3.0,,110516.0,3.0,5.702114417555504
29.5,4.0,0,10.0,15.0,"Developer, full-stack",0.0,"Hybrid (some remote, leans heavy to in-person)","Internet, Telecomm or Information Services",NZL,11.0,7.0,69271.0,3.0,2.302585092994046
39.5,5.0,0,19.0,26.0,"Developer, back-end",0.0,Remote,"Transportation, or Supply Chain",AUS,2.0,3.0,123518.0,3.0,2.302585092994046
29.5,4.0,0,7.0,15.0,"Developer, full-stack",0.0,"Hybrid (some remote, leans heavy to in-person)",Energy,USA,5.0,1.0,180000.0,3.0,5.702114417555504
39.5,4.0,0,11.0,23.0,"Developer, full-stack",0.0,"Your choice (very flexible, you can come in when you want or just as needed)",Software Development,USA,4.0,1.0,62000.0,3.0,2.302585092994046
39.5,5.0,0,13.0,22.0,"Architect, software or solutions",0.0,"Hybrid (some in-person, leans heavy to flexibility)",Other:,JPN,9.0,3.0,96033.0,3.0,
29.5,4.0,0,5.0,14.0,AI/ML engineer,0.0,Remote,Software Development,USA,9.0,5.0,110000.0,3.0,8.006200887093147
59.5,4.0,0,34.0,44.0,"Architect, software or solutions",,Remote,Software Development,USA,4.0,1.0,180000.0,3.0,5.702114417555504
29.5,4.0,0,1.0,2.0,"Developer, mobile",0.0,In-person,Software Development,IND,4.0,1.0,4185.0,1.0,2.302585092994046
49.5,5.0,0,15.0,20.0,"Developer, front-end",0.0,Remote,Software Development,GBR,4.0,2.0,68071.0,3.0,0.0
29.5,4.0,0,5.0,8.0,Other (please specify):,0.0,"Your choice (very flexible, you can come in when you want or just as needed)",Software Development,ETH,11.0,7.0,364.0,0.0,0.0
29.5,4.0,0,8.0,10.0,Engineering manager,1.0,Remote,Software Development,NPL,5.0,7.0,10908.0,1.0,2.302585092994046
29.5,4.0,0,10.0,15.0,"Architect, software or solutions",0.0,"Your choice (very flexible, you can come in when you want or just as needed)",Manufacturing,CHE,10.0,4.0,136392.0,3.0,5.702114417555504
39.5,4.0,0,15.0,15.0,"Developer, full-stack",0.0,Remote,Software Development,MEX,5.0,3.0,36847.0,2.0,8.006200887093147
49.5,5.0,0,22.0,32.0,"Developer, back-end",0.0,"Hybrid (some in-person, leans heavy to flexibility)",Banking/Financial Services,POL,6.0,3.0,81870.0,3.0,5.702114417555504
39.5,5.0,0,8.0,24.0,"Developer, full-stack",0.0,In-person,Government,MWI,11.0,11.0,8656.0,0.0,8.006200887093147
29.5,4.0,0,10.0,20.0,"Developer, back-end",0.0,"Hybrid (some remote, leans heavy to in-person)",Software Development,ISR,6.0,5.0,150000.0,3.0,4.085976312551584
29.5,5.0,0,8.0,15.0,"Developer, full-stack",0.0,"Your choice (very flexible, you can come in when you want or just as needed)",Healthcare,SVN,6.0,5.0,41765.0,3.0,4.085976312551584
39.5,4.0,0,14.0,20.0,"Developer, back-end",0.0,Remote,Software Development,ESP,3.0,3.0,81210.0,3.0,8.922591630635415
49.5,4.0,1,28.0,25.0,Data engineer,0.0,"Hybrid (some in-person, leans heavy to flexibility)",Software Development,NLD,3.0,3.0,174022.0,3.0,0.0
39.5,6.0,0,15.0,25.0,AI/ML engineer,0.0,In-person,Fintech,HKG,5.0,4.0,89427.0,3.0,2.302585092994046
39.5,5.0,0,13.0,17.0,"Developer, back-end",1.0,Remote,Healthcare,GBR,7.0,6.0,125931.0,3.0,4.085976312551584
39.5,5.0,0,11.0,20.0,"Architect, software or solutions",0.0,"Hybrid (some remote, leans heavy to in-person)",Manufacturing,DEU,9.0,1.0,58007.0,3.0,9.903487552536127
29.5,5.0,0,1.0,9.0,"Developer, front-end",0.0,"Hybrid (some remote, leans heavy to in-person)",Software Development,ITA,7.0,,39445.0,3.0,9.903487552536127
39.5,6.0,0,14.0,26.0,AI/ML engineer,0.0,Remote,Software Development,ESP,4.0,3.0,153835.0,3.0,4.085976312551584
29.5,5.0,0,9.0,18.0,"Developer, back-end",0.0,Remote,"Internet, Telecomm or Information Services",RUS,2.0,1.0,58183.0,3.0,9.903487552536127
29.5,4.0,0,7.0,17.0,"Developer, full-stack",0.0,"Hybrid (some remote, leans heavy to in-person)",Software Development,SVN,6.0,4.0,75410.0,3.0,4.085976312551584
29.5,4.0,0,4.0,8.0,"Developer, mobile",0.0,Remote,Software Development,PAK,5.0,5.0,21600.0,1.0,4.085976312551584
29.5,4.0,1,5.0,6.0,"Developer, full-stack",0.0,Remote,Software Development,IND,5.0,4.0,2325.0,1.0,0.0
39.5,2.0,0,24.0,31.0,"Developer, back-end",0.0,Remote,Software Development,HUN,11.0,8.0,40483.0,3.0,2.302585092994046
39.5,4.0,0,20.0,30.0,"Developer, back-end",1.0,Remote,Computer Systems Design and Services,ESP,2.0,2.0,58007.0,3.0,8.006200887093147
29.5,4.0,1,7.0,7.0,"Developer, embedded applications or devices",0.0,In-person,Energy,NAM,15.0,9.0,3387.0,1.0,2.302585092994046
29.5,4.0,0,4.0,8.0,"Developer, full-stack",0.0,"Hybrid (some remote, leans heavy to in-person)",Software Development,PRT,7.0,4.0,26683.0,3.0,9.903487552536127
39.5,2.0,0,14.0,18.0,"Developer, full-stack",0.0,"Your choice (very flexible, you can come in when you want or just as needed)",Software Development,KAZ,7.0,3.0,27802.0,2.0,2.302585092994046
29.5,5.0,0,8.0,14.0,"Architect, software or solutions",0.0,"Hybrid (some remote, leans heavy to in-person)",Software Development,NLD,6.0,1.0,83531.0,3.0,6.619406317542652
29.5,2.0,0,8.0,14.0,"Developer, desktop or enterprise applications",0.0,"Your choice (very flexible, you can come in when you want or just as needed)",Software Development,ITA,5.0,1.0,49886.0,3.0,4.085976312551584
39.5,5.0,0,10.0,15.0,"Developer, full-stack",0.0,Remote,Software Development,DEU,7.0,2.0,47566.0,3.0,4.085976312551584
29.5,5.0,0,8.0,14.0,"Developer, full-stack",0.0,Remote,Software Development,DEU,7.0,3.0,92812.0,3.0,4.085976312551584
39.5,4.0,0,18.0,18.0,Project manager,1.0,In-person,Healthcare,DEU,6.0,5.0,53292.0,3.0,5.702114417555504
49.5,6.0,1,30.0,32.0,"Developer, full-stack",,,Software Development,GBR,7.0,2.0,68071.0,3.0,
29.5,4.0,0,4.0,6.0,"Developer, full-stack",0.0,"Hybrid (some remote, leans heavy to in-person)",Software Development,ESP,5.0,4.0,31904.0,3.0,2.302585092994046
29.5,4.0,0,6.0,12.0,"Developer, full-stack",0.0,"Hybrid (some remote, leans heavy to in-person)",Healthcare,IND,13.0,8.0,16274.0,1.0,9.903487552536127
21.0,4.0,0,3.0,5.0,"Developer, back-end",0.0,Remote,Banking/Financial Services,UKR,6.0,4.0,1400.0,2.0,2.302585092994046
29.5,4.0,0,7.0,12.0,Engineering manager,0.0,In-person,Software Development,NLD,8.0,5.0,63808.0,3.0,2.302585092994046
39.5,5.0,0,17.0,25.0,"Developer, back-end",0.0,"Hybrid (some remote, leans heavy to in-person)",Software Development,IND,4.0,5.0,41846.0,1.0,9.903487552536127
77.5,5.0,0,41.0,50.0,"Developer, embedded applications or devices",0.0,"Hybrid (some remote, leans heavy to in-person)",Fintech,DNK,1.0,,155521.0,3.0,6.619406317542652
21.0,4.0,1,5.0,6.0,"Developer, full-stack",,,Healthcare,KEN,4.0,2.0,55727.0,1.0,
29.5,4.0,0,1.0,8.0,"Developer, full-stack",0.0,Remote,Software Development,DEU,15.0,8.0,49886.0,3.0,2.302585092994046
29.5,4.0,0,3.0,6.0,"Developer, full-stack",0.0,"Hybrid (some in-person, leans heavy to flexibility)",Retail and Consumer Services,SWE,5.0,2.0,68553.0,3.0,9.903487552536127
29.5,4.0,0,5.0,10.0,Academic researcher,0.0,Remote,,BGD,,,2455.0,1.0,0.0
29.5,4.0,0,7.0,8.0,"Developer, back-end",0.0,Remote,Fintech,UKR,1.0,1.0,60000.0,2.0,8.006200887093147
39.5,5.0,0,10.0,20.0,"Developer, back-end",0.0,"Hybrid (some in-person, leans heavy to flexibility)",Software Development,BGR,5.0,,29179.0,3.0,4.085976312551584
21.0,6.0,0,2.0,5.0,"Developer, back-end",0.0,Remote,Software Development,UKR,5.0,4.0,9586.0,2.0,2.302585092994046
39.5,2.0,0,19.0,24.0,"Developer, back-end",0.0,"Hybrid (some in-person, leans heavy to flexibility)",Software Development,GBR,8.0,5.0,137503.0,3.0,8.006200887093147
39.5,2.0,0,20.0,27.0,"Developer, full-stack",0.0,Remote,Fintech,GRC,12.0,7.0,40605.0,3.0,4.085976312551584
49.5,1.0,0,25.0,35.0,"Developer, desktop or enterprise applications",0.0,"Hybrid (some remote, leans heavy to in-person)",Software Development,AUS,6.0,1.0,87763.0,3.0,4.085976312551584
39.5,5.0,0,13.0,13.0,"Developer, full-stack",0.0,In-person,Software Development,CZE,8.0,4.0,32764.0,3.0,5.702114417555504
49.5,4.0,0,33.0,45.0,"Developer, full-stack",0.0,"Hybrid (some remote, leans heavy to in-person)",Healthcare,BRA,6.0,4.0,20024.0,2.0,5.702114417555504
29.5,4.0,0,3.0,7.0,"Developer, full-stack",0.0,"Hybrid (some remote, leans heavy to in-person)",Other:,NLD,5.0,3.0,59202.0,3.0,2.302585092994046
29.5,4.0,0,7.0,13.0,"Developer, full-stack",0.0,In-person,Banking/Financial Services,DEU,9.0,6.0,96292.0,3.0,6.619406317542652
21.0,4.0,1,3.0,7.0,"Developer, mobile",0.0,Remote,Software Development,PAK,8.0,4.0,4916.0,1.0,0.0
29.5,5.0,0,8.0,13.0,"Developer, full-stack",0.0,"Your choice (very flexible, you can come in when you want or just as needed)",Software Development,CHE,7.0,5.0,132672.0,3.0,4.085976312551584
39.5,4.0,0,18.0,12.0,"Developer, mobile",0.0,"Your choice (very flexible, you can come in when you want or just as needed)",Software Development,GBR,1.0,,129334.0,3.0,2.302585092994046
49.5,0.0,0,28.0,36.0,"Developer, QA or test",0.0,Remote,Software Development,FIN,4.0,1.0,92812.0,3.0,2.302585092994046
49.5,5.0,1,25.0,27.0,Database administrator or engineer,0.0,Remote,Software Development,FRA,9.0,2.0,127616.0,3.0,0.0
21.0,0.0,0,1.0,3.0,"Developer, back-end",0.0,In-person,Software Development,UZB,,,2902.0,1.0,4.085976312551584
21.0,5.0,0,1.0,3.0,"Developer, desktop or enterprise applications",0.0,In-person,"Transportation, or Supply Chain",IND,3.0,3.0,6974.0,1.0,5.702114417555504
39.5,4.0,0,17.0,17.0,Project manager,1.0,In-person,Government,ESP,7.0,3.0,52207.0,3.0,4.085976312551584
29.5,2.0,0,4.0,7.0,"Developer, full-stack",0.0,"Your choice (very flexible, you can come in when you want or just as needed)",Software Development,ARG,5.0,,32000.0,2.0,2.302585092994046
29.5,5.0,0,10.0,15.0,DevOps engineer or professional,0.0,"Hybrid (some remote, leans heavy to in-person)",Manufacturing,CAN,7.0,2.0,98494.0,3.0,9.903487552536127
29.5,5.0,0,8.0,18.0,"Developer, full-stack",0.0,"Hybrid (some in-person, leans heavy to flexibility)",Government,AUT,7.0,3.0,43331.0,3.0,8.006200887093147
29.5,5.0,0,5.0,18.0,Other (please specify):,0.0,"Hybrid (some in-person, leans heavy to flexibility)",Government,DNK,5.0,,37325.0,3.0,8.006200887093147
49.5,1.0,0,25.0,25.0,"Developer, back-end",0.0,"Your choice (very flexible, you can come in when you want or just as needed)",Software Development,DEU,6.0,4.0,68449.0,3.0,4.085976312551584
29.5,5.0,0,8.0,18.0,"Developer, desktop or enterprise applications",0.0,In-person,Other:,GBR,4.0,2.0,81685.0,3.0,8.922591630635415
29.5,4.0,0,8.0,10.0,"Developer, full-stack",0.0,Remote,Software Development,USA,6.0,3.0,150000.0,3.0,6.619406317542652
39.5,4.0,0,15.0,20.0,"Developer, full-stack",0.0,Remote,Software Development,IND,8.0,2.0,162736.0,1.0,2.302585092994046
49.5,6.0,0,20.0,20.0,Data scientist,0.0,"Hybrid (some in-person, leans heavy to flexibility)",Other:,FRA,3.0,,60328.0,3.0,8.006200887093147
29.5,5.0,0,6.0,10.0,Product manager,1.0,In-person,"Transportation, or Supply Chain",FRA,5.0,1.0,62648.0,3.0,4.085976312551584
39.5,5.0,0,15.0,18.0,"Developer, front-end",1.0,"Your choice (very flexible, you can come in when you want or just as needed)",Fintech,CZE,2.0,,64592.0,3.0,5.702114417555504
49.5,4.0,1,2.0,4.0,"Developer, back-end",0.0,"Your choice (very flexible, you can come in when you want or just as needed)",Higher Education,AUS,9.0,5.0,26004.0,3.0,6.619406317542652
39.5,5.0,0,13.0,16.0,"Developer, full-stack",1.0,In-person,"Internet, Telecomm or Information Services",FRA,5.0,1.0,58007.0,3.0,2.302585092994046
39.5,5.0,0,19.0,23.0,"Senior executive (C-suite, VP, etc.)",1.0,Remote,Software Development,DEU,9.0,3.0,111374.0,3.0,2.302585092994046
39.5,5.0,0,15.0,20.0,"Architect, software or solutions",0.0,"Your choice (very flexible, you can come in when you want or just as needed)",Software Development,FRA,4.0,2.0,59167.0,3.0,2.302585092994046
21.0,3.0,0,2.0,7.0,"Developer, full-stack",0.0,"Hybrid (some in-person, leans heavy to flexibility)",Software Development,USA,9.0,,42000.0,3.0,2.302585092994046
39.5,5.0,0,14.0,20.0,Engineering manager,1.0,"Hybrid (some in-person, leans heavy to flexibility)",Manufacturing,USA,16.0,9.0,140000.0,3.0,5.702114417555504
21.0,4.0,0,,6.0,"Developer, front-end",1.0,In-person,Software Development,GBR,3.0,,43565.0,3.0,2.302585092994046
49.5,4.0,1,25.0,25.0,Engineering manager,,,Software Development,TUR,7.0,6.0,63120.0,2.0,
39.5,5.0,1,12.0,15.0,"Developer, full-stack",,,Software Development,BRA,2.0,4.0,69609.0,2.0,
39.5,1.0,0,15.0,20.0,"Developer, back-end",0.0,"Hybrid (some remote, leans heavy to in-person)",Fintech,SWE,8.0,4.0,62893.0,3.0,8.006200887093147
49.5,5.0,0,21.0,24.0,"Developer, back-end",0.0,"Your choice (very flexible, you can come in when you want or just as needed)","Internet, Telecomm or Information Services",ITA,3.0,1.0,73089.0,3.0,9.903487552536127
29.5,4.0,0,10.0,13.0,"Architect, software or solutions",0.0,"Hybrid (some remote, leans heavy to in-person)",Software Development,CAN,8.0,1.0,91928.0,3.0,2.302585092994046
29.5,5.0,0,7.0,17.0,"Developer, back-end",0.0,In-person,Other:,CHN,6.0,,83571.0,2.0,4.085976312551584
29.5,4.0,0,8.0,17.0,"Developer, back-end",0.0,"Your choice (very flexible, you can come in when you want or just as needed)",Computer Systems Design and Services,BRA,6.0,6.0,37135.0,2.0,8.006200887093147
49.5,5.0,0,29.0,36.0,"Senior executive (C-suite, VP, etc.)",1.0,"Hybrid (some in-person, leans heavy to flexibility)",Software Development,,11.0,4.0,64384.0,,4.085976312551584
29.5,5.0,1,10.0,15.0,"Developer, back-end",,,Banking/Financial Services,SVN,3.0,2.0,162421.0,3.0,
59.5,4.0,0,30.0,35.0,"Senior executive (C-suite, VP, etc.)",1.0,"Hybrid (some remote, leans heavy to in-person)",Higher Education,GBR,3.0,4.0,231441.0,3.0,5.702114417555504
49.5,5.0,1,15.0,6.0,"Founder, technology or otherwise",0.0,"Hybrid (some in-person, leans heavy to flexibility)",Fintech,USA,2.0,2.0,20000.0,3.0,0.0
21.0,5.0,0,3.0,8.0,"Developer, mobile",0.0,In-person,Software Development,IND,9.0,7.0,11624.0,1.0,6.619406317542652
39.5,5.0,0,14.0,13.0,Academic researcher,0.0,"Hybrid (some remote, leans heavy to in-person)",Other:,DEU,5.0,4.0,92812.0,3.0,5.702114417555504
21.0,,0,3.0,4.0,"Developer, mobile",0.0,In-person,Retail and Consumer Services,ESP,6.0,2.0,23203.0,3.0,4.085976312551584
39.5,4.0,0,12.0,15.0,"Developer, back-end",0.0,Remote,Software Development,NLD,,,156620.0,3.0,5.702114417555504
39.5,4.0,0,18.0,19.0,"Developer, mobile",,Remote,Software Development,BRA,10.0,2.0,39320.0,2.0,
39.5,4.0,0,20.0,22.0,"Developer, back-end",0.0,In-person,Software Development,IND,3.0,3.0,30222.0,1.0,9.903487552536127
49.5,2.0,0,25.0,30.0,"Developer, back-end",0.0,In-person,Software Development,SWE,5.0,2.0,74843.0,3.0,5.702114417555504
39.5,4.0,0,12.0,16.0,"Developer, full-stack",0.0,"Hybrid (some remote, leans heavy to in-person)",Healthcare,USA,5.0,1.0,135000.0,3.0,9.903487552536127
29.5,4.0,0,8.0,15.0,Data or business analyst,0.0,In-person,Retail and Consumer Services,CAN,7.0,3.0,48882.0,3.0,8.006200887093147
29.5,4.0,0,3.0,9.0,"Developer, full-stack",0.0,In-person,Other:,GRC,8.0,2.0,15662.0,3.0,5.702114417555504
29.5,4.0,0,8.0,10.0,"Developer, back-end",0.0,"Hybrid (some remote, leans heavy to in-person)",Software Development,ESP,6.0,6.0,39445.0,3.0,2.302585092994046
49.5,4.0,0,29.0,30.0,Cybersecurity or InfoSec professional,0.0,Remote,Other:,USA,10.0,6.0,225000.0,3.0,8.922591630635415
39.5,4.0,0,16.0,25.0,"Developer, full-stack",0.0,In-person,"Transportation, or Supply Chain",POL,9.0,4.0,49122.0,3.0,4.085976312551584
59.5,4.0,0,20.0,20.0,"Developer, full-stack",0.0,"Hybrid (some remote, leans heavy to in-person)",Software Development,USA,6.0,1.0,95000.0,3.0,8.006200887093147
29.5,4.0,0,8.0,12.0,"Developer, full-stack",0.0,Remote,Healthcare,USA,4.0,1.0,220000.0,3.0,5.702114417555504
29.5,4.0,0,4.0,7.0,"Developer, full-stack",0.0,"Hybrid (some remote, leans heavy to in-person)",Retail and Consumer Services,DEU,12.0,4.0,81210.0,3.0,8.006200887093147
59.5,1.0,0,40.0,40.0,"Developer, desktop or enterprise applications",0.0,In-person,"Transportation, or Supply Chain",ITA,2.0,3.0,58007.0,3.0,9.903487552536127
29.5,4.0,0,10.0,14.0,"Developer, back-end",0.0,Remote,Healthcare,USA,3.0,,179000.0,3.0,5.702114417555504
29.5,5.0,0,10.0,16.0,"Developer, full-stack",0.0,Remote,Media & Advertising Services,USA,13.0,6.0,62000.0,3.0,6.619406317542652
29.5,4.0,0,14.0,19.0,"Developer, full-stack",0.0,Remote,Healthcare,USA,3.0,2.0,237000.0,3.0,5.702114417555504
29.5,4.0,0,6.0,8.0,"Developer, embedded applications or devices",0.0,"Hybrid (some remote, leans heavy to in-person)",Software Development,EST,5.0,1.0,45246.0,3.0,4.085976312551584
29.5,5.0,0,8.0,11.0,"Developer, back-end",0.0,Remote,Software Development,GRC,4.0,6.0,116015.0,3.0,4.085976312551584
39.5,5.0,0,17.0,26.0,"Developer, embedded applications or devices",0.0,"Hybrid (some remote, leans heavy to in-person)",Manufacturing,USA,6.0,,150000.0,3.0,5.702114417555504
29.5,4.0,0,6.0,9.0,"Developer, full-stack",0.0,Remote,"Internet, Telecomm or Information Services",TUR,8.0,5.0,16967.0,2.0,2.302585092994046
49.5,4.0,1,25.0,30.0,"Developer, full-stack",,,Software Development,ITA,1.0,3.0,46406.0,3.0,
29.5,4.0,0,11.0,18.0,"Developer, front-end",0.0,"Hybrid (some in-person, leans heavy to flexibility)",Other:,USA,5.0,2.0,150000.0,3.0,9.903487552536127
39.5,4.0,1,20.0,25.0,"Founder, technology or otherwise",,,Software Development,BEL,4.0,1.0,126340.0,3.0,
59.5,5.0,1,35.0,35.0,"Developer, desktop or enterprise applications",,,Software Development,BGD,6.0,5.0,12273.0,1.0,
29.5,4.0,0,9.0,14.0,"Developer, back-end",0.0,"Hybrid (some in-person, leans heavy to flexibility)",Banking/Financial Services,USA,5.0,1.0,100285.0,3.0,8.006200887093147
29.5,2.0,0,5.0,7.0,"Developer, full-stack",0.0,In-person,Banking/Financial Services,NOR,5.0,,76097.0,3.0,2.302585092994046
49.5,2.0,0,25.0,35.0,"Developer, front-end",0.0,"Hybrid (some in-person, leans heavy to flexibility)",Healthcare,DEU,5.0,3.0,133417.0,3.0,4.085976312551584
29.5,4.0,0,5.0,11.0,"Architect, software or solutions",1.0,In-person,Software Development,BGD,5.0,3.0,9818.0,1.0,4.085976312551584
49.5,2.0,0,25.0,25.0,"Developer, full-stack",0.0,Remote,"Internet, Telecomm or Information Services",CAN,6.0,3.0,87550.0,3.0,2.302585092994046
39.5,5.0,0,15.0,20.0,"Developer, back-end",0.0,Remote,Software Development,USA,7.0,3.0,365000.0,3.0,5.702114417555504
29.5,4.0,0,10.0,20.0,"Developer, full-stack",0.0,Remote,Healthcare,USA,8.0,3.0,225000.0,3.0,5.702114417555504
29.5,5.0,0,4.0,9.0,AI/ML engineer,0.0,"Hybrid (some in-person, leans heavy to flexibility)","Internet, Telecomm or Information Services",PHL,4.0,1.0,27420.0,2.0,9.903487552536127
29.5,3.0,0,4.0,15.0,"Developer, back-end",0.0,"Hybrid (some in-person, leans heavy to flexibility)",Healthcare,FRA,5.0,5.0,63808.0,3.0,4.085976312551584
49.5,4.0,0,25.0,36.0,"Developer, back-end",0.0,Remote,Software Development,USA,4.0,2.0,850000.0,3.0,9.903487552536127
59.5,5.0,0,34.0,40.0,"Developer, full-stack",0.0,"Hybrid (some in-person, leans heavy to flexibility)",Fintech,USA,8.0,3.0,240000.0,3.0,9.903487552536127
39.5,4.0,0,16.0,19.0,"Developer, front-end",0.0,Remote,Software Development,AUS,5.0,4.0,130019.0,3.0,9.903487552536127
49.5,2.0,0,28.0,35.0,Data engineer,0.0,"Your choice (very flexible, you can come in when you want or just as needed)",Media & Advertising Services,AUS,7.0,2.0,118317.0,3.0,4.085976312551584
29.5,3.0,0,3.0,4.0,"Developer, front-end",0.0,Remote,Other:,NZL,2.0,,57224.0,3.0,5.702114417555504
39.5,1.0,0,20.0,23.0,"Architect, software or solutions",1.0,"Hybrid (some in-person, leans heavy to flexibility)",Software Development,ITA,5.0,3.0,67289.0,3.0,4.085976312551584
39.5,4.0,1,19.0,27.0,"Developer, full-stack",,,Software Development,USA,6.0,4.0,42000.0,3.0,
29.5,2.0,1,11.0,15.0,"Developer, full-stack",0.0,"Your choice (very flexible, you can come in when you want or just as needed)",Software Development,USA,7.0,2.0,40000.0,3.0,0.0
39.5,5.0,0,20.0,20.0,"Developer, back-end",0.0,"Hybrid (some in-person, leans heavy to flexibility)",Banking/Financial Services,CRI,7.0,1.0,72154.0,3.0,8.006200887093147
29.5,1.0,0,3.0,15.0,"Developer, full-stack",0.0,Remote,Healthcare,NZL,3.0,1.0,42165.0,3.0,2.302585092994046
29.5,4.0,1,11.0,14.0,Other (please specify):,,,Fintech,CRI,4.0,7.0,120000.0,3.0,
39.5,4.0,0,18.0,27.0,"Developer, front-end",0.0,"Hybrid (some remote, leans heavy to in-person)","Internet, Telecomm or Information Services",USA,5.0,,230000.0,3.0,9.903487552536127
29.5,4.0,0,8.0,14.0,"Architect, software or solutions",0.0,"Hybrid (some remote, leans heavy to in-person)",Other:,IND,11.0,7.0,58120.0,1.0,9.903487552536127
39.5,4.0,0,10.0,10.0,"Developer, full-stack",0.0,In-person,Software Development,IND,3.0,3.0,15111.0,1.0,8.006200887093147
29.5,4.0,0,10.0,18.0,"Developer, back-end",0.0,"Your choice (very flexible, you can come in when you want or just as needed)",Software Development,IND,,,185983.0,1.0,9.903487552536127
29.5,4.0,0,12.0,12.0,"Architect, software or solutions",0.0,Remote,Fintech,USA,8.0,3.0,220000.0,3.0,4.085976312551584
29.5,4.0,0,5.0,6.0,"Developer, front-end",0.0,Remote,Software Development,UKR,4.0,,3000.0,2.0,9.903487552536127
29.5,5.0,0,3.0,9.0,"Developer, back-end",0.0,In-person,Software Development,CHN,12.0,6.0,52928.0,2.0,9.903487552536127
29.5,4.0,1,14.0,20.0,"Developer, back-end",0.0,Remote,Software Development,PHL,10.0,3.0,1141.0,2.0,5.702114417555504
49.5,5.0,0,18.0,30.0,"Developer, back-end",0.0,"Hybrid (some remote, leans heavy to in-person)",Insurance,AUT,3.0,4.0,121815.0,3.0,8.006200887093147
29.5,4.0,0,6.0,7.0,"Developer, back-end",0.0,"Hybrid (some in-person, leans heavy to flexibility)",Fintech,VNM,4.0,6.0,24838.0,2.0,6.619406317542652
49.5,5.0,0,25.0,39.0,"Architect, software or solutions",0.0,In-person,Other:,SWE,4.0,2.0,73375.0,3.0,8.922591630635415
29.5,6.0,0,7.0,10.0,AI/ML engineer,0.0,In-person,Computer Systems Design and Services,DEU,5.0,1.0,150819.0,3.0,4.085976312551584
39.5,4.0,0,5.0,20.0,"Developer, full-stack",0.0,Remote,Other:,CAN,5.0,3.0,94846.0,3.0,5.702114417555504
29.5,4.0,1,4.0,9.0,DevOps engineer or professional,,,Healthcare,NGA,,,70000.0,1.0,
49.5,3.0,0,20.0,35.0,"Developer, full-stack",0.0,"Hybrid (some remote, leans heavy to in-person)",Software Development,DNK,6.0,2.0,78382.0,3.0,2.302585092994046
39.5,4.0,0,19.0,24.0,"Architect, software or solutions",0.0,"Hybrid (some remote, leans heavy to in-person)",Manufacturing,ITA,9.0,1.0,66128.0,3.0,9.903487552536127
59.5,2.0,0,29.0,35.0,"Developer, desktop or enterprise applications",0.0,"Hybrid (some remote, leans heavy to in-person)","Transportation, or Supply Chain",DEU,9.0,1.0,58587.0,3.0,4.085976312551584
39.5,6.0,0,16.0,25.0,"Developer, full-stack",0.0,"Hybrid (some remote, leans heavy to in-person)",Other:,FRA,7.0,2.0,46406.0,3.0,4.085976312551584
39.5,4.0,0,22.0,6.0,"Developer, full-stack",0.0,"Hybrid (some in-person, leans heavy to flexibility)",Software Development,FIN,11.0,2.0,48726.0,3.0,4.085976312551584
39.5,6.0,0,13.0,15.0,"Developer, full-stack",1.0,"Your choice (very flexible, you can come in when you want or just as needed)",Software Development,ESP,7.0,3.0,63808.0,3.0,6.619406317542652
21.0,4.0,0,3.0,6.0,"Developer, back-end",0.0,In-person,Energy,ZAF,8.0,2.0,25652.0,2.0,2.302585092994046
29.5,4.0,0,4.0,10.0,"Architect, software or solutions",0.0,"Hybrid (some remote, leans heavy to in-person)",Software Development,HRV,8.0,3.0,38777.0,3.0,2.302585092994046
39.5,5.0,1,17.0,25.0,Data engineer,,,Software Development,CZE,1.0,4.0,116015.0,3.0,
29.5,4.0,0,4.0,6.0,"Developer, mobile",0.0,"Hybrid (some in-person, leans heavy to flexibility)",Software Development,TUR,3.0,3.0,25248.0,2.0,2.302585092994046
29.5,4.0,0,10.0,15.0,"Architect, software or solutions",0.0,"Hybrid (some remote, leans heavy to in-person)",Government,BEL,16.0,5.0,45879.0,3.0,8.922591630635415
49.5,4.0,0,22.0,30.0,"Developer, back-end",0.0,"Hybrid (some in-person, leans heavy to flexibility)",Software Development,ROU,5.0,2.0,75817.0,3.0,4.085976312551584
29.5,5.0,0,8.0,11.0,"Developer, full-stack",0.0,"Hybrid (some remote, leans heavy to in-person)",Banking/Financial Services,HRV,14.0,3.0,27844.0,3.0,2.302585092994046
49.5,5.0,0,8.0,13.0,"Developer, full-stack",,"Hybrid (some in-person, leans heavy to flexibility)","Internet, Telecomm or Information Services",HUN,7.0,2.0,50691.0,3.0,4.085976312551584
39.5,5.0,0,15.0,20.0,"Developer, front-end",0.0,"Hybrid (some remote, leans heavy to in-person)",Retail and Consumer Services,FRA,5.0,2.0,48726.0,3.0,5.702114417555504
39.5,4.0,0,15.0,18.0,"Developer, mobile",0.0,"Hybrid (some remote, leans heavy to in-person)",Fintech,AUS,2.0,,110516.0,3.0,6.619406317542652
29.5,2.0,0,3.0,7.0,"Developer, back-end",0.0,"Hybrid (some remote, leans heavy to in-person)",Software Development,AUT,8.0,5.0,25523.0,3.0,4.085976312551584
39.5,4.0,0,20.0,25.0,Engineering manager,1.0,"Hybrid (some remote, leans heavy to in-person)",Media & Advertising Services,AUS,4.0,5.0,113766.0,3.0,5.702114417555504
29.5,5.0,0,10.0,15.0,"Developer, back-end",0.0,In-person,Software Development,CZE,6.0,7.0,74889.0,3.0,5.702114417555504
29.5,5.0,0,4.0,15.0,"Developer, embedded applications or devices",0.0,In-person,"Transportation, or Supply Chain",FRA,6.0,,48726.0,3.0,8.006200887093147
29.5,4.0,0,6.0,6.0,"Developer, back-end",0.0,"Hybrid (some in-person, leans heavy to flexibility)",Banking/Financial Services,IND,1.0,5.0,25573.0,1.0,9.903487552536127
49.5,1.0,0,35.0,40.0,"Developer, desktop or enterprise applications",0.0,"Hybrid (some in-person, leans heavy to flexibility)",Software Development,DEU,5.0,,46406.0,3.0,4.085976312551584
39.5,4.0,0,16.0,21.0,"Developer, back-end",0.0,"Hybrid (some remote, leans heavy to in-person)",Software Development,NLD,4.0,2.0,58007.0,3.0,2.302585092994046
39.5,4.0,0,16.0,25.0,"Developer, front-end",0.0,"Your choice (very flexible, you can come in when you want or just as needed)",Energy,DEU,3.0,,79223.0,3.0,6.619406317542652
49.5,5.0,0,17.0,25.0,"Developer, full-stack",0.0,"Your choice (very flexible, you can come in when you want or just as needed)","Transportation, or Supply Chain",NOR,6.0,1.0,88945.0,3.0,6.619406317542652
29.5,5.0,0,10.0,15.0,"Architect, software or solutions",0.0,"Hybrid (some remote, leans heavy to in-person)",Software Development,DNK,7.0,2.0,94868.0,3.0,8.006200887093147
29.5,4.0,0,5.0,5.0,"Developer, mobile",0.0,Remote,Software Development,KAZ,5.0,,46337.0,2.0,5.702114417555504
39.5,4.0,0,15.0,20.0,"Developer, mobile",0.0,"Hybrid (some remote, leans heavy to in-person)",Software Development,FRA,5.0,2.0,58007.0,3.0,4.085976312551584
39.5,5.0,1,20.0,25.0,"Architect, software or solutions",,,Software Development,MOZ,,,150000.0,0.0,
29.5,4.0,0,10.0,15.0,"Developer, full-stack",0.0,Remote,Software Development,DEU,7.0,6.0,46406.0,3.0,2.302585092994046
39.5,5.0,0,18.0,25.0,"Architect, software or solutions",1.0,"Hybrid (some remote, leans heavy to in-person)","Transportation, or Supply Chain",ITA,5.0,3.0,46406.0,3.0,4.085976312551584
29.5,2.0,0,3.0,6.0,"Developer, full-stack",0.0,In-person,Software Development,DEU,9.0,4.0,46406.0,3.0,8.006200887093147
29.5,5.0,0,6.0,12.0,AI/ML engineer,0.0,"Hybrid (some in-person, leans heavy to flexibility)",Healthcare,DEU,6.0,3.0,85851.0,3.0,9.903487552536127
29.5,5.0,0,7.0,10.0,"Developer, back-end",0.0,Remote,Software Development,ESP,1.0,2.0,97452.0,3.0,4.085976312551584
21.0,4.0,0,1.0,6.0,"Developer, full-stack",0.0,In-person,Software Development,IND,8.0,2.0,2790.0,1.0,2.302585092994046
39.5,5.0,0,15.0,17.0,"Developer, back-end",0.0,Remote,Software Development,AUS,6.0,5.0,104015.0,3.0,9.903487552536127
59.5,4.0,0,30.0,30.0,DevOps engineer or professional,0.0,"Hybrid (some in-person, leans heavy to flexibility)",Retail and Consumer Services,GBR,4.0,2.0,74878.0,3.0,9.903487552536127
39.5,1.0,0,14.0,17.0,"Developer, desktop or enterprise applications",0.0,"Your choice (very flexible, you can come in when you want or just as needed)",Software Development,DEU,6.0,1.0,84691.0,3.0,4.085976312551584
29.5,4.0,0,10.0,15.0,"Developer, mobile",0.0,In-person,Software Development,IND,8.0,9.0,10462.0,1.0,4.085976312551584
29.5,5.0,0,6.0,12.0,"Developer, full-stack",0.0,Remote,Software Development,ROU,11.0,4.0,62032.0,3.0,8.922591630635415
39.5,4.0,0,8.0,14.0,Data engineer,0.0,Remote,"Transportation, or Supply Chain",USA,8.0,5.0,135000.0,3.0,8.006200887093147
29.5,5.0,0,4.0,5.0,"Developer, full-stack",0.0,In-person,"Transportation, or Supply Chain",HRV,8.0,4.0,22043.0,3.0,2.302585092994046
29.5,5.0,0,5.0,10.0,"Developer, QA or test",0.0,"Hybrid (some remote, leans heavy to in-person)",Energy,FRA,2.0,,46406.0,3.0,8.006200887093147
39.5,6.0,0,3.0,5.0,Data engineer,0.0,"Hybrid (some in-person, leans heavy to flexibility)",Software Development,GBR,2.0,3.0,59962.0,3.0,5.702114417555504
39.5,4.0,0,14.0,18.0,"Architect, software or solutions",0.0,"Hybrid (some in-person, leans heavy to flexibility)",Computer Systems Design and Services,USA,9.0,4.0,250000.0,3.0,2.302585092994046
29.5,5.0,0,6.0,12.0,"Developer, full-stack",0.0,"Hybrid (some remote, leans heavy to in-person)",Energy,FRA,6.0,2.0,39445.0,3.0,4.085976312551584
29.5,4.0,0,4.0,8.0,"Architect, software or solutions",0.0,"Hybrid (some in-person, leans heavy to flexibility)",Banking/Financial Services,PRT,6.0,1.0,28424.0,3.0,9.903487552536127
39.5,4.0,1,10.0,14.0,"Developer, front-end",0.0,Remote,Software Development,HRV,6.0,5.0,75734.0,3.0,0.0
49.5,4.0,0,25.0,31.0,"Developer, back-end",0.0,"Your choice (very flexible, you can come in when you want or just as needed)",Software Development,ESP,5.0,1.0,197225.0,3.0,9.903487552536127
59.5,5.0,0,39.0,42.0,"Developer, full-stack",0.0,Remote,Software Development,DEU,5.0,,87011.0,3.0,5.702114417555504
29.5,4.0,0,8.0,4.0,"Developer, embedded applications or devices",0.0,"Hybrid (some remote, leans heavy to in-person)",Energy,FIN,4.0,,38981.0,3.0,2.302585092994046
49.5,5.0,1,15.0,18.0,"Developer, game or graphics",0.0,Remote,Software Development,ITA,,,185623.0,3.0,0.0
21.0,,0,,3.0,"Developer, full-stack",0.0,"Hybrid (some in-person, leans heavy to flexibility)",Software Development,CAN,11.0,3.0,36479.0,3.0,4.085976312551584
77.5,4.0,1,42.0,49.0,"Developer, front-end",0.0,Remote,"Transportation, or Supply Chain",USA,4.0,3.0,250000.0,3.0,0.0
39.5,6.0,0,15.0,25.0,Applied scientist,1.0,Remote,Software Development,USA,11.0,7.0,300000.0,3.0,4.085976312551584
39.5,4.0,0,16.0,21.0,Other (please specify):,1.0,"Hybrid (some remote, leans heavy to in-person)",Fintech,LBN,8.0,6.0,96000.0,1.0,5.702114417555504
29.5,4.0,1,5.0,6.0,"Developer, full-stack",,,Other:,ZAF,9.0,6.0,50000.0,2.0,
21.0,4.0,0,5.0,8.0,DevOps engineer or professional,0.0,Remote,Healthcare,UKR,2.0,2.0,60000.0,2.0,4.085976312551584
39.5,5.0,0,13.0,28.0,"Developer, back-end",0.0,Remote,Software Development,ISR,8.0,1.0,120000.0,3.0,2.302585092994046
39.5,5.0,0,12.0,16.0,Other (please specify):,0.0,Remote,Healthcare,DEU,5.0,2.0,110214.0,3.0,5.702114417555504
29.5,5.0,0,10.0,10.0,"Developer, full-stack",0.0,"Hybrid (some in-person, leans heavy to flexibility)",Insurance,DEU,7.0,3.0,88171.0,3.0,9.903487552536127
49.5,4.0,0,28.0,40.0,"Developer, full-stack",0.0,"Your choice (very flexible, you can come in when you want or just as needed)",Healthcare,NLD,2.0,,127616.0,3.0,9.903487552536127
39.5,4.0,1,9.0,20.0,"Developer, back-end",0.0,Remote,Retail and Consumer Services,MEX,4.0,3.0,44217.0,2.0,5.702114417555504
29.5,6.0,0,6.0,10.0,"Architect, software or solutions",1.0,In-person,Software Development,FRA,12.0,6.0,46406.0,3.0,2.302585092994046
49.5,4.0,0,20.0,39.0,"Founder, technology or otherwise",0.0,"Your choice (very flexible, you can come in when you want or just as needed)",Software Development,USA,5.0,3.0,250000.0,3.0,2.302585092994046
59.5,5.0,0,35.0,42.0,Financial analyst or engineer,0.0,"Hybrid (some remote, leans heavy to in-person)",Banking/Financial Services,USA,12.0,7.0,210000.0,3.0,9.903487552536127
29.5,3.0,0,10.0,12.0,"Developer, full-stack",0.0,"Hybrid (some in-person, leans heavy to flexibility)",Software Development,USA,4.0,2.0,107000.0,3.0,2.302585092994046
29.5,4.0,0,6.0,8.0,"Developer, full-stack",0.0,"Hybrid (some remote, leans heavy to in-person)",Software Development,CHE,4.0,,143832.0,3.0,5.702114417555504
29.5,3.0,0,4.0,10.0,"Developer, desktop or enterprise applications",0.0,"Your choice (very flexible, you can come in when you want or just as needed)",Software Development,LTU,4.0,,58007.0,3.0,8.006200887093147
29.5,5.0,0,7.0,10.0,"Developer, embedded applications or devices",0.0,Remote,Computer Systems Design and Services,IND,4.0,,46496.0,1.0,9.903487552536127
29.5,6.0,0,7.0,10.0,Applied scientist,0.0,"Hybrid (some remote, leans heavy to in-person)",Software Development,GBR,8.0,,74878.0,3.0,4.085976312551584
29.5,6.0,0,4.0,15.0,Academic researcher,0.0,In-person,Higher Education,DEU,5.0,,52207.0,3.0,8.006200887093147
39.5,5.0,1,15.0,15.0,"Developer, full-stack",,,Banking/Financial Services,UKR,5.0,3.0,6890299.0,2.0,
39.5,5.0,1,11.0,16.0,"Developer, full-stack",,,Software Development,POL,7.0,2.0,9006.0,3.0,
39.5,4.0,0,5.0,18.0,"Developer, full-stack",0.0,"Hybrid (some in-person, leans heavy to flexibility)",Software Development,USA,5.0,4.0,65000.0,3.0,8.922591630635415
59.5,4.0,0,41.0,50.0,"Developer, back-end",0.0,"Your choice (very flexible, you can come in when you want or just as needed)",Software Development,USA,5.0,,245000.0,3.0,9.903487552536127
49.5,2.0,0,26.0,26.0,"Developer, full-stack",0.0,Remote,Government,USA,8.0,4.0,156000.0,3.0,2.302585092994046
39.5,4.0,0,13.0,20.0,DevOps engineer or professional,1.0,Remote,Software Development,ITA,5.0,1.0,52207.0,3.0,5.702114417555504
39.5,6.0,0,17.0,22.0,"Developer, full-stack",0.0,Remote,Software Development,CHL,4.0,6.0,33930.0,3.0,9.903487552536127
21.0,4.0,0,5.0,10.0,Academic researcher,0.0,"Hybrid (some in-person, leans heavy to flexibility)",Government,USA,15.0,9.0,80000.0,3.0,9.903487552536127
39.5,4.0,0,10.0,20.0,"Developer, full-stack",0.0,Remote,Healthcare,USA,3.0,5.0,110000.0,3.0,9.903487552536127
49.5,4.0,0,24.0,28.0,"Developer, embedded applications or devices",0.0,"Hybrid (some remote, leans heavy to in-person)",Software Development,USA,2.0,,193000.0,3.0,8.006200887093147
49.5,0.0,0,30.0,34.0,"Developer, desktop or enterprise applications",1.0,"Hybrid (some in-person, leans heavy to flexibility)",Healthcare,CHE,1.0,1.0,161191.0,3.0,9.903487552536127
29.5,5.0,0,8.0,10.0,Database administrator or engineer,0.0,"Your choice (very flexible, you can come in when you want or just as needed)",Software Development,DEU,4.0,7.0,139218.0,3.0,5.702114417555504
39.5,5.0,0,10.0,15.0,Academic researcher,0.0,Remote,Software Development,ROU,,,69609.0,3.0,9.903487552536127
39.5,2.0,0,15.0,23.0,"Developer, embedded applications or devices",0.0,In-person,Other:,USA,10.0,,129250.0,3.0,5.702114417555504
29.5,4.0,0,6.0,8.0,"Developer, back-end",0.0,"Hybrid (some remote, leans heavy to in-person)",Software Development,IND,10.0,4.0,11624.0,1.0,9.903487552536127
29.5,5.0,0,7.0,10.0,DevOps engineer or professional,0.0,"Hybrid (some remote, leans heavy to in-person)",Software Development,CZE,5.0,3.0,65528.0,3.0,8.006200887093147
49.5,2.0,0,25.0,25.0,"Developer, full-stack",0.0,"Hybrid (some in-person, leans heavy to flexibility)","Internet, Telecomm or Information Services",ROU,9.0,3.0,50118.0,3.0,5.702114417555504
39.5,4.0,0,10.0,17.0,"Architect, software or solutions",1.0,"Your choice (very flexible, you can come in when you want or just as needed)","Internet, Telecomm or Information Services",ESP,5.0,3.0,69609.0,3.0,8.922591630635415
29.5,2.0,0,12.0,15.0,Cloud infrastructure engineer,0.0,"Hybrid (some remote, leans heavy to in-person)",Software Development,USA,12.0,9.0,170000.0,3.0,9.903487552536127
29.5,4.0,0,8.0,10.0,"Developer, back-end",0.0,Remote,Fintech,USA,7.0,5.0,150000.0,3.0,4.085976312551584
39.5,5.0,0,15.0,11.0,"Developer, back-end",0.0,Remote,Other:,USA,3.0,2.0,182000.0,3.0,8.006200887093147
39.5,5.0,0,7.0,8.0,Engineering manager,1.0,Remote,Manufacturing,POL,6.0,4.0,85145.0,3.0,9.903487552536127
39.5,6.0,0,13.0,19.0,"Developer, back-end",1.0,Remote,Other:,ZAF,3.0,1.0,146585.0,2.0,4.085976312551584
49.5,,1,25.0,25.0,"Developer, front-end",,,Software Development,ESP,2.0,1.0,69609.0,3.0,
29.5,2.0,0,10.0,18.0,"Developer, AI apps or physical AI",0.0,"Hybrid (some remote, leans heavy to in-person)",Software Development,SWE,12.0,,81761.0,3.0,2.302585092994046
21.0,4.0,0,5.0,8.0,"Developer, mobile",0.0,Remote,Software Development,CZE,2.0,1.0,52000.0,3.0,5.702114417555504
29.5,4.0,0,6.0,11.0,AI/ML engineer,0.0,"Hybrid (some remote, leans heavy to in-person)",Software Development,USA,9.0,1.0,140000.0,3.0,4.085976312551584
39.5,4.0,0,16.0,19.0,"Developer, full-stack",0.0,"Your choice (very flexible, you can come in when you want or just as needed)",Manufacturing,CAN,6.0,2.0,87550.0,3.0,5.702114417555504
29.5,4.0,1,6.0,9.0,"Developer, AI apps or physical AI",0.0,Remote,Software Development,NGA,7.0,4.0,1098.0,1.0,0.0
39.5,2.0,0,20.0,25.0,"Developer, full-stack",0.0,"Hybrid (some remote, leans heavy to in-person)",Software Development,SWE,7.0,2.0,47799.0,3.0,4.085976312551584
39.5,1.0,0,1.0,4.0,"Developer, front-end",0.0,"Hybrid (some in-person, leans heavy to flexibility)","Internet, Telecomm or Information Services",FIN,7.0,3.0,40605.0,3.0,9.903487552536127
49.5,4.0,0,25.0,25.0,"Developer, back-end",,,Insurance,ZAF,1.0,2.0,56379.0,2.0,8.922591630635415
29.5,4.0,0,2.0,3.0,"Developer, front-end",0.0,Remote,Software Development,NGA,,,3777.0,1.0,2.302585092994046
77.5,4.0,1,51.0,37.0,"Developer, embedded applications or devices",,,Other:,USA,4.0,1.0,160000.0,3.0,
29.5,4.0,0,7.0,11.0,Data engineer,0.0,Remote,Insurance,USA,3.0,3.0,165000.0,3.0,9.903487552536127
29.5,4.0,0,10.0,11.0,Engineering manager,1.0,Remote,Software Development,BGD,,,40000.0,1.0,4.085976312551584
39.5,5.0,0,8.0,9.0,"Developer, mobile",0.0,Remote,Retail and Consumer Services,POL,6.0,,60038.0,3.0,8.006200887093147
39.5,4.0,0,18.0,25.0,"Architect, software or solutions",0.0,Remote,Software Development,USA,3.0,3.0,197000.0,3.0,4.085976312551584
29.5,6.0,0,8.0,18.0,Academic researcher,0.0,"Hybrid (some in-person, leans heavy to flexibility)",Software Development,NZL,8.0,3.0,85534.0,3.0,6.619406317542652
29.5,4.0,0,7.0,9.0,"Developer, full-stack",1.0,In-person,Energy,TUR,5.0,2.0,30297.0,2.0,4.085976312551584
49.5,5.0,1,19.0,32.0,"Developer, mobile",,,Software Development,NOR,7.0,3.0,74120.0,3.0,
59.5,5.0,0,15.0,15.0,"Developer, back-end",0.0,"Your choice (very flexible, you can come in when you want or just as needed)",Energy,CAN,4.0,1.0,87550.0,3.0,2.302585092994046
39.5,2.0,0,7.0,8.0,"Developer, full-stack",0.0,"Your choice (very flexible, you can come in when you want or just as needed)",Software Development,ESP,5.0,3.0,67289.0,3.0,6.619406317542652
29.5,4.0,0,5.0,11.0,"Developer, back-end",0.0,Remote,Software Development,AUS,12.0,3.0,42256.0,3.0,4.085976312551584
49.5,2.0,0,32.0,32.0,"Developer, full-stack",0.0,"Hybrid (some remote, leans heavy to in-person)",Energy,ZAF,5.0,2.0,47358.0,2.0,2.302585092994046
29.5,5.0,1,7.0,10.0,"Developer, mobile",,,Software Development,POL,2.0,,98244.0,3.0,
29.5,4.0,0,3.0,7.0,"Developer, back-end",0.0,In-person,Media & Advertising Services,IND,6.0,,11624.0,1.0,2.302585092994046
29.5,4.0,0,5.0,6.0,"Developer, full-stack",0.0,In-person,Software Development,NPL,6.0,5.0,3490.0,1.0,2.302585092994046
39.5,2.0,0,7.0,10.0,"Developer, full-stack",0.0,"Hybrid (some remote, leans heavy to in-person)",Government,CHE,2.0,1.0,117793.0,3.0,4.085976312551584
39.5,4.0,1,10.0,14.0,"Developer, full-stack",1.0,Remote,Manufacturing,ROU,6.0,3.0,80640.0,3.0,4.085976312551584
21.0,4.0,0,4.0,7.0,"Developer, embedded applications or devices",0.0,Remote,Software Development,UKR,2.0,1.0,28800.0,2.0,6.619406317542652
39.5,6.0,0,20.0,28.0,"Architect, software or solutions",0.0,"Hybrid (some in-person, leans heavy to flexibility)",Software Development,FIN,5.0,,1740220.0,3.0,9.903487552536127
39.5,4.0,0,14.0,14.0,"Developer, full-stack",0.0,"Hybrid (some in-person, leans heavy to flexibility)",Government,DEU,3.0,1.0,69609.0,3.0,8.006200887093147
29.5,2.0,0,8.0,13.0,"Developer, QA or test",0.0,"Hybrid (some in-person, leans heavy to flexibility)",Fintech,SVN,6.0,3.0,65258.0,3.0,5.702114417555504
29.5,5.0,0,8.0,18.0,"Architect, software or solutions",0.0,Remote,Manufacturing,ROU,,,30327.0,3.0,6.619406317542652
39.5,4.0,0,14.0,14.0,DevOps engineer or professional,1.0,"Your choice (very flexible, you can come in when you want or just as needed)",Retail and Consumer Services,UKR,4.0,12.0,1198.0,2.0,4.085976312551584
29.5,4.0,0,10.0,5.0,Product manager,1.0,Remote,Software Development,IND,4.0,2.0,29060.0,1.0,4.085976312551584
39.5,5.0,0,12.0,13.0,"Developer, full-stack",0.0,"Your choice (very flexible, you can come in when you want or just as needed)","Transportation, or Supply Chain",SWE,6.0,1.0,85534.0,3.0,9.903487552536127
29.5,4.0,1,13.0,19.0,"Developer, desktop or enterprise applications",0.0,Remote,Other:,PRT,5.0,1.0,122976.0,3.0,8.006200887093147
29.5,4.0,0,10.0,15.0,AI/ML engineer,0.0,"Hybrid (some remote, leans heavy to in-person)",Fintech,NLD,8.0,5.0,139218.0,3.0,8.006200887093147
39.5,5.0,0,10.0,10.0,DevOps engineer or professional,1.0,Remote,Energy,FRA,10.0,7.0,116015.0,3.0,5.702114417555504
29.5,5.0,0,6.0,9.0,"Developer, back-end",0.0,Remote,Manufacturing,UKR,5.0,3.0,5250.0,2.0,2.302585092994046
29.5,4.0,0,4.0,10.0,"Developer, desktop or enterprise applications",0.0,"Your choice (very flexible, you can come in when you want or just as needed)",Higher Education,DEU,8.0,2.0,85851.0,3.0,8.922591630635415
39.5,1.0,0,15.0,15.0,"Architect, software or solutions",1.0,In-person,Software Development,IND,9.0,7.0,29060.0,1.0,2.302585092994046
39.5,4.0,0,18.0,31.0,"Developer, full-stack",0.0,"Your choice (very flexible, you can come in when you want or just as needed)",Fintech,GBR,6.0,1.0,136141.0,3.0,4.085976312551584
29.5,4.0,0,5.0,5.0,"Developer, mobile",0.0,In-person,Software Development,YEM,,,9891.0,0.0,2.302585092994046
29.5,4.0,0,2.0,4.0,"Developer, back-end",0.0,In-person,Software Development,BGD,,,2945.0,1.0,4.085976312551584
29.5,5.0,0,2.0,10.0,"Developer, desktop or enterprise applications",0.0,Remote,Software Development,DEU,8.0,1.0,63808.0,3.0,2.302585092994046
59.5,6.0,1,30.0,41.0,Applied scientist,,,Software Development,DEU,,,75410.0,3.0,
39.5,4.0,0,11.0,17.0,"Developer, full-stack",1.0,"Hybrid (some remote, leans heavy to in-person)",Software Development,BGD,8.0,3.0,31122.0,1.0,4.085976312551584
29.5,6.0,0,5.0,8.0,AI/ML engineer,0.0,"Hybrid (some remote, leans heavy to in-person)",Software Development,UKR,2.0,4.0,36000.0,2.0,5.702114417555504
29.5,5.0,0,6.0,10.0,"Developer, full-stack",0.0,In-person,Software Development,USA,7.0,6.0,190000.0,3.0,4.085976312551584
,4.0,0,20.0,40.0,"Architect, software or solutions",0.0,"Hybrid (some in-person, leans heavy to flexibility)",Software Development,GBR,9.0,2.0,136141.0,3.0,9.903487552536127
29.5,5.0,0,10.0,20.0,"Developer, back-end",0.0,In-person,Software Development,CHE,4.0,1.0,371979.0,3.0,9.903487552536127
39.5,4.0,0,14.0,17.0,"Developer, full-stack",0.0,"Your choice (very flexible, you can come in when you want or just as needed)",Software Development,USA,6.0,2.0,151000.0,3.0,6.619406317542652
49.5,6.0,0,25.0,20.0,"Senior executive (C-suite, VP, etc.)",1.0,In-person,Other:,SWE,8.0,4.0,104822.0,3.0,6.619406317542652
29.5,4.0,0,11.0,16.0,"Developer, full-stack",0.0,Remote,Software Development,USA,7.0,2.0,175000.0,3.0,8.922591630635415
29.5,5.0,0,6.0,12.0,"Developer, full-stack",0.0,In-person,Software Development,FRA,18.0,9.0,48726.0,3.0,8.006200887093147
39.5,6.0,0,12.0,21.0,"Developer, back-end",0.0,Remote,Software Development,FRA,1.0,1.0,139218.0,3.0,4.085976312551584
21.0,2.0,0,4.0,10.0,"Developer, full-stack",0.0,"Hybrid (some in-person, leans heavy to flexibility)",Software Development,GBR,5.0,2.0,35822.0,3.0,8.006200887093147
21.0,5.0,0,1.0,5.0,"Developer, full-stack",0.0,"Hybrid (some remote, leans heavy to in-person)",Manufacturing,FRA,7.0,1.0,41765.0,3.0,4.085976312551584
59.5,2.0,1,40.0,45.0,"Developer, full-stack",,,Software Development,DEU,6.0,1.0,168221.0,3.0,
29.5,3.0,0,7.0,10.0,"Developer, full-stack",0.0,"Hybrid (some remote, leans heavy to in-person)",Software Development,NLD,3.0,1.0,63808.0,3.0,5.702114417555504
29.5,4.0,0,7.0,10.0,"Developer, full-stack",0.0,"Hybrid (some in-person, leans heavy to flexibility)",Software Development,GBR,8.0,5.0,84408.0,3.0,2.302585092994046
39.5,5.0,0,18.0,35.0,DevOps engineer or professional,0.0,"Hybrid (some in-person, leans heavy to flexibility)",Software Development,NLD,6.0,6.0,99773.0,3.0,8.006200887093147
29.5,5.0,0,8.0,10.0,"Developer, full-stack",0.0,"Hybrid (some remote, leans heavy to in-person)",Fintech,BGR,3.0,3.0,74133.0,3.0,6.619406317542652
21.0,4.0,1,5.0,10.0,Cybersecurity or InfoSec professional,0.0,"Hybrid (some in-person, leans heavy to flexibility)","Internet, Telecomm or Information Services",CHN,12.0,7.0,15000.0,2.0,0.0
59.5,5.0,0,28.0,40.0,"Developer, full-stack",0.0,"Your choice (very flexible, you can come in when you want or just as needed)",Software Development,DEU,6.0,2.0,102093.0,3.0,5.702114417555504
29.5,5.0,0,7.0,7.0,Data scientist,0.0,Remote,Manufacturing,USA,2.0,3.0,138000.0,3.0,9.903487552536127
49.5,2.0,0,28.0,42.0,"Developer, full-stack",1.0,"Hybrid (some in-person, leans heavy to flexibility)","Internet, Telecomm or Information Services",ISR,11.0,3.0,88243.0,3.0,2.302585092994046
29.5,5.0,0,9.0,16.0,DevOps engineer or professional,0.0,"Your choice (very flexible, you can come in when you want or just as needed)",Healthcare,USA,3.0,6.0,140000.0,3.0,4.085976312551584
29.5,4.0,0,7.0,11.0,"Developer, full-stack",0.0,"Hybrid (some in-person, leans heavy to flexibility)","Internet, Telecomm or Information Services",CHE,10.0,2.0,123993.0,3.0,9.903487552536127
49.5,6.0,0,25.0,35.0,"Developer, desktop or enterprise applications",0.0,"Hybrid (some remote, leans heavy to in-person)",Software Development,FRA,4.0,1.0,139218.0,3.0,5.702114417555504
29.5,1.0,0,7.0,12.0,"Developer, back-end",0.0,Remote,"Transportation, or Supply Chain",ITA,4.0,2.0,60328.0,3.0,5.702114417555504
39.5,5.0,0,12.0,25.0,Engineering manager,1.0,"Hybrid (some in-person, leans heavy to flexibility)",Media & Advertising Services,DEU,5.0,3.0,121815.0,3.0,4.085976312551584
39.5,4.0,0,20.0,11.0,"Developer, full-stack",0.0,"Hybrid (some remote, leans heavy to in-person)",Software Development,USA,3.0,,140000.0,3.0,2.302585092994046
21.0,4.0,0,4.0,8.0,"Developer, full-stack",0.0,Remote,Software Development,HUN,3.0,2.0,29004.0,3.0,2.302585092994046
49.5,4.0,0,31.0,5.0,"Developer, back-end",0.0,"Your choice (very flexible, you can come in when you want or just as needed)","Internet, Telecomm or Information Services",BRA,,3.0,32767.0,2.0,
29.5,5.0,0,11.0,20.0,"Developer, full-stack",0.0,"Hybrid (some in-person, leans heavy to flexibility)",Government,SWE,6.0,1.0,73836.0,3.0,6.619406317542652
39.5,5.0,0,17.0,25.0,AI/ML engineer,1.0,"Hybrid (some in-person, leans heavy to flexibility)",Software Development,AUS,7.0,1.0,147571.0,3.0,2.302585092994046
29.5,5.0,0,5.0,7.0,Data scientist,0.0,"Hybrid (some remote, leans heavy to in-person)",Insurance,GBR,2.0,2.0,81685.0,3.0,4.085976312551584
59.5,5.0,1,20.0,30.0,"Developer, full-stack",0.0,Remote,Software Development,AUT,,,41765.0,3.0,0.0
21.0,4.0,0,5.0,10.0,"Developer, full-stack",1.0,"Hybrid (some remote, leans heavy to in-person)",Software Development,NLD,13.0,8.0,58007.0,3.0,4.085976312551584
29.5,5.0,0,6.0,12.0,"Developer, full-stack",0.0,"Hybrid (some remote, leans heavy to in-person)",Software Development,IND,9.0,9.0,25573.0,1.0,6.619406317542652
21.0,4.0,1,7.0,12.0,"Developer, game or graphics",,,Other:,CAN,7.0,3.0,83173.0,3.0,
29.5,4.0,0,6.0,12.0,"Developer, back-end",0.0,In-person,Software Development,KOR,9.0,3.0,62836.0,3.0,8.006200887093147
29.5,4.0,0,10.0,18.0,Other (please specify):,0.0,Remote,Software Development,USA,7.0,,195000.0,3.0,8.006200887093147
49.5,5.0,0,25.0,42.0,"Developer, embedded applications or devices",0.0,"Hybrid (some in-person, leans heavy to flexibility)",Manufacturing,SWE,9.0,,56604.0,3.0,9.903487552536127
49.5,4.0,0,10.0,10.0,"Developer, mobile",0.0,Remote,Energy,BRA,4.0,,21844.0,2.0,6.619406317542652
39.5,4.0,0,18.0,25.0,"Developer, back-end",0.0,Remote,Software Development,FRA,3.0,1.0,168221.0,3.0,8.006200887093147
21.0,4.0,0,2.0,6.0,"Developer, full-stack",0.0,"Hybrid (some in-person, leans heavy to flexibility)","Internet, Telecomm or Information Services",UKR,,,16374.0,2.0,9.903487552536127
29.5,5.0,0,13.0,6.0,Cloud infrastructure engineer,0.0,"Your choice (very flexible, you can come in when you want or just as needed)",Software Development,DEU,7.0,2.0,104413.0,3.0,4.085976312551584
21.0,5.0,0,1.0,6.0,"Developer, full-stack",0.0,In-person,Other:,IND,,,30222.0,1.0,
29.5,5.0,0,12.0,20.0,"Architect, software or solutions",0.0,"Hybrid (some in-person, leans heavy to flexibility)","Transportation, or Supply Chain",POL,7.0,3.0,182843.0,3.0,6.619406317542652
29.5,5.0,0,6.0,20.0,Cloud infrastructure engineer,0.0,"Your choice (very flexible, you can come in when you want or just as needed)",Fintech,USA,5.0,5.0,380000.0,3.0,8.006200887093147
29.5,2.0,0,10.0,15.0,Cloud infrastructure engineer,0.0,Remote,Software Development,USA,10.0,5.0,110000.0,3.0,4.085976312551584
39.5,5.0,0,11.0,24.0,"Developer, back-end",0.0,"Hybrid (some remote, leans heavy to in-person)",Other:,DEU,8.0,4.0,44550.0,3.0,2.302585092994046
49.5,5.0,0,30.0,41.0,"Developer, embedded applications or devices",1.0,"Hybrid (some remote, leans heavy to in-person)",Other:,GBR,7.0,,176984.0,3.0,4.085976312551584
29.5,4.0,0,3.0,10.0,"Developer, embedded applications or devices",0.0,"Hybrid (some remote, leans heavy to in-person)",Retail and Consumer Services,USA,5.0,,100000.0,3.0,8.922591630635415
39.5,5.0,0,18.0,21.0,"Developer, front-end",0.0,Remote,Software Development,HRV,2.0,1.0,59933.0,3.0,2.302585092994046
39.5,5.0,0,12.0,16.0,"Developer, back-end",0.0,Remote,Software Development,USA,3.0,,410000.0,3.0,9.903487552536127
39.5,4.0,0,15.0,20.0,"Developer, back-end",0.0,Remote,Software Development,POL,5.0,7.0,87328.0,3.0,6.619406317542652
39.5,1.0,0,3.0,20.0,"Developer, full-stack",0.0,Remote,Software Development,USA,7.0,1.0,80500.0,3.0,4.085976312551584
39.5,2.0,1,20.0,20.0,"Developer, back-end",0.0,Remote,Computer Systems Design and Services,DEU,6.0,2.0,185623.0,3.0,5.702114417555504
29.5,4.0,0,10.0,13.0,Cloud infrastructure engineer,0.0,Remote,Software Development,IND,5.0,8.0,66257.0,1.0,2.302585092994046
39.5,3.0,0,25.0,30.0,"Developer, full-stack",0.0,"Your choice (very flexible, you can come in when you want or just as needed)",Manufacturing,TUR,9.0,6.0,30297.0,2.0,2.302585092994046
29.5,4.0,0,8.0,15.0,"Developer, mobile",0.0,Remote,Software Development,IND,5.0,,46496.0,1.0,5.702114417555504
29.5,4.0,0,6.0,10.0,"Developer, back-end",0.0,"Hybrid (some remote, leans heavy to in-person)",Higher Education,UKR,2.0,2.0,90000.0,2.0,8.006200887093147
29.5,4.0,0,14.0,15.0,"Developer, full-stack",0.0,"Hybrid (some in-person, leans heavy to flexibility)",Software Development,USA,11.0,2.0,135000.0,3.0,4.085976312551584
39.5,4.0,0,2.0,4.0,"Developer, full-stack",0.0,Remote,"Transportation, or Supply Chain",USA,5.0,5.0,112307.0,3.0,8.006200887093147
39.5,4.0,0,25.0,25.0,"Developer, full-stack",0.0,Remote,Government,USA,,,162000.0,3.0,
29.5,4.0,0,4.0,6.0,"Developer, full-stack",0.0,"Hybrid (some in-person, leans heavy to flexibility)",Healthcare,USA,7.0,4.0,125000.0,3.0,9.903487552536127
39.5,2.0,0,14.0,16.0,"Developer, back-end",0.0,Remote,Software Development,CAN,9.0,2.0,109438.0,3.0,4.085976312551584
49.5,2.0,0,28.0,40.0,"Developer, embedded applications or devices",0.0,"Hybrid (some remote, leans heavy to in-person)",Other:,SWE,3.0,,70440.0,3.0,4.085976312551584
29.5,2.0,0,1.0,12.0,"Developer, full-stack",0.0,Remote,Fintech,USA,10.0,4.0,81000.0,3.0,5.702114417555504
29.5,4.0,0,5.0,15.0,"Developer, embedded applications or devices",0.0,Remote,Computer Systems Design and Services,BRA,7.0,1.0,36407.0,2.0,5.702114417555504
29.5,1.0,0,3.0,15.0,Other (please specify):,0.0,Remote,Other:,CHE,4.0,,550000.0,3.0,2.302585092994046
29.5,6.0,0,11.0,13.0,Academic researcher,0.0,"Your choice (very flexible, you can come in when you want or just as needed)",Higher Education,DEU,13.0,1.0,63808.0,3.0,
29.5,4.0,0,5.0,7.0,"Developer, desktop or enterprise applications",0.0,"Hybrid (some in-person, leans heavy to flexibility)",Banking/Financial Services,FRA,,,63808.0,3.0,8.922591630635415
39.5,2.0,0,15.0,17.0,"Developer, back-end",0.0,"Your choice (very flexible, you can come in when you want or just as needed)",Software Development,ITA,5.0,3.0,46406.0,3.0,4.085976312551584
49.5,4.0,0,21.0,24.0,"Developer, full-stack",0.0,"Hybrid (some remote, leans heavy to in-person)",Software Development,USA,6.0,3.0,220000.0,3.0,8.006200887093147
49.5,4.0,0,32.0,41.0,"Developer, desktop or enterprise applications",1.0,"Hybrid (some in-person, leans heavy to flexibility)",Energy,AUS,3.0,4.0,156022.0,3.0,5.702114417555504
29.5,4.0,0,8.0,18.0,DevOps engineer or professional,0.0,"Hybrid (some in-person, leans heavy to flexibility)",Software Development,CHE,4.0,2.0,557968.0,3.0,9.903487552536127
39.5,4.0,0,20.0,30.0,"Developer, back-end",1.0,In-person,Banking/Financial Services,USA,6.0,3.0,160000.0,3.0,5.702114417555504
29.5,4.0,0,9.0,12.0,"Architect, software or solutions",0.0,Remote,Software Development,USA,8.0,,145000.0,3.0,2.302585092994046
39.5,5.0,0,13.0,20.0,DevOps engineer or professional,0.0,"Hybrid (some remote, leans heavy to in-person)","Transportation, or Supply Chain",DEU,10.0,1.0,127616.0,3.0,9.903487552536127
39.5,5.0,0,12.0,15.0,"Developer, full-stack",0.0,Remote,Fintech,USA,2.0,1.0,290037.0,3.0,6.619406317542652
29.5,5.0,0,1.0,8.0,"Developer, full-stack",0.0,Remote,Software Development,GRC,10.0,1.0,21811.0,3.0,8.006200887093147
29.5,4.0,0,3.0,3.0,"Developer, back-end",0.0,In-person,Software Development,IND,,,2790.0,1.0,2.302585092994046
39.5,4.0,0,16.0,20.0,"Developer, back-end",0.0,Remote,Banking/Financial Services,ITA,6.0,6.0,63808.0,3.0,5.702114417555504
29.5,4.0,0,13.0,15.0,"Architect, software or solutions",0.0,In-person,Banking/Financial Services,BRA,4.0,4.0,28216.0,2.0,8.006200887093147
29.5,4.0,0,6.0,9.0,"Developer, full-stack",0.0,"Hybrid (some remote, leans heavy to in-person)",Manufacturing,GBR,3.0,1.0,70794.0,3.0,2.302585092994046
39.5,5.0,0,12.0,18.0,Cloud infrastructure engineer,0.0,Remote,Software Development,CHE,2.0,,198389.0,3.0,9.903487552536127
59.5,2.0,0,49.0,40.0,DevOps engineer or professional,0.0,"Your choice (very flexible, you can come in when you want or just as needed)",Software Development,DEU,6.0,1.0,111374.0,3.0,2.302585092994046
29.5,5.0,0,7.0,15.0,Data scientist,0.0,"Hybrid (some in-person, leans heavy to flexibility)","Internet, Telecomm or Information Services",DEU,5.0,8.0,127616.0,3.0,5.702114417555504
29.5,4.0,0,11.0,15.0,"Developer, back-end",0.0,Remote,Fintech,CAN,,,145917.0,3.0,6.619406317542652
39.5,5.0,1,20.0,28.0,"Developer, mobile",,,Software Development,ESP,2.0,,69609.0,3.0,
49.5,5.0,0,20.0,26.0,"Developer, full-stack",0.0,In-person,Higher Education,MEX,3.0,3.0,17687.0,2.0,5.702114417555504
29.5,4.0,0,10.0,20.0,"Developer, back-end",0.0,"Hybrid (some remote, leans heavy to in-person)",Software Development,USA,6.0,2.0,635000.0,3.0,9.903487552536127
29.5,2.0,0,10.0,20.0,Engineering manager,1.0,"Hybrid (some remote, leans heavy to in-person)",Software Development,HUN,5.0,5.0,28917.0,3.0,2.302585092994046
39.5,4.0,0,13.0,20.0,"Developer, back-end",1.0,Remote,Fintech,LTU,8.0,3.0,174022.0,3.0,4.085976312551584
29.5,4.0,0,7.0,9.0,"Developer, full-stack",0.0,Remote,Healthcare,USA,9.0,3.0,136000.0,3.0,9.903487552536127
29.5,4.0,0,8.0,9.0,"Developer, full-stack",0.0,In-person,Software Development,KHM,5.0,4.0,1270.0,1.0,4.085976312551584
29.5,5.0,0,4.0,10.0,"Developer, full-stack",0.0,"Hybrid (some in-person, leans heavy to flexibility)",Healthcare,NOR,9.0,6.0,79062.0,3.0,4.085976312551584
39.5,4.0,1,15.0,20.0,"Developer, back-end",0.0,"Your choice (very flexible, you can come in when you want or just as needed)",Software Development,DEU,6.0,2.0,104413.0,3.0,0.0
21.0,4.0,1,7.0,7.0,"Developer, game or graphics",,,Software Development,CAN,2.0,,9485.0,3.0,
39.5,4.0,0,13.0,15.0,Engineering manager,1.0,Remote,Retail and Consumer Services,USA,4.0,2.0,190000.0,3.0,8.006200887093147
49.5,5.0,0,18.0,8.0,"Developer, full-stack",0.0,"Hybrid (some in-person, leans heavy to flexibility)",Software Development,USA,4.0,1.0,185000.0,3.0,9.903487552536127
29.5,5.0,0,5.0,12.0,Data engineer,0.0,"Your choice (very flexible, you can come in when you want or just as needed)",Other:,ITA,4.0,4.0,50466.0,3.0,4.085976312551584
59.5,2.0,0,8.0,8.0,"Developer, full-stack",0.0,Remote,Software Development,USA,7.0,7.0,105000.0,3.0,6.619406317542652
49.5,6.0,0,18.0,17.0,"Developer, desktop or enterprise applications",0.0,"Hybrid (some remote, leans heavy to in-person)",Software Development,USA,,,217000.0,3.0,9.903487552536127
29.5,5.0,0,10.0,18.0,"Developer, desktop or enterprise applications",0.0,Remote,Software Development,ITA,3.0,,110214.0,3.0,5.702114417555504
21.0,5.0,0,2.0,10.0,"Developer, full-stack",0.0,"Hybrid (some in-person, leans heavy to flexibility)",Banking/Financial Services,GBR,5.0,2.0,68071.0,3.0,9.903487552536127
29.5,4.0,0,4.0,4.0,"Developer, full-stack",1.0,Remote,Healthcare,BRA,7.0,4.0,20024.0,2.0,
29.5,4.0,0,7.0,12.0,Cybersecurity or InfoSec professional,0.0,"Hybrid (some in-person, leans heavy to flexibility)",Retail and Consumer Services,USA,7.0,4.0,105000.0,3.0,9.903487552536127
39.5,2.0,0,6.0,14.0,"Developer, embedded applications or devices",0.0,In-person,Other:,USA,10.0,,60000.0,3.0,4.085976312551584
49.5,6.0,0,20.0,29.0,"Developer, back-end",0.0,"Your choice (very flexible, you can come in when you want or just as needed)",Other:,USA,3.0,3.0,163000.0,3.0,6.619406317542652
29.5,4.0,0,15.0,16.0,"Developer, full-stack",0.0,In-person,Software Development,JPN,,,400000.0,3.0,4.085976312551584
39.5,4.0,0,14.0,20.0,"Developer, back-end",0.0,In-person,Software Development,USA,10.0,6.0,270000.0,3.0,9.903487552536127
39.5,5.0,0,19.0,30.0,"Developer, back-end",0.0,"Hybrid (some in-person, leans heavy to flexibility)",Software Development,CHN,,,69643.0,2.0,9.903487552536127
49.5,4.0,1,33.0,37.0,"Founder, technology or otherwise",0.0,"Your choice (very flexible, you can come in when you want or just as needed)",Software Development,KEN,4.0,2.0,57516.0,1.0,0.0
29.5,2.0,0,3.0,8.0,"Developer, full-stack",0.0,"Hybrid (some remote, leans heavy to in-person)","Transportation, or Supply Chain",DEU,6.0,3.0,47856.0,3.0,6.619406317542652
29.5,4.0,0,5.0,7.0,"Developer, full-stack",0.0,Remote,Insurance,LVA,7.0,5.0,64968.0,3.0,5.702114417555504
29.5,2.0,0,13.0,18.0,"Developer, full-stack",0.0,"Hybrid (some remote, leans heavy to in-person)",Fintech,NLD,9.0,5.0,52207.0,3.0,9.903487552536127
29.5,5.0,1,7.0,17.0,"Founder, technology or otherwise",,,Software Development,NLD,4.0,,63808.0,3.0,
39.5,5.0,0,12.0,15.0,"Developer, full-stack",0.0,Remote,Software Development,FRA,3.0,1.0,174022.0,3.0,8.922591630635415
29.5,5.0,0,16.0,25.0,"Developer, mobile",0.0,"Your choice (very flexible, you can come in when you want or just as needed)",Manufacturing,CAN,5.0,1.0,64933.0,3.0,6.619406317542652
39.5,2.0,0,15.0,20.0,"Developer, back-end",0.0,"Hybrid (some in-person, leans heavy to flexibility)",Software Development,ITA,11.0,5.0,58007.0,3.0,5.702114417555504
49.5,2.0,0,25.0,30.0,"Developer, full-stack",0.0,"Your choice (very flexible, you can come in when you want or just as needed)",Government,CHE,10.0,4.0,123993.0,3.0,8.006200887093147
29.5,4.0,0,11.0,15.0,"Developer, back-end",0.0,Remote,"Internet, Telecomm or Information Services",NLD,4.0,2.0,89129.0,3.0,5.702114417555504
21.0,4.0,0,,3.0,"Developer, embedded applications or devices",0.0,"Hybrid (some remote, leans heavy to in-person)",Software Development,IND,2.0,1.0,27898.0,1.0,8.006200887093147
29.5,5.0,0,13.0,16.0,"Developer, back-end",0.0,"Your choice (very flexible, you can come in when you want or just as needed)",Healthcare,DEU,3.0,3.0,52207.0,3.0,4.085976312551584
29.5,5.0,0,4.0,7.0,"Developer, full-stack",0.0,"Hybrid (some remote, leans heavy to in-person)",Software Development,FRA,4.0,5.0,47334.0,3.0,4.085976312551584
39.5,6.0,0,10.0,12.0,Data scientist,0.0,"Hybrid (some remote, leans heavy to in-person)",Other:,DNK,1.0,,162363.0,3.0,9.903487552536127
59.5,6.0,0,30.0,10.0,"Developer, full-stack",0.0,Remote,Software Development,NZL,6.0,2.0,86137.0,3.0,2.302585092994046
59.5,4.0,1,36.0,43.0,"Architect, software or solutions",,,Software Development,RUS,,,150819.0,3.0,
29.5,4.0,1,5.0,5.0,"Developer, full-stack",,,"Internet, Telecomm or Information Services",IND,4.0,5.0,60000.0,1.0,
49.5,2.0,1,30.0,30.0,"Developer, full-stack",,,Software Development,TUR,11.0,7.0,63120.0,2.0,
39.5,5.0,0,10.0,15.0,"Developer, back-end",0.0,"Hybrid (some remote, leans heavy to in-person)",Energy,NLD,5.0,3.0,46406.0,3.0,4.085976312551584
39.5,4.0,0,21.0,3.0,"Developer, full-stack",0.0,Remote,"Internet, Telecomm or Information Services",DEU,6.0,6.0,64968.0,3.0,8.006200887093147
39.5,5.0,0,15.0,30.0,"Developer, back-end",0.0,Remote,Energy,DEU,2.0,3.0,87011.0,3.0,4.085976312551584
29.5,4.0,0,10.0,16.0,"Developer, mobile",0.0,Remote,Other:,FRA,5.0,1.0,63228.0,3.0,2.302585092994046
21.0,4.0,0,1.0,5.0,"Developer, full-stack",0.0,In-person,Fintech,IND,3.0,5.0,20923.0,1.0,8.922591630635415
29.5,4.0,0,6.0,10.0,"Senior executive (C-suite, VP, etc.)",1.0,In-person,Software Development,IND,8.0,5.0,13949.0,1.0,2.302585092994046
29.5,5.0,0,3.0,10.0,"Developer, full-stack",1.0,"Hybrid (some in-person, leans heavy to flexibility)",Manufacturing,GRC,,,29004.0,3.0,4.085976312551584
39.5,4.0,0,11.0,13.0,"Developer, back-end",0.0,"Hybrid (some remote, leans heavy to in-person)",Software Development,GBR,9.0,4.0,68071.0,3.0,8.006200887093147
49.5,2.0,0,28.0,25.0,"Architect, software or solutions",1.0,"Your choice (very flexible, you can come in when you want or just as needed)",Other:,ESP,6.0,3.0,60328.0,3.0,4.085976312551584
39.5,3.0,0,2.0,3.0,"Developer, desktop or enterprise applications",0.0,"Hybrid (some in-person, leans heavy to flexibility)",Software Development,FRA,7.0,4.0,44782.0,3.0,5.702114417555504
59.5,2.0,0,15.0,15.0,"Developer, full-stack",0.0,Remote,Software Development,ZAF,4.0,2.0,73292.0,2.0,4.085976312551584
29.5,4.0,0,6.0,8.0,Other (please specify):,0.0,In-person,Software Development,IND,2.0,,41846.0,1.0,2.302585092994046
29.5,5.0,0,6.0,15.0,"Developer, full-stack",0.0,Remote,Software Development,DEU,7.0,3.0,66128.0,3.0,2.302585092994046
21.0,4.0,0,2.0,4.0,"Developer, full-stack",0.0,In-person,Other:,UKR,9.0,3.0,1078.0,2.0,4.085976312551584
29.5,5.0,0,3.0,8.0,"Developer, front-end",0.0,"Hybrid (some remote, leans heavy to in-person)",Software Development,DEU,4.0,1.0,64968.0,3.0,8.922591630635415
29.5,4.0,0,9.0,14.0,"Developer, full-stack",0.0,Remote,Insurance,HUN,14.0,12.0,41640.0,3.0,9.903487552536127
39.5,5.0,1,19.0,30.0,"Architect, software or solutions",,,Software Development,FRA,5.0,2.0,696088.0,3.0,
29.5,5.0,0,10.0,15.0,"Developer, full-stack",0.0,"Hybrid (some remote, leans heavy to in-person)",Other:,GBR,8.0,4.0,46288.0,3.0,5.702114417555504
21.0,2.0,0,2.0,7.0,"Developer, back-end",0.0,Remote,Software Development,AUT,8.0,2.0,64968.0,3.0,4.085976312551584
49.5,6.0,0,25.0,38.0,"Developer, full-stack",0.0,Remote,Software Development,GBR,7.0,1.0,84408.0,3.0,2.302585092994046
21.0,3.0,0,3.0,5.0,"Developer, full-stack",0.0,Remote,Software Development,PHL,9.0,7.0,7024.0,2.0,2.302585092994046
29.5,5.0,0,5.0,9.0,"Developer, full-stack",0.0,"Hybrid (some remote, leans heavy to in-person)",Software Development,GBR,7.0,3.0,89853.0,3.0,9.903487552536127
29.5,4.0,0,9.0,12.0,Data engineer,0.0,"Hybrid (some in-person, leans heavy to flexibility)","Internet, Telecomm or Information Services",IND,2.0,5.0,68581.0,1.0,5.702114417555504
29.5,2.0,0,11.0,16.0,"Developer, desktop or enterprise applications",0.0,"Your choice (very flexible, you can come in when you want or just as needed)",Software Development,AUS,4.0,,78011.0,3.0,2.302585092994046
29.5,2.0,0,4.0,6.0,"Developer, front-end",0.0,"Hybrid (some in-person, leans heavy to flexibility)",Software Development,ITA,7.0,3.0,37125.0,3.0,5.702114417555504
39.5,4.0,0,20.0,30.0,DevOps engineer or professional,0.0,Remote,Software Development,USA,4.0,5.0,167000.0,3.0,5.702114417555504
59.5,6.0,0,25.0,35.0,Applied scientist,1.0,"Hybrid (some in-person, leans heavy to flexibility)",Higher Education,GBR,4.0,3.0,68071.0,3.0,2.302585092994046
29.5,3.0,0,6.0,15.0,"Developer, back-end",0.0,"Your choice (very flexible, you can come in when you want or just as needed)",Media & Advertising Services,USA,7.0,9.0,156000.0,3.0,6.619406317542652
29.5,4.0,0,7.0,18.0,Data scientist,1.0,"Hybrid (some in-person, leans heavy to flexibility)",Retail and Consumer Services,POL,9.0,2.0,125534.0,3.0,5.702114417555504
77.5,2.0,1,50.0,58.0,"Developer, embedded applications or devices",,,Energy,USA,5.0,4.0,100000.0,3.0,
39.5,4.0,0,4.0,5.0,"Developer, back-end",0.0,Remote,Retail and Consumer Services,UKR,3.0,,36197.0,2.0,9.903487552536127
39.5,5.0,0,17.0,28.0,"Developer, full-stack",0.0,"Hybrid (some remote, leans heavy to in-person)",Manufacturing,DEU,5.0,,98612.0,3.0,9.903487552536127
29.5,4.0,0,3.0,10.0,"Developer, back-end",0.0,"Your choice (very flexible, you can come in when you want or just as needed)",Manufacturing,USA,9.0,5.0,100000.0,3.0,6.619406317542652
29.5,6.0,0,10.0,25.0,"Developer, desktop or enterprise applications",0.0,"Your choice (very flexible, you can come in when you want or just as needed)",Software Development,JPN,9.0,,46289.0,3.0,2.302585092994046
39.5,4.0,0,18.0,25.0,"Developer, full-stack",0.0,"Hybrid (some in-person, leans heavy to flexibility)",Banking/Financial Services,GBR,4.0,3.0,106190.0,3.0,5.702114417555504
29.5,5.0,0,2.0,6.0,Other (please specify):,0.0,In-person,Higher Education,USA,7.0,,43350.0,3.0,9.903487552536127
29.5,2.0,1,11.0,11.0,"Architect, software or solutions",1.0,"Your choice (very flexible, you can come in when you want or just as needed)",Software Development,IND,4.0,5.0,29060.0,1.0,2.302585092994046
59.5,2.0,0,20.0,47.0,"Developer, full-stack",0.0,"Your choice (very flexible, you can come in when you want or just as needed)",Manufacturing,USA,9.0,5.0,190000.0,3.0,9.903487552536127
49.5,5.0,0,27.0,43.0,"Architect, software or solutions",0.0,"Hybrid (some in-person, leans heavy to flexibility)",Other:,FIN,10.0,1.0,87011.0,3.0,2.302585092994046
21.0,4.0,0,1.0,4.0,"Developer, AI apps or physical AI",0.0,"Hybrid (some remote, leans heavy to in-person)",Healthcare,USA,,,73000.0,3.0,9.903487552536127
29.5,5.0,0,4.0,6.0,"Developer, back-end",0.0,"Hybrid (some in-person, leans heavy to flexibility)",Healthcare,ROU,,5.0,24813.0,3.0,4.085976312551584
29.5,4.0,0,8.0,10.0,Engineering manager,1.0,Remote,Fintech,ESP,3.0,6.0,104413.0,3.0,5.702114417555504
29.5,3.0,0,17.0,19.0,"Developer, full-stack",0.0,In-person,Software Development,GBR,6.0,3.0,51598.0,3.0,4.085976312551584
29.5,5.0,0,5.0,10.0,"Developer, full-stack",0.0,In-person,Software Development,USA,10.0,,175000.0,3.0,9.903487552536127
39.5,4.0,0,25.0,25.0,"Developer, full-stack",0.0,Remote,Government,USA,10.0,11.0,93500.0,3.0,9.903487552536127
29.5,6.0,0,11.0,18.0,Engineering manager,1.0,"Hybrid (some in-person, leans heavy to flexibility)",Fintech,IRL,3.0,1.0,150819.0,3.0,4.085976312551584
39.5,2.0,1,12.0,15.0,"Developer, full-stack",,,Software Development,NZL,7.0,4.0,42285.0,3.0,
29.5,5.0,0,10.0,16.0,"Developer, mobile",0.0,In-person,"Internet, Telecomm or Information Services",DEU,3.0,,103253.0,3.0,5.702114417555504
49.5,5.0,0,30.0,42.0,"Developer, back-end",0.0,Remote,Other:,USA,6.0,4.0,250000.0,3.0,9.903487552536127
39.5,4.0,0,20.0,23.0,"Developer, full-stack",1.0,"Hybrid (some in-person, leans heavy to flexibility)",Software Development,USA,5.0,3.0,160000.0,3.0,5.702114417555504
49.5,5.0,0,25.0,30.0,"Developer, full-stack",0.0,"Your choice (very flexible, you can come in when you want or just as needed)",Software Development,NLD,8.0,3.0,48726.0,3.0,4.085976312551584
21.0,4.0,0,8.0,9.0,"Developer, full-stack",0.0,"Your choice (very flexible, you can come in when you want or just as needed)",Software Development,IND,8.0,6.0,13949.0,1.0,2.302585092994046
39.5,5.0,1,23.0,25.0,"Developer, back-end",,,Software Development,CYP,4.0,2.0,90491.0,3.0,
29.5,4.0,0,13.0,18.0,"Developer, full-stack",0.0,"Hybrid (some in-person, leans heavy to flexibility)",Higher Education,GBR,5.0,1.0,51734.0,3.0,8.006200887093147
39.5,4.0,0,12.0,18.0,"Developer, mobile",0.0,"Your choice (very flexible, you can come in when you want or just as needed)",Banking/Financial Services,POL,2.0,,40935.0,3.0,9.903487552536127
49.5,4.0,0,29.0,37.0,"Architect, software or solutions",0.0,"Hybrid (some in-person, leans heavy to flexibility)",Banking/Financial Services,CHE,3.0,3.0,198389.0,3.0,6.619406317542652
29.5,4.0,0,8.0,15.0,"Developer, full-stack",1.0,Remote,Media & Advertising Services,FRA,8.0,6.0,46406.0,3.0,2.302585092994046
39.5,4.0,0,9.0,19.0,"Developer, full-stack",0.0,"Your choice (very flexible, you can come in when you want or just as needed)",Software Development,GBR,6.0,4.0,50372.0,3.0,5.702114417555504
39.5,2.0,0,16.0,16.0,"Developer, full-stack",0.0,Remote,Software Development,AUS,6.0,8.0,130019.0,3.0,2.302585092994046
29.5,4.0,0,10.0,13.0,"Developer, back-end",0.0,Remote,Software Development,ESP,1.0,,149659.0,3.0,5.702114417555504
39.5,6.0,0,6.0,7.0,"Developer, full-stack",1.0,Remote,Software Development,DEU,9.0,2.0,96292.0,3.0,5.702114417555504
59.5,,0,33.0,45.0,"Architect, software or solutions",1.0,"Hybrid (some remote, leans heavy to in-person)",Other:,USA,6.0,7.0,180000.0,3.0,8.006200887093147
39.5,4.0,0,15.0,18.0,"Developer, mobile",0.0,"Your choice (very flexible, you can come in when you want or just as needed)",Software Development,DEU,4.0,,58007.0,3.0,5.702114417555504
39.5,5.0,0,10.0,19.0,Cybersecurity or InfoSec professional,0.0,Remote,Software Development,DEU,6.0,,145018.0,3.0,4.085976312551584
21.0,3.0,0,2.0,5.0,"Developer, full-stack",,"Your choice (very flexible, you can come in when you want or just as needed)",Other:,VNM,6.0,3.0,8407.0,2.0,5.702114417555504
21.0,4.0,0,4.0,8.0,"Developer, full-stack",0.0,Remote,Software Development,MEX,12.0,9.0,50000.0,2.0,4.085976312551584
49.5,5.0,0,9.0,10.0,"Developer, full-stack",0.0,"Your choice (very flexible, you can come in when you want or just as needed)",Software Development,,4.0,,50000.0,,2.302585092994046
29.5,3.0,0,7.0,9.0,"Developer, back-end",,Remote,Insurance,DEU,6.0,3.0,67289.0,3.0,4.085976312551584
59.5,4.0,0,28.0,30.0,"Developer, front-end",0.0,In-person,Healthcare,ROU,5.0,4.0,43854.0,3.0,4.085976312551584
39.5,2.0,1,15.0,17.0,"Developer, full-stack",,,Software Development,GBR,,,201489.0,3.0,
39.5,5.0,0,18.0,25.0,Engineering manager,1.0,In-person,Software Development,ITA,4.0,3.0,46406.0,3.0,4.085976312551584
59.5,2.0,0,30.0,35.0,Other (please specify):,0.0,In-person,Manufacturing,CAN,,2.0,45964.0,3.0,4.085976312551584
59.5,2.0,1,40.0,40.0,"Developer, mobile",0.0,Remote,"Transportation, or Supply Chain",CAN,5.0,2.0,36479.0,3.0,0.0
59.5,4.0,0,27.0,28.0,Database administrator or engineer,0.0,"Hybrid (some in-person, leans heavy to flexibility)",Insurance,USA,6.0,2.0,140000.0,3.0,8.006200887093147
39.5,5.0,1,10.0,25.0,Data engineer,0.0,Remote,Software Development,ITA,13.0,4.0,18562.0,3.0,2.302585092994046
49.5,4.0,0,15.0,7.0,"Developer, front-end",,Remote,Insurance,CAN,2.0,,65663.0,3.0,2.302585092994046
29.5,1.0,0,5.0,6.0,"Developer, full-stack",0.0,"Your choice (very flexible, you can come in when you want or just as needed)",Higher Education,GBR,4.0,1.0,50372.0,3.0,9.903487552536127
29.5,2.0,0,13.0,17.0,"Developer, full-stack",0.0,Remote,Software Development,USA,2.0,2.0,142000.0,3.0,5.702114417555504
39.5,5.0,0,12.0,23.0,"Developer, embedded applications or devices",0.0,"Hybrid (some remote, leans heavy to in-person)",Energy,DEU,5.0,,87011.0,3.0,6.619406317542652
49.5,4.0,1,23.0,33.0,"Developer, back-end",,,Software Development,ARG,5.0,4.0,55000.0,2.0,
39.5,6.0,0,15.0,25.0,"Developer, full-stack",0.0,In-person,Other:,FRA,7.0,5.0,75410.0,3.0,4.085976312551584
29.5,4.0,0,10.0,10.0,"Developer, mobile",0.0,Remote,Retail and Consumer Services,DEU,1.0,,88171.0,3.0,5.702114417555504
77.5,6.0,0,35.0,25.0,Academic researcher,0.0,"Hybrid (some remote, leans heavy to in-person)",Higher Education,ESP,6.0,4.0,34804.0,3.0,9.903487552536127
59.5,4.0,0,35.0,20.0,Engineering manager,1.0,Remote,Software Development,USA,8.0,4.0,250000.0,3.0,6.619406317542652
29.5,5.0,0,8.0,10.0,"Developer, full-stack",0.0,"Your choice (very flexible, you can come in when you want or just as needed)",Software Development,FIN,6.0,3.0,69609.0,3.0,5.702114417555504
49.5,4.0,0,24.0,26.0,"Architect, software or solutions",0.0,Remote,Software Development,ESP,8.0,3.0,522066.0,3.0,9.903487552536127
29.5,5.0,0,13.0,16.0,AI/ML engineer,0.0,Remote,Software Development,CAN,7.0,,145917.0,3.0,9.903487552536127
29.5,5.0,0,14.0,20.0,"Developer, embedded applications or devices",0.0,"Hybrid (some in-person, leans heavy to flexibility)",Software Development,SRB,5.0,,30689.0,2.0,8.006200887093147
39.5,2.0,0,22.0,26.0,"Developer, desktop or enterprise applications",0.0,Remote,Software Development,TTO,1.0,1.0,30920.0,3.0,4.085976312551584
39.5,5.0,0,13.0,17.0,Other (please specify):,0.0,In-person,Computer Systems Design and Services,DEU,3.0,,197225.0,3.0,9.903487552536127
29.5,,0,2.0,4.0,"Developer, full-stack",0.0,"Your choice (very flexible, you can come in when you want or just as needed)","Internet, Telecomm or Information Services",CAN,7.0,2.0,45234.0,3.0,5.702114417555504
49.5,2.0,1,25.0,35.0,"Architect, software or solutions",1.0,"Hybrid (some in-person, leans heavy to flexibility)",Software Development,SWE,5.0,4.0,88050.0,3.0,2.302585092994046
39.5,2.0,0,17.0,25.0,"Developer, back-end",0.0,"Your choice (very flexible, you can come in when you want or just as needed)",Software Development,USA,8.0,2.0,840000.0,3.0,9.903487552536127
29.5,2.0,1,15.0,20.0,"Developer, full-stack",0.0,Remote,Media & Advertising Services,POL,5.0,3.0,100000.0,3.0,2.302585092994046
29.5,4.0,0,10.0,17.0,"Developer, full-stack",0.0,Remote,Other:,USA,9.0,6.0,128000.0,3.0,6.619406317542652
21.0,4.0,0,1.0,11.0,Cybersecurity or InfoSec professional,0.0,Remote,Computer Systems Design and Services,GBR,17.0,,120145.0,3.0,9.903487552536127
39.5,4.0,0,12.0,16.0,"Developer, full-stack",0.0,"Hybrid (some remote, leans heavy to in-person)",Software Development,ISR,7.0,3.0,148248.0,3.0,5.702114417555504
29.5,4.0,0,8.0,18.0,"Developer, embedded applications or devices",0.0,Remote,Software Development,DEU,6.0,,139218.0,3.0,9.903487552536127
29.5,3.0,0,15.0,15.0,DevOps engineer or professional,0.0,Remote,Software Development,CAN,6.0,6.0,109438.0,3.0,5.702114417555504
39.5,4.0,0,14.0,14.0,"Developer, back-end",0.0,"Hybrid (some in-person, leans heavy to flexibility)",Media & Advertising Services,USA,5.0,4.0,173250.0,3.0,4.085976312551584
39.5,5.0,0,17.0,18.0,"Developer, full-stack",0.0,Remote,Software Development,LBN,5.0,1.0,47000.0,1.0,5.702114417555504
29.5,5.0,0,4.0,7.0,"Developer, back-end",0.0,Remote,Software Development,GBR,5.0,1.0,54457.0,3.0,5.702114417555504
49.5,4.0,0,23.0,28.0,"Developer, embedded applications or devices",0.0,In-person,Manufacturing,PRT,8.0,4.0,34804.0,3.0,4.085976312551584
39.5,4.0,0,11.0,26.0,"Developer, back-end",0.0,Remote,Fintech,USA,2.0,5.0,250000.0,3.0,5.702114417555504
49.5,4.0,0,20.0,20.0,"Architect, software or solutions",1.0,"Hybrid (some in-person, leans heavy to flexibility)",Healthcare,GBR,3.0,2.0,81685.0,3.0,8.006200887093147
21.0,4.0,0,1.0,5.0,"Developer, front-end",0.0,"Hybrid (some remote, leans heavy to in-person)",Software Development,IND,7.0,3.0,6974.0,1.0,6.619406317542652
29.5,1.0,0,10.0,12.0,"Developer, full-stack",0.0,Remote,Software Development,ITA,5.0,2.0,54527.0,3.0,4.085976312551584
49.5,4.0,0,21.0,28.0,"Architect, software or solutions",0.0,Remote,Other:,CAN,9.0,3.0,218875.0,3.0,9.903487552536127
29.5,1.0,1,7.0,10.0,"Developer, mobile",0.0,Remote,Software Development,BIH,1.0,,118666.0,2.0,5.702114417555504
49.5,4.0,0,23.0,27.0,DevOps engineer or professional,0.0,"Hybrid (some remote, leans heavy to in-person)",Software Development,USA,11.0,8.0,200000.0,3.0,8.922591630635415
21.0,4.0,0,3.0,7.0,"Developer, full-stack",0.0,Remote,Software Development,IND,8.0,,6393.0,1.0,9.903487552536127
49.5,4.0,0,30.0,40.0,DevOps engineer or professional,0.0,Remote,Software Development,USA,6.0,2.0,185000.0,3.0,8.006200887093147
39.5,4.0,1,20.0,32.0,"Architect, software or solutions",0.0,Remote,Software Development,ROU,9.0,9.0,207685.0,3.0,5.702114417555504
29.5,5.0,0,5.0,12.0,Academic researcher,0.0,"Hybrid (some remote, leans heavy to in-person)",Manufacturing,BRA,8.0,1.0,36407.0,2.0,6.619406317542652
49.5,5.0,0,27.0,42.0,"Architect, software or solutions",0.0,Remote,"Internet, Telecomm or Information Services",USA,9.0,1.0,182000.0,3.0,4.085976312551584
77.5,6.0,0,40.0,40.0,"Developer, AI apps or physical AI",0.0,"Hybrid (some remote, leans heavy to in-person)",Software Development,ARG,8.0,,80000.0,2.0,2.302585092994046
29.5,4.0,0,12.0,6.0,"Developer, full-stack",0.0,"Hybrid (some in-person, leans heavy to flexibility)",Government,USA,1.0,5.0,105000.0,3.0,4.085976312551584
39.5,5.0,0,13.0,18.0,"Developer, full-stack",0.0,In-person,"Transportation, or Supply Chain",USA,8.0,6.0,90000.0,3.0,2.302585092994046
49.5,5.0,0,25.0,35.0,"Developer, back-end",0.0,Remote,Software Development,BLR,4.0,2.0,14676.0,2.0,4.085976312551584
29.5,5.0,0,5.0,7.0,Data scientist,0.0,Remote,Software Development,COL,5.0,8.0,48937.0,2.0,9.903487552536127
39.5,4.0,0,8.0,15.0,"Developer, full-stack",0.0,"Your choice (very flexible, you can come in when you want or just as needed)",Software Development,DEU,12.0,1.0,82950.0,3.0,5.702114417555504
29.5,4.0,0,8.0,11.0,"Developer, full-stack",1.0,Remote,Energy,USA,5.0,2.0,110000.0,3.0,8.006200887093147
39.5,5.0,0,15.0,18.0,"Architect, software or solutions",0.0,"Your choice (very flexible, you can come in when you want or just as needed)",Manufacturing,FIN,8.0,5.0,104413.0,3.0,5.702114417555504
29.5,4.0,0,10.0,13.0,"Developer, full-stack",0.0,"Hybrid (some remote, leans heavy to in-person)",Software Development,USA,3.0,1.0,350000.0,3.0,9.903487552536127
59.5,5.0,0,18.0,41.0,"Developer, full-stack",0.0,Remote,Software Development,AUS,6.0,4.0,84512.0,3.0,2.302585092994046
39.5,4.0,0,16.0,24.0,"Developer, full-stack",0.0,"Hybrid (some remote, leans heavy to in-person)",Other:,FRA,5.0,4.0,220428.0,3.0,5.702114417555504
29.5,2.0,0,9.0,13.0,"Developer, front-end",0.0,Remote,Software Development,DEU,8.0,2.0,98612.0,3.0,5.702114417555504
39.5,4.0,0,20.0,33.0,"Developer, full-stack",1.0,"Hybrid (some in-person, leans heavy to flexibility)",Software Development,NLD,6.0,2.0,81210.0,3.0,2.302585092994046
39.5,5.0,0,11.0,6.0,Data engineer,0.0,Remote,Banking/Financial Services,IND,6.0,3.0,31385.0,1.0,5.702114417555504
29.5,4.0,1,12.0,8.0,"Developer, full-stack",,,Software Development,BRA,7.0,2.0,21844.0,2.0,
29.5,4.0,0,11.0,8.0,"Developer, full-stack",0.0,"Hybrid (some in-person, leans heavy to flexibility)",Insurance,USA,2.0,1.0,135000.0,3.0,4.085976312551584
59.5,4.0,1,30.0,35.0,"Architect, software or solutions",,,Software Development,USA,9.0,13.0,250000.0,3.0,
39.5,5.0,0,14.0,14.0,Data engineer,0.0,Remote,Other:,DEU,,1.0,92812.0,3.0,6.619406317542652
39.5,4.0,0,12.0,13.0,"Developer, full-stack",1.0,"Hybrid (some in-person, leans heavy to flexibility)",Software Development,TUR,8.0,3.0,45446.0,2.0,5.702114417555504
21.0,4.0,0,3.0,6.0,Other (please specify):,1.0,"Your choice (very flexible, you can come in when you want or just as needed)",Software Development,IND,14.0,8.0,11624.0,1.0,4.085976312551584
29.5,2.0,0,11.0,14.0,"Developer, full-stack",0.0,Remote,Software Development,ESP,6.0,2.0,96524.0,3.0,4.085976312551584
39.5,5.0,0,13.0,13.0,"Developer, front-end",0.0,"Hybrid (some remote, leans heavy to in-person)",Software Development,DNK,1.0,1.0,100777.0,3.0,2.302585092994046
29.5,4.0,0,4.0,7.0,"Developer, game or graphics",0.0,In-person,Software Development,ESP,5.0,4.0,25523.0,3.0,4.085976312551584
49.5,5.0,0,28.0,32.0,"Developer, desktop or enterprise applications",0.0,"Your choice (very flexible, you can come in when you want or just as needed)",Software Development,DEU,10.0,2.0,92812.0,3.0,2.302585092994046
49.5,4.0,0,24.0,30.0,"Developer, embedded applications or devices",0.0,"Hybrid (some remote, leans heavy to in-person)",Manufacturing,USA,9.0,1.0,120000.0,3.0,2.302585092994046
39.5,4.0,0,18.0,25.0,"Developer, full-stack",0.0,"Hybrid (some in-person, leans heavy to flexibility)",Higher Education,CAN,12.0,6.0,86820.0,3.0,8.006200887093147
29.5,4.0,0,8.0,13.0,"Developer, full-stack",0.0,"Hybrid (some remote, leans heavy to in-person)",Software Development,USA,4.0,3.0,132000.0,3.0,5.702114417555504
39.5,5.0,0,8.0,12.0,"Developer, embedded applications or devices",0.0,"Your choice (very flexible, you can come in when you want or just as needed)",Software Development,DEU,4.0,,98612.0,3.0,6.619406317542652
29.5,5.0,0,10.0,15.0,Data engineer,1.0,"Hybrid (some remote, leans heavy to in-person)",Fintech,SVK,3.0,3.0,116015.0,3.0,5.702114417555504
39.5,4.0,1,16.0,19.0,"Developer, desktop or enterprise applications",,,Computer Systems Design and Services,PER,1.0,,34827.0,2.0,
29.5,4.0,0,12.0,10.0,"Developer, full-stack",0.0,Remote,Software Development,USA,5.0,2.0,100000.0,3.0,2.302585092994046
29.5,4.0,0,10.0,14.0,"Developer, full-stack",0.0,Remote,Software Development,USA,4.0,2.0,210000.0,3.0,4.085976312551584
29.5,5.0,0,10.0,13.0,Data scientist,0.0,Remote,Banking/Financial Services,USA,1.0,,100000.0,3.0,8.006200887093147
39.5,4.0,0,11.0,22.0,"Developer, embedded applications or devices",0.0,"Hybrid (some remote, leans heavy to in-person)",Software Development,HUN,13.0,,30796.0,3.0,5.702114417555504
29.5,2.0,0,5.0,10.0,"Developer, front-end",0.0,Remote,Fintech,GRC,5.0,4.0,47102.0,3.0,
39.5,2.0,0,23.0,30.0,DevOps engineer or professional,0.0,"Hybrid (some remote, leans heavy to in-person)",Energy,USA,8.0,8.0,122000.0,3.0,8.922591630635415
29.5,5.0,0,4.0,7.0,AI/ML engineer,0.0,"Hybrid (some in-person, leans heavy to flexibility)",Healthcare,FRA,7.0,4.0,75410.0,3.0,2.302585092994046
39.5,4.0,0,14.0,14.0,"Developer, front-end",0.0,Remote,Software Development,USA,4.0,3.0,275000.0,3.0,6.619406317542652
29.5,4.0,0,1.0,4.0,"Developer, full-stack",,,Manufacturing,CAN,12.0,3.0,36479.0,3.0,4.085976312551584
29.5,4.0,1,6.0,8.0,"Developer, game or graphics",,,Software Development,HRV,1.0,,17402.0,3.0,
39.5,2.0,0,14.0,30.0,"Developer, full-stack",0.0,"Hybrid (some remote, leans heavy to in-person)",Manufacturing,NLD,7.0,,41765.0,3.0,4.085976312551584
49.5,5.0,0,28.0,40.0,"Developer, back-end",0.0,Remote,Software Development,USA,4.0,,200000.0,3.0,4.085976312551584
29.5,5.0,0,9.0,17.0,"Developer, embedded applications or devices",0.0,"Hybrid (some remote, leans heavy to in-person)","Internet, Telecomm or Information Services",FRA,,3.0,63808.0,3.0,4.085976312551584
29.5,4.0,0,9.0,15.0,"Developer, full-stack",0.0,"Hybrid (some in-person, leans heavy to flexibility)",Software Development,GRC,5.0,1.0,41025.0,3.0,2.302585092994046
49.5,4.0,0,20.0,30.0,"Developer, full-stack",0.0,In-person,Government,USA,9.0,2.0,90000.0,3.0,8.006200887093147
59.5,3.0,1,28.0,30.0,"Developer, full-stack",,,"Transportation, or Supply Chain",CAN,4.0,3.0,72958.0,3.0,
39.5,4.0,0,17.0,3.0,"Developer, back-end",0.0,Remote,Retail and Consumer Services,USA,4.0,,108160.0,3.0,9.903487552536127
39.5,5.0,0,15.0,25.0,"Senior executive (C-suite, VP, etc.)",1.0,Remote,Software Development,USA,6.0,2.0,225000.0,3.0,4.085976312551584
29.5,5.0,0,5.0,5.0,AI/ML engineer,0.0,Remote,Banking/Financial Services,BRA,4.0,6.0,52791.0,2.0,8.006200887093147
39.5,4.0,0,20.0,24.0,System administrator,0.0,"Hybrid (some in-person, leans heavy to flexibility)",Energy,USA,3.0,1.0,127000.0,3.0,5.702114417555504
29.5,4.0,0,10.0,10.0,"Developer, full-stack",0.0,"Your choice (very flexible, you can come in when you want or just as needed)",Software Development,DEU,12.0,6.0,116015.0,3.0,5.702114417555504
29.5,5.0,0,5.0,9.0,"Developer, back-end",0.0,Remote,Banking/Financial Services,UKR,4.0,5.0,26459.0,2.0,9.903487552536127
21.0,,0,3.0,14.0,"Developer, desktop or enterprise applications",0.0,In-person,Retail and Consumer Services,DEU,13.0,3.0,16242.0,3.0,4.085976312551584
39.5,5.0,0,16.0,22.0,"Developer, full-stack",0.0,"Hybrid (some remote, leans heavy to in-person)",Banking/Financial Services,POL,4.0,3.0,81870.0,3.0,5.702114417555504
39.5,5.0,0,12.0,17.0,"Developer, back-end",0.0,Remote,Fintech,ESP,3.0,3.0,162421.0,3.0,8.006200887093147
49.5,2.0,0,24.0,30.0,"Developer, full-stack",0.0,"Hybrid (some in-person, leans heavy to flexibility)",Software Development,SWE,5.0,5.0,69182.0,3.0,9.903487552536127
39.5,4.0,0,14.0,18.0,"Developer, full-stack",0.0,Remote,Software Development,USA,6.0,4.0,215000.0,3.0,5.702114417555504
39.5,5.0,1,10.0,15.0,"Architect, software or solutions",,,Software Development,BEL,4.0,,150819.0,3.0,
59.5,1.0,1,40.0,40.0,"Developer, front-end",0.0,"Hybrid (some remote, leans heavy to in-person)",Software Development,ITA,3.0,4.0,52207.0,3.0,0.0
39.5,4.0,0,23.0,25.0,DevOps engineer or professional,0.0,In-person,,USA,7.0,6.0,87000.0,3.0,4.085976312551584
59.5,1.0,0,45.0,47.0,"Developer, mobile",0.0,Remote,Software Development,USA,,,132000.0,3.0,2.302585092994046
29.5,4.0,1,12.0,17.0,"Developer, full-stack",0.0,Remote,Software Development,IND,5.0,4.0,13949.0,1.0,0.0
49.5,5.0,0,25.0,27.0,"Developer, full-stack",0.0,Remote,Software Development,GBR,5.0,3.0,92576.0,3.0,4.085976312551584
29.5,4.0,0,3.0,9.0,"Developer, full-stack",0.0,Remote,Software Development,CAN,4.0,2.0,98494.0,3.0,5.702114417555504
49.5,4.0,0,20.0,30.0,"Developer, full-stack",0.0,Remote,Media & Advertising Services,USA,5.0,3.0,55000.0,3.0,2.302585092994046
39.5,2.0,0,10.0,12.0,"Developer, full-stack",0.0,Remote,Software Development,USA,7.0,2.0,118251.0,3.0,9.903487552536127
39.5,4.0,0,7.0,10.0,"Developer, full-stack",0.0,"Hybrid (some in-person, leans heavy to flexibility)",Software Development,CHE,7.0,2.0,136392.0,3.0,8.006200887093147
39.5,,0,3.0,5.0,"Developer, back-end",0.0,Remote,Software Development,UKR,,7.0,33000.0,2.0,5.702114417555504
29.5,5.0,0,3.0,13.0,"Developer, full-stack",0.0,"Your choice (very flexible, you can come in when you want or just as needed)",Software Development,AUT,12.0,6.0,64968.0,3.0,5.702114417555504
39.5,4.0,0,20.0,25.0,"Architect, software or solutions",0.0,"Hybrid (some in-person, leans heavy to flexibility)",Software Development,ISR,3.0,2.0,205900.0,3.0,9.903487552536127
21.0,4.0,0,1.0,13.0,"Developer, back-end",0.0,"Hybrid (some remote, leans heavy to in-person)",Software Development,BEL,8.0,6.0,55687.0,3.0,4.085976312551584
39.5,5.0,0,13.0,20.0,"Developer, full-stack",0.0,Remote,Government,USA,11.0,5.0,130000.0,3.0,5.702114417555504
21.0,4.0,0,3.0,10.0,Data scientist,0.0,In-person,Fintech,USA,5.0,2.0,80000.0,3.0,2.302585092994046
39.5,5.0,1,15.0,15.0,"Developer, full-stack",,,Computer Systems Design and Services,DEU,10.0,4.0,116015.0,3.0,
39.5,1.0,0,25.0,32.0,"Architect, software or solutions",1.0,Remote,Software Development,GBR,7.0,9.0,84408.0,3.0,2.302585092994046
29.5,6.0,0,7.0,8.0,"Developer, desktop or enterprise applications",0.0,"Hybrid (some remote, leans heavy to in-person)",Software Development,CHE,6.0,3.0,157471.0,3.0,8.006200887093147
39.5,2.0,0,26.0,27.0,"Developer, back-end",0.0,Remote,Software Development,GBR,5.0,3.0,176984.0,3.0,5.702114417555504
59.5,4.0,0,35.0,45.0,"Developer, full-stack",0.0,"Hybrid (some remote, leans heavy to in-person)",Software Development,USA,7.0,2.0,135000.0,3.0,8.006200887093147
39.5,4.0,0,9.0,12.0,Data engineer,0.0,Remote,Healthcare,USA,11.0,7.0,140000.0,3.0,4.085976312551584
29.5,2.0,1,6.0,10.0,"Developer, front-end",,,Energy,UKR,1.0,,83882.0,2.0,
29.5,4.0,0,3.0,8.0,"Developer, back-end",0.0,Remote,Software Development,IND,3.0,2.0,15111.0,1.0,4.085976312551584
49.5,5.0,0,20.0,25.0,"Developer, back-end",0.0,"Hybrid (some in-person, leans heavy to flexibility)",Banking/Financial Services,AUS,3.0,3.0,117017.0,3.0,9.903487552536127
59.5,4.0,0,33.0,30.0,"Developer, full-stack",0.0,Remote,Software Development,USA,6.0,2.0,162000.0,3.0,5.702114417555504
39.5,4.0,0,9.0,10.0,"Developer, full-stack",0.0,In-person,Healthcare,IDN,5.0,3.0,6312.0,2.0,5.702114417555504
59.5,4.0,0,37.0,40.0,"Developer, mobile",0.0,Remote,Healthcare,CAN,9.0,2.0,80254.0,3.0,9.903487552536127
39.5,4.0,0,7.0,8.0,"Developer, full-stack",0.0,"Hybrid (some in-person, leans heavy to flexibility)",Media & Advertising Services,USA,7.0,3.0,228000.0,3.0,9.903487552536127
39.5,5.0,0,8.0,10.0,"Developer, full-stack",0.0,"Hybrid (some in-person, leans heavy to flexibility)",Government,CZE,7.0,4.0,28083.0,3.0,5.702114417555504
29.5,4.0,0,15.0,18.0,"Developer, full-stack",0.0,In-person,Higher Education,SWE,8.0,5.0,52411.0,3.0,5.702114417555504
39.5,5.0,0,12.0,18.0,"Developer, front-end",0.0,Remote,Software Development,USA,6.0,4.0,212000.0,3.0,6.619406317542652
29.5,5.0,0,8.0,8.0,"Developer, desktop or enterprise applications",0.0,In-person,Software Development,IND,,,27316.0,1.0,9.903487552536127
21.0,4.0,0,2.0,9.0,Data engineer,0.0,In-person,"Transportation, or Supply Chain",MYS,6.0,6.0,14138.0,2.0,4.085976312551584
29.5,4.0,0,7.0,12.0,"Architect, software or solutions",,,Software Development,AUS,4.0,6.0,143021.0,3.0,8.006200887093147
39.5,5.0,0,8.0,25.0,"Developer, full-stack",0.0,"Hybrid (some remote, leans heavy to in-person)",Other:,DEU,6.0,3.0,75410.0,3.0,6.619406317542652
39.5,5.0,0,15.0,20.0,"Architect, software or solutions",1.0,Remote,Other:,AUS,3.0,4.0,208030.0,3.0,6.619406317542652
49.5,3.0,0,4.0,6.0,"Developer, full-stack",0.0,Remote,Healthcare,ESP,3.0,1.0,38285.0,3.0,8.006200887093147
39.5,4.0,0,18.0,26.0,"Developer, back-end",0.0,Remote,Software Development,USA,4.0,1.0,186000.0,3.0,4.085976312551584
29.5,5.0,0,6.0,2.0,Data or business analyst,0.0,In-person,Healthcare,IND,1.0,,5231.0,1.0,4.085976312551584
21.0,4.0,0,,3.0,"Developer, desktop or enterprise applications",0.0,In-person,Software Development,,11.0,,29847.0,,4.085976312551584
39.5,2.0,1,17.0,17.0,"Developer, full-stack",0.0,Remote,Software Development,GBR,6.0,2.0,137503.0,3.0,2.302585092994046
21.0,4.0,0,1.0,4.0,"Developer, back-end",0.0,In-person,Healthcare,IND,5.0,7.0,3952.0,1.0,5.702114417555504
49.5,2.0,0,25.0,30.0,"Developer, desktop or enterprise applications",0.0,"Hybrid (some in-person, leans heavy to flexibility)",Computer Systems Design and Services,ESP,5.0,,69609.0,3.0,4.085976312551584
39.5,4.0,0,8.0,9.0,"Developer, full-stack",,,Other:,DEU,5.0,2.0,90491.0,3.0,2.302585092994046
29.5,2.0,0,,4.0,"Developer, back-end",,In-person,Software Development,ITA,7.0,2.0,28424.0,3.0,2.302585092994046
39.5,4.0,0,12.0,17.0,"Architect, software or solutions",0.0,"Hybrid (some remote, leans heavy to in-person)",Banking/Financial Services,IND,4.0,2.0,41846.0,1.0,9.903487552536127
39.5,5.0,0,21.0,30.0,"Founder, technology or otherwise",1.0,Remote,Software Development,GBR,6.0,1.0,114359.0,3.0,4.085976312551584
39.5,6.0,0,4.0,7.0,"Developer, full-stack",0.0,Remote,Software Development,NGA,7.0,3.0,1614.0,1.0,2.302585092994046
29.5,4.0,0,11.0,18.0,"Developer, full-stack",0.0,"Hybrid (some in-person, leans heavy to flexibility)",Software Development,ITA,4.0,2.0,52207.0,3.0,2.302585092994046
39.5,1.0,0,10.0,13.0,"Developer, front-end",0.0,In-person,Software Development,BGR,1.0,,34161.0,3.0,8.006200887093147
39.5,5.0,0,19.0,23.0,Engineering manager,1.0,"Hybrid (some in-person, leans heavy to flexibility)",Energy,GBR,3.0,1.0,115720.0,3.0,5.702114417555504
29.5,5.0,1,8.0,13.0,"Developer, back-end",,,Software Development,SVK,5.0,6.0,37125.0,3.0,
49.5,4.0,0,28.0,28.0,Engineering manager,1.0,"Your choice (very flexible, you can come in when you want or just as needed)",Software Development,GBR,9.0,2.0,122527.0,3.0,8.922591630635415
39.5,5.0,0,15.0,18.0,"Developer, full-stack",1.0,"Hybrid (some remote, leans heavy to in-person)",Software Development,FRA,8.0,2.0,63808.0,3.0,4.085976312551584
59.5,5.0,1,30.0,40.0,"Developer, full-stack",1.0,"Hybrid (some remote, leans heavy to in-person)",Software Development,ITA,13.0,7.0,81210.0,3.0,2.302585092994046
49.5,6.0,1,20.0,25.0,"Developer, embedded applications or devices",0.0,"Hybrid (some in-person, leans heavy to flexibility)",Computer Systems Design and Services,TUR,3.0,,37872.0,2.0,0.0
39.5,5.0,0,7.0,10.0,"Developer, full-stack",0.0,"Your choice (very flexible, you can come in when you want or just as needed)",Software Development,BGR,1.0,,29653.0,3.0,5.702114417555504
29.5,4.0,0,9.0,14.0,Data engineer,0.0,"Hybrid (some in-person, leans heavy to flexibility)",Fintech,SWE,4.0,2.0,89098.0,3.0,6.619406317542652
29.5,2.0,0,,,"Developer, full-stack",0.0,"Hybrid (some remote, leans heavy to in-person)",Software Development,IND,3.0,,6974.0,1.0,4.085976312551584
39.5,4.0,0,10.0,10.0,"Developer, full-stack",1.0,"Hybrid (some in-person, leans heavy to flexibility)",Fintech,RUS,5.0,3.0,76556.0,3.0,6.619406317542652
21.0,4.0,0,1.0,8.0,"Developer, front-end",0.0,"Hybrid (some in-person, leans heavy to flexibility)",Software Development,ZAF,,,18943.0,2.0,8.006200887093147
39.5,5.0,0,15.0,22.0,"Developer, full-stack",0.0,Remote,Software Development,FIN,6.0,2.0,160100.0,3.0,4.085976312551584
29.5,5.0,0,3.0,16.0,AI/ML engineer,0.0,"Your choice (very flexible, you can come in when you want or just as needed)",Software Development,DEU,7.0,1.0,119495.0,3.0,8.006200887093147
59.5,4.0,0,30.0,35.0,"Developer, full-stack",0.0,Remote,Higher Education,USA,5.0,4.0,150000.0,3.0,9.903487552536127
29.5,5.0,0,5.0,7.0,Project manager,0.0,"Hybrid (some remote, leans heavy to in-person)",Energy,SWE,5.0,4.0,62893.0,3.0,2.302585092994046
29.5,2.0,0,10.0,12.0,"Founder, technology or otherwise",1.0,In-person,Software Development,IND,5.0,2.0,4650.0,1.0,2.302585092994046
29.5,5.0,0,8.0,8.0,Data scientist,0.0,"Hybrid (some in-person, leans heavy to flexibility)",Other:,DEU,1.0,1.0,116015.0,3.0,8.006200887093147
39.5,4.0,0,15.0,17.0,"Architect, software or solutions",1.0,Remote,Software Development,IND,5.0,6.0,52308.0,1.0,9.903487552536127
39.5,5.0,0,22.0,27.0,"Developer, desktop or enterprise applications",0.0,In-person,Software Development,FRA,2.0,3.0,93972.0,3.0,8.922591630635415
21.0,1.0,1,3.0,8.0,"Developer, full-stack",0.0,"Your choice (very flexible, you can come in when you want or just as needed)",Software Development,YEM,8.0,3.0,500.0,0.0,0.0
29.5,2.0,1,8.0,8.0,"Developer, mobile",,,Insurance,POL,7.0,3.0,125296.0,3.0,
39.5,5.0,0,13.0,15.0,"Developer, full-stack",0.0,In-person,"Internet, Telecomm or Information Services",FRA,6.0,1.0,58007.0,3.0,2.302585092994046
39.5,5.0,0,10.0,5.0,Applied scientist,0.0,"Your choice (very flexible, you can come in when you want or just as needed)",Computer Systems Design and Services,AUT,6.0,8.0,87011.0,3.0,8.006200887093147
29.5,5.0,0,,6.0,"Developer, desktop or enterprise applications",0.0,In-person,Retail and Consumer Services,FRA,8.0,3.0,35965.0,3.0,4.085976312551584
39.5,1.0,0,5.0,10.0,"Developer, full-stack",0.0,"Hybrid (some remote, leans heavy to in-person)",Software Development,ITA,5.0,1.0,15082.0,3.0,4.085976312551584
39.5,5.0,0,14.0,17.0,"Developer, back-end",0.0,"Hybrid (some remote, leans heavy to in-person)",Software Development,IRL,5.0,,185623.0,3.0,9.903487552536127
29.5,5.0,1,8.0,10.0,"Developer, full-stack",0.0,"Hybrid (some remote, leans heavy to in-person)",Software Development,FRA,5.0,2.0,58007.0,3.0,0.0
29.5,5.0,0,7.0,12.0,Other (please specify):,1.0,"Hybrid (some in-person, leans heavy to flexibility)",Other:,NOR,7.0,3.0,74120.0,3.0,5.702114417555504
39.5,4.0,0,18.0,22.0,"Developer, back-end",0.0,Remote,Retail and Consumer Services,BRA,5.0,2.0,81917.0,2.0,5.702114417555504
49.5,5.0,0,10.0,7.0,"Developer, back-end",0.0,Remote,Software Development,GBR,4.0,,115720.0,3.0,9.903487552536127
49.5,5.0,0,25.0,25.0,"Developer, back-end",0.0,In-person,Banking/Financial Services,SGP,3.0,,624897.0,3.0,8.006200887093147
39.5,5.0,0,20.0,30.0,"Architect, software or solutions",0.0,"Hybrid (some remote, leans heavy to in-person)",Software Development,DEU,3.0,,139218.0,3.0,8.006200887093147
29.5,4.0,1,7.0,10.0,"Developer, full-stack",0.0,"Hybrid (some in-person, leans heavy to flexibility)",Software Development,USA,12.0,10.0,300000.0,3.0,0.0
29.5,4.0,1,12.0,20.0,Other (please specify):,,,Other:,GBR,5.0,,54112.0,3.0,
29.5,4.0,0,12.0,12.0,DevOps engineer or professional,0.0,Remote,Healthcare,GBR,6.0,3.0,122527.0,3.0,5.702114417555504
39.5,5.0,0,13.0,15.0,Engineering manager,1.0,"Hybrid (some in-person, leans heavy to flexibility)",Software Development,IND,3.0,6.0,75556.0,1.0,9.903487552536127
29.5,4.0,0,5.0,11.0,"Developer, full-stack",0.0,"Your choice (very flexible, you can come in when you want or just as needed)",Software Development,SVN,,,46406.0,3.0,4.085976312551584
29.5,5.0,0,1.0,9.0,"Developer, desktop or enterprise applications",0.0,"Hybrid (some remote, leans heavy to in-person)",Fintech,DEU,5.0,2.0,55687.0,3.0,5.702114417555504
29.5,4.0,0,3.0,7.0,"Developer, full-stack",0.0,"Hybrid (some in-person, leans heavy to flexibility)",Healthcare,USA,7.0,4.0,80000.0,3.0,5.702114417555504
21.0,2.0,0,3.0,5.0,"Developer, full-stack",0.0,Remote,Software Development,COL,6.0,3.0,14800.0,2.0,5.702114417555504
21.0,4.0,0,1.0,6.0,"Developer, full-stack",0.0,"Hybrid (some remote, leans heavy to in-person)",Software Development,DNK,,,76205.0,3.0,5.702114417555504
29.5,5.0,0,12.0,20.0,"Developer, full-stack",0.0,Remote,"Transportation, or Supply Chain",IND,11.0,5.0,116240.0,1.0,2.302585092994046
39.5,4.0,1,14.0,20.0,"Developer, mobile",,,Software Development,ITA,3.0,,34804.0,3.0,
39.5,6.0,0,16.0,18.0,"Senior executive (C-suite, VP, etc.)",1.0,"Hybrid (some remote, leans heavy to in-person)",Energy,USA,11.0,4.0,140000.0,3.0,2.302585092994046
39.5,6.0,0,11.0,8.0,"Developer, back-end",0.0,Remote,"Transportation, or Supply Chain",COL,3.0,3.0,32445.0,2.0,8.006200887093147
29.5,4.0,0,13.0,23.0,"Developer, embedded applications or devices",0.0,"Hybrid (some remote, leans heavy to in-person)",Government,USA,11.0,1.0,120000.0,3.0,9.903487552536127
29.5,4.0,0,10.0,10.0,"Developer, full-stack",1.0,In-person,Software Development,IND,6.0,3.0,11391.0,1.0,4.085976312551584
49.5,4.0,0,30.0,30.0,"Developer, back-end",0.0,"Hybrid (some remote, leans heavy to in-person)",Government,CAN,1.0,,58367.0,3.0,9.903487552536127
49.5,6.0,0,7.0,23.0,"Developer, back-end",0.0,"Your choice (very flexible, you can come in when you want or just as needed)",Software Development,DEU,5.0,2.0,34804.0,3.0,8.006200887093147
39.5,4.0,1,10.0,15.0,"Developer, full-stack",1.0,"Your choice (very flexible, you can come in when you want or just as needed)",Software Development,NGA,5.0,6.0,7748.0,1.0,2.302585092994046
39.5,5.0,0,20.0,20.0,"Developer, full-stack",0.0,"Hybrid (some in-person, leans heavy to flexibility)",Software Development,AUT,7.0,2.0,69609.0,3.0,4.085976312551584
49.5,6.0,0,18.0,38.0,"Developer, desktop or enterprise applications",0.0,"Your choice (very flexible, you can come in when you want or just as needed)",Banking/Financial Services,DEU,5.0,4.0,139218.0,3.0,8.006200887093147
49.5,5.0,0,22.0,30.0,Data engineer,0.0,"Your choice (very flexible, you can come in when you want or just as needed)",Software Development,ISR,7.0,4.0,173544.0,3.0,5.702114417555504
49.5,6.0,0,25.0,30.0,Engineering manager,1.0,"Hybrid (some remote, leans heavy to in-person)",Software Development,FRA,7.0,1.0,73669.0,3.0,2.302585092994046
29.5,5.0,0,5.0,8.0,"Developer, back-end",0.0,"Hybrid (some remote, leans heavy to in-person)",Other:,CZE,4.0,2.0,38381.0,3.0,5.702114417555504
29.5,4.0,0,2.0,9.0,"Developer, full-stack",0.0,"Your choice (very flexible, you can come in when you want or just as needed)",Manufacturing,DEU,7.0,4.0,63344.0,3.0,5.702114417555504
29.5,4.0,0,3.0,6.0,"Developer, full-stack",0.0,"Hybrid (some in-person, leans heavy to flexibility)",Retail and Consumer Services,UKR,9.0,1.0,11504.0,2.0,2.302585092994046
21.0,4.0,0,2.0,6.0,Data scientist,0.0,"Hybrid (some remote, leans heavy to in-person)",Other:,NLD,8.0,2.0,69609.0,3.0,8.006200887093147
29.5,5.0,0,6.0,11.0,"Developer, back-end",0.0,"Hybrid (some in-person, leans heavy to flexibility)","Internet, Telecomm or Information Services",DEU,6.0,,116015.0,3.0,9.903487552536127
49.5,4.0,0,27.0,37.0,"Developer, embedded applications or devices",0.0,Remote,Software Development,IRL,5.0,1.0,122976.0,3.0,4.085976312551584
59.5,5.0,0,36.0,40.0,"Developer, full-stack",0.0,Remote,Software Development,BRA,7.0,5.0,136528.0,2.0,8.922591630635415
49.5,2.0,0,24.0,34.0,Support engineer or analyst,0.0,Remote,Software Development,ESP,2.0,,95132.0,3.0,9.903487552536127
59.5,5.0,1,30.0,40.0,"Architect, software or solutions",,,Software Development,DEU,10.0,3.0,92812.0,3.0,
39.5,4.0,0,16.0,17.0,"Developer, full-stack",0.0,Remote,Banking/Financial Services,BRA,,,67354.0,2.0,8.006200887093147
21.0,4.0,0,2.0,5.0,"Developer, full-stack",0.0,Remote,Software Development,USA,8.0,5.0,240000.0,3.0,2.302585092994046
39.5,5.0,0,16.0,16.0,"Developer, full-stack",1.0,In-person,Fintech,CHE,9.0,5.0,163671.0,3.0,5.702114417555504
21.0,4.0,1,3.0,3.0,"Developer, full-stack",0.0,Remote,Software Development,PAK,6.0,,1580.0,1.0,2.302585092994046
49.5,4.0,0,20.0,23.0,"Developer, full-stack",0.0,In-person,"Transportation, or Supply Chain",ZAF,4.0,2.0,56379.0,2.0,5.702114417555504
29.5,4.0,0,2.0,6.0,Cloud infrastructure engineer,0.0,Remote,Software Development,USA,,,110000.0,3.0,8.922591630635415
59.5,5.0,0,30.0,12.0,Data engineer,0.0,"Hybrid (some remote, leans heavy to in-person)",Retail and Consumer Services,GBR,3.0,,68071.0,3.0,4.085976312551584
39.5,5.0,0,13.0,3.0,Data or business analyst,0.0,"Hybrid (some remote, leans heavy to in-person)",Computer Systems Design and Services,USA,1.0,1.0,95000.0,3.0,5.702114417555504
39.5,5.0,0,15.0,20.0,"Developer, full-stack",0.0,"Your choice (very flexible, you can come in when you want or just as needed)",Software Development,DEU,9.0,5.0,77730.0,3.0,4.085976312551584
39.5,4.0,1,20.0,29.0,"Founder, technology or otherwise",,,Software Development,USA,18.0,12.0,210000.0,3.0,
29.5,4.0,0,11.0,12.0,"Developer, mobile",1.0,"Hybrid (some in-person, leans heavy to flexibility)",Software Development,GBR,10.0,4.0,94618.0,3.0,4.085976312551584
29.5,4.0,0,8.0,10.0,"Developer, back-end",0.0,Remote,Retail and Consumer Services,BRA,4.0,3.0,29568.0,2.0,5.702114417555504
49.5,4.0,0,25.0,30.0,"Developer, front-end",0.0,Remote,Software Development,USA,5.0,,100000.0,3.0,6.619406317542652
29.5,4.0,0,5.0,10.0,"Developer, full-stack",0.0,"Your choice (very flexible, you can come in when you want or just as needed)",Insurance,CHL,,,27992.0,3.0,8.922591630635415
29.5,4.0,1,7.0,11.0,"Developer, full-stack",,,Software Development,CZE,9.0,7.0,44933.0,3.0,
29.5,4.0,0,2.0,10.0,"Developer, desktop or enterprise applications",0.0,"Hybrid (some in-person, leans heavy to flexibility)","Internet, Telecomm or Information Services",AUT,9.0,1.0,55687.0,3.0,6.619406317542652
39.5,5.0,0,6.0,12.0,Data scientist,0.0,"Hybrid (some remote, leans heavy to in-person)","Transportation, or Supply Chain",DNK,2.0,2.0,106376.0,3.0,9.903487552536127
39.5,5.0,0,18.0,20.0,"Developer, full-stack",0.0,In-person,Other:,USA,6.0,5.0,385000.0,3.0,9.903487552536127
29.5,5.0,0,8.0,12.0,"Developer, back-end",0.0,"Hybrid (some in-person, leans heavy to flexibility)",Fintech,GBR,5.0,3.0,142949.0,3.0,5.702114417555504
29.5,4.0,0,9.0,14.0,"Developer, full-stack",0.0,Remote,Software Development,MEX,9.0,1.0,28741.0,2.0,4.085976312551584
49.5,4.0,0,25.0,35.0,"Developer, full-stack",0.0,"Hybrid (some remote, leans heavy to in-person)",Higher Education,CAN,6.0,3.0,76606.0,3.0,5.702114417555504
49.5,4.0,0,12.0,35.0,"Developer, desktop or enterprise applications",0.0,"Hybrid (some remote, leans heavy to in-person)",Software Development,EST,2.0,,40605.0,3.0,8.922591630635415
29.5,5.0,0,7.0,8.0,"Developer, full-stack",0.0,Remote,Software Development,CAN,4.0,1.0,72958.0,3.0,5.702114417555504
21.0,4.0,0,3.0,15.0,"Developer, back-end",0.0,Remote,Software Development,PRT,4.0,2.0,27844.0,3.0,8.006200887093147
39.5,5.0,0,20.0,30.0,"UX, Research Ops or UI design professional",0.0,Remote,Software Development,USA,3.0,,195000.0,3.0,5.702114417555504
29.5,4.0,0,10.0,15.0,"Developer, back-end",0.0,"Hybrid (some in-person, leans heavy to flexibility)",Banking/Financial Services,ROU,6.0,,81210.0,3.0,9.903487552536127
39.5,4.0,0,10.0,12.0,"Developer, mobile",0.0,Remote,Software Development,ISR,9.0,2.0,139054.0,3.0,9.903487552536127
39.5,5.0,0,19.0,10.0,"Developer, back-end",0.0,In-person,Fintech,CYP,2.0,3.0,150819.0,3.0,8.006200887093147
59.5,5.0,0,30.0,45.0,"Architect, software or solutions",1.0,"Hybrid (some remote, leans heavy to in-person)",Fintech,ITA,7.0,2.0,60328.0,3.0,5.702114417555504
29.5,4.0,0,8.0,7.0,"Developer, full-stack",0.0,Remote,Software Development,TUR,,,14000.0,2.0,2.302585092994046
39.5,4.0,0,13.0,15.0,"Developer, back-end",0.0,Remote,Fintech,EGY,4.0,4.0,4993.0,1.0,4.085976312551584
29.5,5.0,0,6.0,9.0,DevOps engineer or professional,0.0,"Your choice (very flexible, you can come in when you want or just as needed)",Software Development,LTU,8.0,2.0,92812.0,3.0,8.006200887093147
29.5,5.0,0,7.0,12.0,Data engineer,0.0,In-person,Manufacturing,FRA,3.0,2.0,73089.0,3.0,5.702114417555504
39.5,5.0,0,14.0,20.0,"Developer, back-end",0.0,Remote,Software Development,PRT,7.0,1.0,75410.0,3.0,9.903487552536127
29.5,4.0,0,13.0,23.0,"Developer, mobile",0.0,"Hybrid (some remote, leans heavy to in-person)",Software Development,DEU,11.0,,97452.0,3.0,5.702114417555504
29.5,5.0,0,4.0,9.0,"Developer, game or graphics",0.0,"Hybrid (some remote, leans heavy to in-person)",Software Development,FRA,6.0,3.0,40605.0,3.0,5.702114417555504
29.5,4.0,0,4.0,8.0,"Developer, back-end",0.0,In-person,"Internet, Telecomm or Information Services",KEN,6.0,4.0,6502.0,1.0,2.302585092994046
39.5,4.0,0,20.0,25.0,Engineering manager,1.0,Remote,Banking/Financial Services,ESP,5.0,4.0,145018.0,3.0,4.085976312551584
39.5,2.0,0,20.0,22.0,"Developer, full-stack",0.0,"Hybrid (some in-person, leans heavy to flexibility)",Software Development,NLD,7.0,3.0,81210.0,3.0,8.922591630635415
29.5,5.0,0,7.0,12.0,"Developer, full-stack",0.0,"Hybrid (some in-person, leans heavy to flexibility)",Software Development,SWE,3.0,3.0,54507.0,3.0,4.085976312551584
49.5,4.0,0,27.0,40.0,"Developer, full-stack",0.0,In-person,Software Development,ITA,12.0,9.0,29004.0,3.0,2.302585092994046
29.5,4.0,0,4.0,8.0,"Developer, game or graphics",0.0,In-person,Software Development,PAK,1.0,,24000.0,1.0,5.702114417555504
39.5,5.0,0,19.0,25.0,"Architect, software or solutions",0.0,Remote,Software Development,AUS,7.0,5.0,195028.0,3.0,9.903487552536127
39.5,5.0,0,19.0,26.0,"Developer, full-stack",1.0,Remote,Software Development,KAZ,6.0,2.0,60238.0,2.0,4.085976312551584
39.5,5.0,0,18.0,25.0,Data engineer,0.0,"Hybrid (some remote, leans heavy to in-person)","Transportation, or Supply Chain",NOR,,,88945.0,3.0,6.619406317542652
39.5,4.0,0,7.0,7.0,Data engineer,0.0,"Your choice (very flexible, you can come in when you want or just as needed)",Software Development,AUS,3.0,,97514.0,3.0,8.006200887093147
29.5,5.0,0,7.0,7.0,Support engineer or analyst,0.0,"Hybrid (some remote, leans heavy to in-person)",Manufacturing,IND,,,23201.0,1.0,9.903487552536127
39.5,6.0,0,10.0,15.0,"Architect, software or solutions",0.0,Remote,Media & Advertising Services,USA,6.0,2.0,200000.0,3.0,5.702114417555504
29.5,5.0,0,7.0,14.0,"Developer, full-stack",0.0,"Your choice (very flexible, you can come in when you want or just as needed)",Other:,GBR,7.0,2.0,74878.0,3.0,9.903487552536127
39.5,5.0,0,17.0,30.0,"Developer, back-end",0.0,Remote,Other:,USA,7.0,6.0,213000.0,3.0,5.702114417555504
39.5,4.0,0,17.0,25.0,"Developer, mobile",0.0,"Hybrid (some remote, leans heavy to in-person)",Retail and Consumer Services,USA,6.0,,209000.0,3.0,9.903487552536127
21.0,5.0,0,1.0,6.0,Other (please specify):,0.0,"Hybrid (some remote, leans heavy to in-person)",Computer Systems Design and Services,FRA,4.0,,75410.0,3.0,9.903487552536127
29.5,4.0,0,14.0,16.0,"Developer, back-end",1.0,"Your choice (very flexible, you can come in when you want or just as needed)",Software Development,UKR,4.0,7.0,5273.0,2.0,5.702114417555504
29.5,4.0,0,8.0,13.0,"Developer, front-end",0.0,In-person,Software Development,GRC,4.0,2.0,34804.0,3.0,2.302585092994046
21.0,2.0,0,1.0,7.0,"Developer, full-stack",0.0,"Hybrid (some in-person, leans heavy to flexibility)",Software Development,AUT,7.0,4.0,46470.0,3.0,2.302585092994046
59.5,2.0,0,25.0,40.0,"Developer, full-stack",0.0,Remote,Software Development,USA,9.0,6.0,132000.0,3.0,4.085976312551584
59.5,2.0,0,35.0,45.0,"Developer, front-end",0.0,"Hybrid (some in-person, leans heavy to flexibility)",Retail and Consumer Services,GBR,3.0,2.0,102106.0,3.0,8.922591630635415
39.5,6.0,0,13.0,21.0,Applied scientist,0.0,"Hybrid (some remote, leans heavy to in-person)",Government,USA,4.0,,160000.0,3.0,8.922591630635415
59.5,4.0,0,34.0,42.0,"Developer, full-stack",0.0,"Your choice (very flexible, you can come in when you want or just as needed)",Software Development,USA,4.0,2.0,170000.0,3.0,4.085976312551584
29.5,5.0,0,6.0,13.0,"Developer, back-end",0.0,"Hybrid (some remote, leans heavy to in-person)",Software Development,GBR,8.0,4.0,95299.0,3.0,5.702114417555504
39.5,4.0,0,7.0,12.0,"Developer, front-end",0.0,"Hybrid (some in-person, leans heavy to flexibility)",Banking/Financial Services,CHE,3.0,,147552.0,3.0,8.006200887093147
49.5,4.0,0,30.0,40.0,"Developer, back-end",0.0,Remote,Software Development,USA,5.0,2.0,68000.0,3.0,6.619406317542652
29.5,5.0,0,5.0,12.0,AI/ML engineer,0.0,"Hybrid (some in-person, leans heavy to flexibility)",Banking/Financial Services,NLD,3.0,,81210.0,3.0,9.903487552536127
29.5,4.0,0,1.0,1.0,"Developer, front-end",0.0,"Hybrid (some remote, leans heavy to in-person)",Software Development,IND,2.0,2.0,1395.0,1.0,2.302585092994046
59.5,5.0,1,40.0,42.0,"Architect, software or solutions",,,Software Development,NLD,9.0,3.0,25523.0,3.0,
29.5,2.0,0,12.0,16.0,"Developer, full-stack",0.0,Remote,Healthcare,USA,8.0,11.0,250000.0,3.0,8.006200887093147
21.0,1.0,0,3.0,3.0,"Developer, full-stack",,In-person,Software Development,DEU,,,41069.0,3.0,4.085976312551584
29.5,5.0,0,5.0,10.0,"Developer, back-end",0.0,Remote,Software Development,USA,6.0,6.0,170000.0,3.0,5.702114417555504
29.5,4.0,0,8.0,15.0,"Developer, full-stack",0.0,In-person,Software Development,MNE,5.0,1.0,45246.0,2.0,4.085976312551584
29.5,2.0,0,13.0,14.0,"Developer, front-end",0.0,Remote,Healthcare,PRT,5.0,4.0,95132.0,3.0,5.702114417555504
29.5,4.0,0,4.0,4.0,"Developer, full-stack",0.0,"Hybrid (some remote, leans heavy to in-person)",Software Development,IND,3.0,,40684.0,1.0,9.903487552536127
29.5,2.0,0,11.0,17.0,"Developer, full-stack",0.0,Remote,Software Development,DEU,5.0,3.0,95132.0,3.0,4.085976312551584
39.5,4.0,0,10.0,14.0,"Developer, full-stack",0.0,"Hybrid (some remote, leans heavy to in-person)",Healthcare,USA,,,140000.0,3.0,
39.5,2.0,0,15.0,30.0,"Architect, software or solutions",1.0,"Hybrid (some in-person, leans heavy to flexibility)",Software Development,DEU,9.0,6.0,104413.0,3.0,2.302585092994046
21.0,4.0,0,6.0,10.0,"Developer, front-end",0.0,Remote,Banking/Financial Services,NGA,10.0,7.0,15000.0,1.0,2.302585092994046
21.0,4.0,0,5.0,10.0,"Developer, back-end",0.0,In-person,"Internet, Telecomm or Information Services",USA,,,190000.0,3.0,9.903487552536127
49.5,4.0,0,28.0,30.0,"Developer, full-stack",0.0,Remote,Software Development,GBR,,,279090.0,3.0,5.702114417555504
29.5,5.0,0,9.0,18.0,"Developer, full-stack",0.0,"Hybrid (some in-person, leans heavy to flexibility)",Software Development,FRA,4.0,4.0,126456.0,3.0,5.702114417555504
29.5,4.0,0,8.0,7.0,"Developer, full-stack",0.0,Remote,Software Development,IND,7.0,3.0,52308.0,1.0,5.702114417555504
29.5,4.0,0,7.0,13.0,"Developer, full-stack",0.0,"Hybrid (some in-person, leans heavy to flexibility)",Fintech,IND,5.0,,36034.0,1.0,9.903487552536127
29.5,4.0,0,5.0,7.0,Other (please specify):,0.0,In-person,Other:,BEL,9.0,1.0,45246.0,3.0,5.702114417555504
29.5,4.0,0,5.0,5.0,"Developer, full-stack",0.0,Remote,Software Development,PAK,,,12642.0,1.0,0.0
49.5,2.0,0,20.0,25.0,"Developer, desktop or enterprise applications",0.0,"Your choice (very flexible, you can come in when you want or just as needed)",Software Development,SWE,12.0,11.0,73375.0,3.0,8.006200887093147
29.5,4.0,0,13.0,18.0,"Developer, full-stack",1.0,Remote,Software Development,USA,10.0,5.0,200000.0,3.0,8.006200887093147
29.5,5.0,0,10.0,20.0,"Developer, back-end",0.0,Remote,"Internet, Telecomm or Information Services",DEU,4.0,3.0,81210.0,3.0,5.702114417555504
29.5,4.0,0,7.0,13.0,"Developer, full-stack",0.0,"Hybrid (some in-person, leans heavy to flexibility)",Healthcare,USA,8.0,2.0,125105.0,3.0,8.006200887093147
29.5,4.0,1,10.0,12.0,"Developer, full-stack",,,Software Development,FRA,7.0,4.0,69609.0,3.0,
29.5,5.0,0,4.0,7.0,Data engineer,0.0,"Hybrid (some remote, leans heavy to in-person)","Internet, Telecomm or Information Services",SVK,2.0,3.0,34804.0,3.0,9.903487552536127
29.5,5.0,0,8.0,13.0,"Developer, back-end",0.0,"Hybrid (some remote, leans heavy to in-person)",Healthcare,NLD,4.0,2.0,70885.0,3.0,2.302585092994046
29.5,5.0,0,1.0,14.0,"Developer, game or graphics",0.0,In-person,Software Development,IRL,3.0,,96292.0,3.0,9.903487552536127
21.0,5.0,0,4.0,9.0,AI/ML engineer,0.0,"Hybrid (some in-person, leans heavy to flexibility)",Software Development,UKR,2.0,,48000.0,2.0,4.085976312551584
39.5,4.0,0,21.0,30.0,DevOps engineer or professional,0.0,"Hybrid (some in-person, leans heavy to flexibility)",Banking/Financial Services,AUS,7.0,2.0,149522.0,3.0,9.903487552536127
29.5,4.0,1,8.0,17.0,"Developer, full-stack",,,Software Development,NPL,10.0,5.0,40373.0,1.0,
77.5,2.0,1,45.0,47.0,"Developer, full-stack",,,Computer Systems Design and Services,CHL,9.0,7.0,1781.0,3.0,
29.5,3.0,0,11.0,8.0,"Developer, back-end",0.0,"Your choice (very flexible, you can come in when you want or just as needed)",Fintech,CHE,11.0,5.0,137632.0,3.0,6.619406317542652
21.0,4.0,0,1.0,5.0,AI/ML engineer,0.0,"Hybrid (some remote, leans heavy to in-person)",Manufacturing,USA,3.0,2.0,100000.0,3.0,9.903487552536127
29.5,5.0,0,5.0,10.0,"Developer, full-stack",0.0,Remote,Software Development,CAN,8.0,3.0,65663.0,3.0,4.085976312551584
29.5,5.0,0,6.0,12.0,Data engineer,0.0,"Hybrid (some in-person, leans heavy to flexibility)",Other:,ITA,2.0,2.0,49886.0,3.0,8.006200887093147
29.5,5.0,0,8.0,15.0,Financial analyst or engineer,0.0,In-person,Banking/Financial Services,CHN,3.0,,69643.0,2.0,4.085976312551584
21.0,4.0,0,3.0,10.0,"Developer, full-stack",0.0,Remote,"Internet, Telecomm or Information Services",IND,12.0,4.0,40684.0,1.0,5.702114417555504
29.5,4.0,0,11.0,11.0,"Developer, full-stack",0.0,"Hybrid (some in-person, leans heavy to flexibility)","Internet, Telecomm or Information Services",IND,4.0,1.0,44462.0,1.0,9.903487552536127
21.0,4.0,1,10.0,13.0,"Senior executive (C-suite, VP, etc.)",,,Higher Education,BRA,,,30946.0,2.0,
21.0,4.0,0,1.0,4.0,"Developer, back-end",0.0,In-person,Software Development,IND,3.0,6.0,4650.0,1.0,2.302585092994046
29.5,4.0,0,9.0,15.0,"Developer, full-stack",0.0,"Hybrid (some in-person, leans heavy to flexibility)",Fintech,NZL,3.0,4.0,90353.0,3.0,2.302585092994046
29.5,4.0,0,7.0,10.0,Engineering manager,1.0,In-person,Software Development,IND,4.0,3.0,58120.0,1.0,4.085976312551584
29.5,6.0,0,5.0,10.0,"Developer, embedded applications or devices",0.0,Remote,Software Development,FRA,12.0,,81210.0,3.0,4.085976312551584
29.5,5.0,0,2.0,18.0,AI/ML engineer,,"Hybrid (some remote, leans heavy to in-person)","Internet, Telecomm or Information Services",USA,6.0,,180000.0,3.0,5.702114417555504
39.5,2.0,0,14.0,16.0,Data engineer,0.0,"Hybrid (some in-person, leans heavy to flexibility)",Other:,FIN,7.0,10.0,91652.0,3.0,2.302585092994046
21.0,4.0,0,2.0,8.0,Applied scientist,0.0,"Your choice (very flexible, you can come in when you want or just as needed)",Software Development,IND,2.0,,3836.0,1.0,4.085976312551584
21.0,4.0,1,5.0,11.0,"Architect, software or solutions",1.0,"Your choice (very flexible, you can come in when you want or just as needed)","Transportation, or Supply Chain",GRC,5.0,7.0,34804.0,3.0,2.302585092994046
49.5,5.0,1,31.0,34.0,"Architect, software or solutions",,,Computer Systems Design and Services,SRB,7.0,5.0,41707.0,2.0,
39.5,5.0,0,16.0,23.0,"Architect, software or solutions",0.0,Remote,Software Development,DEU,7.0,3.0,174022.0,3.0,9.903487552536127
39.5,5.0,1,11.0,11.0,"Developer, full-stack",1.0,Remote,Software Development,ETH,9.0,9.0,7279.0,0.0,5.702114417555504
29.5,5.0,0,5.0,10.0,"Developer, QA or test",0.0,"Hybrid (some in-person, leans heavy to flexibility)",Retail and Consumer Services,POL,7.0,3.0,44210.0,3.0,6.619406317542652
21.0,4.0,0,4.0,7.0,"Developer, full-stack",0.0,"Hybrid (some remote, leans heavy to in-person)",Software Development,DEU,8.0,6.0,63808.0,3.0,4.085976312551584
39.5,4.0,0,8.0,8.0,"Developer, back-end",1.0,Remote,Software Development,TUR,4.0,6.0,75744.0,2.0,5.702114417555504
49.5,,0,27.0,39.0,"Developer, full-stack",1.0,"Hybrid (some in-person, leans heavy to flexibility)",Software Development,GBR,5.0,1.0,68071.0,3.0,2.302585092994046
39.5,4.0,0,11.0,20.0,"Architect, software or solutions",1.0,"Hybrid (some remote, leans heavy to in-person)","Transportation, or Supply Chain",DEU,2.0,3.0,74249.0,3.0,5.702114417555504
39.5,4.0,0,20.0,25.0,"Developer, front-end",0.0,Remote,Software Development,AUT,3.0,,25523.0,3.0,2.302585092994046
21.0,4.0,0,2.0,7.0,"Developer, full-stack",0.0,"Hybrid (some remote, leans heavy to in-person)",Software Development,GBR,5.0,,40842.0,3.0,5.702114417555504
39.5,4.0,0,9.0,11.0,"Architect, software or solutions",0.0,In-person,Software Development,IND,9.0,2.0,25573.0,1.0,5.702114417555504
49.5,1.0,0,30.0,35.0,"Developer, full-stack",0.0,"Hybrid (some in-person, leans heavy to flexibility)",Manufacturing,DEU,5.0,5.0,69609.0,3.0,5.702114417555504
39.5,4.0,0,10.0,30.0,"Developer, embedded applications or devices",0.0,"Hybrid (some remote, leans heavy to in-person)",Energy,NLD,,,69609.0,3.0,4.085976312551584
39.5,1.0,0,20.0,30.0,"Developer, full-stack",1.0,In-person,Software Development,HRV,9.0,5.0,52207.0,3.0,2.302585092994046
39.5,4.0,0,10.0,18.0,Engineering manager,1.0,"Hybrid (some remote, leans heavy to in-person)",Software Development,ESP,8.0,6.0,58007.0,3.0,4.085976312551584
29.5,5.0,0,15.0,15.0,"Developer, desktop or enterprise applications",0.0,"Hybrid (some in-person, leans heavy to flexibility)",Computer Systems Design and Services,,4.0,,67772.0,,5.702114417555504
59.5,6.0,1,35.0,35.0,Engineering manager,,,Manufacturing,FRA,,,116015.0,3.0,
29.5,5.0,0,8.0,12.0,"Developer, full-stack",1.0,Remote,Software Development,CZE,5.0,3.0,56167.0,3.0,2.302585092994046
29.5,4.0,0,10.0,20.0,"Developer, full-stack",0.0,"Hybrid (some remote, leans heavy to in-person)",Software Development,NLD,6.0,4.0,119181.0,3.0,8.006200887093147
29.5,5.0,0,6.0,13.0,Data engineer,0.0,In-person,Healthcare,FRA,7.0,5.0,78890.0,3.0,5.702114417555504
39.5,5.0,0,14.0,4.0,"Architect, software or solutions",1.0,Remote,Software Development,POL,8.0,5.0,32748.0,3.0,5.702114417555504
29.5,4.0,0,4.0,8.0,"Developer, full-stack",0.0,In-person,Manufacturing,TUR,7.0,5.0,27268.0,2.0,8.006200887093147
29.5,5.0,0,4.0,9.0,Cybersecurity or InfoSec professional,0.0,"Hybrid (some remote, leans heavy to in-person)",Software Development,DEU,7.0,,104413.0,3.0,4.085976312551584
29.5,4.0,0,6.0,18.0,"Developer, back-end",0.0,"Hybrid (some in-person, leans heavy to flexibility)",Fintech,SGP,2.0,3.0,234337.0,3.0,8.922591630635415
21.0,4.0,1,3.0,7.0,"Developer, desktop or enterprise applications",0.0,Remote,Software Development,CHN,12.0,5.0,300000.0,2.0,0.0
21.0,4.0,0,2.0,5.0,"Developer, full-stack",0.0,Remote,Healthcare,UKR,7.0,1.0,23056.0,2.0,2.302585092994046
29.5,2.0,0,5.0,8.0,"Developer, back-end",0.0,In-person,Software Development,ZAF,5.0,4.0,21649.0,2.0,8.922591630635415
29.5,1.0,0,6.0,6.0,"Developer, front-end",0.0,Remote,Higher Education,DEU,4.0,5.0,81210.0,3.0,4.085976312551584
49.5,4.0,1,24.0,30.0,"Developer, full-stack",,,Software Development,PRT,9.0,4.0,29004.0,3.0,
29.5,3.0,0,7.0,10.0,"Developer, front-end",0.0,"Hybrid (some in-person, leans heavy to flexibility)",Media & Advertising Services,JPN,3.0,,20727.0,3.0,2.302585092994046
29.5,4.0,0,3.0,5.0,"Developer, full-stack",0.0,"Hybrid (some remote, leans heavy to in-person)","Internet, Telecomm or Information Services",,5.0,5.0,44052.0,,2.302585092994046
29.5,4.0,0,14.0,19.0,"Developer, desktop or enterprise applications",0.0,Remote,Software Development,DEU,1.0,,81210.0,3.0,5.702114417555504
39.5,5.0,0,17.0,20.0,Data engineer,0.0,"Hybrid (some in-person, leans heavy to flexibility)",Fintech,ZAF,4.0,3.0,84568.0,2.0,6.619406317542652
29.5,2.0,0,5.0,8.0,"Developer, full-stack",0.0,"Hybrid (some remote, leans heavy to in-person)",Software Development,MKD,7.0,3.0,29940.0,2.0,6.619406317542652
49.5,2.0,0,25.0,28.0,"Developer, back-end",0.0,"Your choice (very flexible, you can come in when you want or just as needed)",Software Development,PAK,10.0,4.0,55645.0,1.0,5.702114417555504
39.5,5.0,0,18.0,25.0,"Developer, game or graphics",0.0,In-person,Software Development,SRB,4.0,2.0,175186.0,2.0,5.702114417555504
39.5,5.0,0,21.0,30.0,Engineering manager,1.0,"Your choice (very flexible, you can come in when you want or just as needed)",Fintech,GBR,4.0,5.0,149756.0,3.0,5.702114417555504
49.5,4.0,0,20.0,25.0,"Developer, full-stack",0.0,"Your choice (very flexible, you can come in when you want or just as needed)",Healthcare,DEU,7.0,2.0,111374.0,3.0,9.903487552536127
39.5,4.0,0,20.0,24.0,"Developer, full-stack",1.0,Remote,Software Development,USA,6.0,3.0,190000.0,3.0,6.619406317542652
29.5,1.0,0,2.0,4.0,"Developer, full-stack",0.0,"Hybrid (some remote, leans heavy to in-person)",Software Development,HUN,6.0,3.0,30369.0,3.0,8.006200887093147
21.0,4.0,0,3.0,5.0,"Developer, back-end",0.0,Remote,Media & Advertising Services,TUR,8.0,3.0,69000.0,2.0,4.085976312551584
39.5,4.0,0,20.0,18.0,"Developer, full-stack",0.0,Remote,Computer Systems Design and Services,CHN,6.0,,55714.0,2.0,9.903487552536127
29.5,2.0,0,13.0,15.0,DevOps engineer or professional,0.0,"Hybrid (some in-person, leans heavy to flexibility)","Internet, Telecomm or Information Services",POL,4.0,,54580.0,3.0,8.006200887093147
29.5,4.0,0,3.0,4.0,"Developer, back-end",0.0,"Hybrid (some in-person, leans heavy to flexibility)","Internet, Telecomm or Information Services",GBR,4.0,4.0,50372.0,3.0,9.903487552536127
21.0,4.0,0,4.0,6.0,"Developer, front-end",0.0,Remote,Media & Advertising Services,GEO,6.0,3.0,18000.0,2.0,4.085976312551584
49.5,5.0,1,25.0,25.0,"Developer, full-stack",,,"Internet, Telecomm or Information Services",HUN,4.0,4.0,99773.0,3.0,
29.5,4.0,0,10.0,15.0,"Developer, full-stack",0.0,"Hybrid (some in-person, leans heavy to flexibility)",Software Development,SWE,7.0,5.0,69811.0,3.0,4.085976312551584
21.0,4.0,0,1.0,5.0,Data scientist,0.0,"Hybrid (some remote, leans heavy to in-person)",Software Development,VNM,,,9171.0,2.0,5.702114417555504
39.5,1.0,0,10.0,10.0,"Developer, mobile",0.0,Remote,Software Development,HUN,2.0,,83280.0,3.0,4.085976312551584
39.5,5.0,1,13.0,27.0,"Developer, desktop or enterprise applications",,,Software Development,ITA,1.0,,138754.0,3.0,
29.5,4.0,0,12.0,15.0,"Developer, full-stack",0.0,Remote,Software Development,GBR,9.0,3.0,36758.0,3.0,2.302585092994046
29.5,5.0,0,3.0,8.0,"Developer, full-stack",0.0,"Hybrid (some remote, leans heavy to in-person)",Manufacturing,DEU,12.0,4.0,58007.0,3.0,5.702114417555504
59.5,2.0,0,37.0,37.0,"Developer, desktop or enterprise applications",0.0,"Hybrid (some in-person, leans heavy to flexibility)",Banking/Financial Services,USA,9.0,4.0,150000.0,3.0,2.302585092994046
29.5,3.0,1,16.0,22.0,"Architect, software or solutions",,,Software Development,NLD,5.0,3.0,116015.0,3.0,
39.5,5.0,0,16.0,25.0,"Architect, software or solutions",1.0,Remote,Software Development,CAN,5.0,2.0,95955.0,3.0,5.702114417555504
29.5,1.0,0,6.0,9.0,"Developer, full-stack",0.0,"Hybrid (some remote, leans heavy to in-person)",Manufacturing,ITA,8.0,8.0,34804.0,3.0,4.085976312551584
39.5,6.0,1,16.0,21.0,"Developer, full-stack",,,Software Development,UKR,4.0,4.0,80000.0,2.0,
21.0,2.0,0,2.0,8.0,"Developer, full-stack",0.0,In-person,Software Development,DEU,7.0,,48726.0,3.0,5.702114417555504
39.5,6.0,0,16.0,28.0,"Developer, desktop or enterprise applications",0.0,"Hybrid (some in-person, leans heavy to flexibility)",Software Development,FRA,11.0,5.0,59400.0,3.0,2.302585092994046
29.5,4.0,0,4.0,7.0,DevOps engineer or professional,0.0,"Hybrid (some in-person, leans heavy to flexibility)",Software Development,IND,5.0,,20923.0,1.0,9.903487552536127
29.5,1.0,0,4.0,10.0,"Developer, front-end",0.0,Remote,Retail and Consumer Services,BGR,,,44124.0,3.0,8.006200887093147
49.5,1.0,0,30.0,40.0,"Developer, full-stack",0.0,"Your choice (very flexible, you can come in when you want or just as needed)","Internet, Telecomm or Information Services",NLD,12.0,7.0,92812.0,3.0,2.302585092994046
21.0,4.0,0,3.0,12.0,"Developer, back-end",0.0,"Hybrid (some remote, leans heavy to in-person)",Retail and Consumer Services,FRA,10.0,3.0,24363.0,3.0,8.922591630635415
39.5,3.0,0,18.0,20.0,"Architect, software or solutions",0.0,"Your choice (very flexible, you can come in when you want or just as needed)",Software Development,HUN,5.0,1.0,69400.0,3.0,4.085976312551584
59.5,4.0,0,17.0,23.0,"Developer, full-stack",0.0,"Hybrid (some in-person, leans heavy to flexibility)",Software Development,AUS,2.0,4.0,78011.0,3.0,5.702114417555504
29.5,4.0,0,12.0,16.0,"Developer, full-stack",1.0,"Hybrid (some remote, leans heavy to in-person)",Software Development,ESP,2.0,3.0,49886.0,3.0,4.085976312551584
59.5,4.0,0,40.0,40.0,"Developer, full-stack",0.0,"Hybrid (some remote, leans heavy to in-person)",Healthcare,NLD,9.0,3.0,116015.0,3.0,9.903487552536127
29.5,4.0,0,4.0,10.0,"Developer, full-stack",0.0,In-person,Other:,NLD,8.0,4.0,54527.0,3.0,2.302585092994046
29.5,4.0,0,8.0,13.0,"Developer, back-end",0.0,"Hybrid (some in-person, leans heavy to flexibility)","Transportation, or Supply Chain",DEU,4.0,1.0,86896.0,3.0,9.903487552536127
21.0,1.0,0,4.0,7.0,"Developer, full-stack",0.0,"Hybrid (some remote, leans heavy to in-person)",Software Development,CHE,8.0,5.0,61996.0,3.0,2.302585092994046
49.5,4.0,0,28.0,40.0,"Developer, embedded applications or devices",0.0,Remote,"Internet, Telecomm or Information Services",USA,4.0,2.0,230000.0,3.0,8.006200887093147
39.5,4.0,0,20.0,25.0,Cloud infrastructure engineer,0.0,Remote,Software Development,AUS,8.0,5.0,108083.0,3.0,4.085976312551584
49.5,5.0,1,25.0,25.0,"Developer, full-stack",,,Software Development,BRA,4.0,4.0,18204.0,2.0,
77.5,4.0,0,44.0,48.0,"Architect, software or solutions",1.0,Remote,Computer Systems Design and Services,ESP,8.0,2.0,17358.0,3.0,2.302585092994046
39.5,4.0,0,16.0,24.0,"Senior executive (C-suite, VP, etc.)",1.0,"Hybrid (some in-person, leans heavy to flexibility)",Software Development,NLD,9.0,6.0,98102.0,3.0,4.085976312551584
77.5,4.0,1,15.0,25.0,"Developer, front-end",0.0,Remote,Healthcare,ISR,,,176485.0,3.0,9.903487552536127
39.5,2.0,0,25.0,27.0,"Developer, full-stack",0.0,Remote,"Internet, Telecomm or Information Services",USA,9.0,5.0,170000.0,3.0,8.006200887093147
29.5,5.0,0,4.0,5.0,Data scientist,0.0,"Hybrid (some remote, leans heavy to in-person)",Retail and Consumer Services,IRL,4.0,4.0,87011.0,3.0,5.702114417555504
29.5,2.0,0,12.0,18.0,"Developer, game or graphics",1.0,In-person,Software Development,GBR,6.0,1.0,61264.0,3.0,2.302585092994046
29.5,5.0,0,9.0,13.0,"Developer, embedded applications or devices",0.0,"Hybrid (some remote, leans heavy to in-person)",Computer Systems Design and Services,USA,7.0,1.0,148500.0,3.0,9.903487552536127
21.0,5.0,0,3.0,10.0,"Developer, embedded applications or devices",0.0,"Hybrid (some remote, leans heavy to in-person)",Software Development,GBR,5.0,,245055.0,3.0,9.903487552536127
49.5,5.0,0,15.0,20.0,AI/ML engineer,0.0,Remote,Software Development,USA,4.0,3.0,180000.0,3.0,9.903487552536127
21.0,4.0,0,3.0,7.0,"Developer, back-end",0.0,"Your choice (very flexible, you can come in when you want or just as needed)",Software Development,TUR,6.0,5.0,106013.0,2.0,6.619406317542652
39.5,4.0,0,15.0,26.0,"Developer, full-stack",0.0,In-person,Software Development,DEU,9.0,1.0,104019.0,3.0,9.903487552536127
29.5,5.0,0,6.0,10.0,"Developer, embedded applications or devices",0.0,"Hybrid (some remote, leans heavy to in-person)",Healthcare,ESP,7.0,3.0,69609.0,3.0,5.702114417555504
49.5,4.0,0,20.0,20.0,"Developer, back-end",0.0,"Hybrid (some in-person, leans heavy to flexibility)",Software Development,EGY,3.0,3.0,9586.0,1.0,4.085976312551584
39.5,5.0,0,4.0,20.0,"Developer, back-end",0.0,In-person,Fintech,DEU,4.0,3.0,67289.0,3.0,4.085976312551584
59.5,4.0,0,28.0,39.0,"Developer, embedded applications or devices",1.0,Remote,Other:,USA,7.0,1.0,158000.0,3.0,9.903487552536127
29.5,4.0,0,5.0,5.0,"Developer, back-end",0.0,"Your choice (very flexible, you can come in when you want or just as needed)",Software Development,GBR,,3.0,121166.0,3.0,4.085976312551584
49.5,5.0,0,23.0,32.0,"Developer, full-stack",0.0,"Hybrid (some remote, leans heavy to in-person)",Government,NOR,6.0,1.0,118593.0,3.0,5.702114417555504
39.5,5.0,0,3.0,3.0,Other (please specify):,0.0,In-person,Government,USA,4.0,,110000.0,3.0,8.006200887093147
29.5,,0,5.0,11.0,"Developer, back-end",0.0,"Hybrid (some remote, leans heavy to in-person)",Banking/Financial Services,FRA,8.0,3.0,49886.0,3.0,5.702114417555504
39.5,4.0,0,14.0,14.0,"Developer, mobile",0.0,Remote,Software Development,SRB,10.0,2.0,65000.0,2.0,8.006200887093147
29.5,4.0,0,1.0,12.0,"Developer, full-stack",0.0,"Hybrid (some remote, leans heavy to in-person)",Retail and Consumer Services,DEU,8.0,2.0,55687.0,3.0,8.006200887093147
39.5,4.0,0,15.0,24.0,"Architect, software or solutions",0.0,Remote,Software Development,USA,7.0,2.0,193000.0,3.0,6.619406317542652
29.5,4.0,0,5.0,12.0,"Developer, back-end",0.0,"Hybrid (some in-person, leans heavy to flexibility)",Software Development,KOR,8.0,6.0,29397.0,3.0,4.085976312551584
39.5,6.0,0,15.0,18.0,Data engineer,0.0,In-person,Government,USA,3.0,4.0,147000.0,3.0,8.006200887093147
21.0,5.0,0,3.0,7.0,"Developer, embedded applications or devices",,In-person,Manufacturing,HUN,5.0,,23943.0,3.0,2.302585092994046
29.5,4.0,0,8.0,9.0,"Developer, back-end",0.0,Remote,Software Development,BRA,,,54611.0,2.0,8.922591630635415
29.5,2.0,0,3.0,4.0,"Developer, back-end",0.0,In-person,Software Development,ITA,12.0,6.0,32484.0,3.0,4.085976312551584
29.5,4.0,0,3.0,10.0,"Developer, full-stack",0.0,In-person,Software Development,GBR,3.0,1.0,34035.0,3.0,4.085976312551584
29.5,3.0,0,10.0,11.0,"Developer, back-end",0.0,"Hybrid (some remote, leans heavy to in-person)",Fintech,JPN,8.0,3.0,48362.0,3.0,8.006200887093147
39.5,5.0,1,20.0,25.0,"Architect, software or solutions",1.0,Remote,Fintech,CZE,,,116015.0,3.0,2.302585092994046
39.5,4.0,1,3.0,3.0,"Developer, full-stack",,,Software Development,PHL,,,4214.0,2.0,
49.5,1.0,0,14.0,14.0,"Developer, full-stack",0.0,"Hybrid (some in-person, leans heavy to flexibility)",Higher Education,DEU,2.0,,46406.0,3.0,5.702114417555504
39.5,4.0,0,18.0,22.0,"Developer, full-stack",1.0,"Hybrid (some remote, leans heavy to in-person)",Software Development,CHE,,,210788.0,3.0,4.085976312551584
39.5,5.0,1,20.0,27.0,"Developer, back-end",,,Software Development,USA,8.0,2.0,149000.0,3.0,
39.5,2.0,0,23.0,35.0,"Developer, full-stack",1.0,In-person,Retail and Consumer Services,GBR,7.0,5.0,122527.0,3.0,4.085976312551584
29.5,4.0,0,5.0,8.0,"Developer, full-stack",0.0,In-person,Software Development,IND,6.0,2.0,29351.0,1.0,8.006200887093147
29.5,4.0,0,4.0,8.0,"Developer, front-end",0.0,Remote,Software Development,IND,4.0,2.0,10462.0,1.0,2.302585092994046
39.5,4.0,0,14.0,21.0,"Developer, back-end",0.0,"Your choice (very flexible, you can come in when you want or just as needed)",Fintech,USA,6.0,5.0,650000.0,3.0,9.903487552536127
59.5,4.0,0,30.0,30.0,"Developer, desktop or enterprise applications",0.0,"Hybrid (some in-person, leans heavy to flexibility)",Manufacturing,USA,5.0,1.0,150000.0,3.0,9.903487552536127
39.5,4.0,0,19.0,37.0,"Developer, back-end",0.0,"Hybrid (some remote, leans heavy to in-person)",Software Development,USA,6.0,2.0,405000.0,3.0,8.006200887093147
29.5,4.0,0,10.0,20.0,"Developer, full-stack",0.0,"Hybrid (some in-person, leans heavy to flexibility)","Internet, Telecomm or Information Services",NLD,6.0,6.0,69609.0,3.0,8.006200887093147
21.0,4.0,0,3.0,6.0,"Developer, full-stack",1.0,"Hybrid (some remote, leans heavy to in-person)",Software Development,POL,15.0,8.0,39570.0,3.0,2.302585092994046
39.5,5.0,0,18.0,25.0,"Developer, back-end",0.0,"Hybrid (some remote, leans heavy to in-person)",Software Development,USA,7.0,9.0,170000.0,3.0,8.922591630635415
29.5,4.0,0,7.0,15.0,"Developer, full-stack",0.0,"Hybrid (some remote, leans heavy to in-person)",Software Development,SWE,9.0,2.0,89098.0,3.0,9.903487552536127
49.5,4.0,0,30.0,30.0,"Developer, back-end",1.0,Remote,Software Development,IRL,1.0,2.0,139218.0,3.0,4.085976312551584
49.5,6.0,0,7.0,10.0,"Developer, full-stack",0.0,Remote,Software Development,BRA,3.0,3.0,43689.0,2.0,9.903487552536127
49.5,2.0,0,30.0,38.0,"Architect, software or solutions",1.0,Remote,Banking/Financial Services,ESP,6.0,2.0,78890.0,3.0,9.903487552536127
29.5,3.0,0,10.0,11.0,"Developer, mobile",1.0,"Hybrid (some in-person, leans heavy to flexibility)",Banking/Financial Services,BRA,,,48240.0,2.0,9.903487552536127
39.5,4.0,0,13.0,20.0,"Developer, back-end",0.0,"Your choice (very flexible, you can come in when you want or just as needed)",Software Development,DEU,2.0,2.0,97452.0,3.0,5.702114417555504
49.5,5.0,0,19.0,30.0,"Developer, full-stack",0.0,"Hybrid (some in-person, leans heavy to flexibility)",Software Development,PRT,5.0,6.0,58007.0,3.0,4.085976312551584
39.5,5.0,0,12.0,21.0,"Developer, back-end",0.0,"Hybrid (some in-person, leans heavy to flexibility)",Software Development,DEU,5.0,3.0,134577.0,3.0,8.006200887093147
39.5,1.0,0,17.0,20.0,"Developer, full-stack",0.0,Remote,Fintech,ARG,5.0,4.0,95713.0,2.0,4.085976312551584
29.5,4.0,0,3.0,4.0,"Developer, full-stack",0.0,"Hybrid (some remote, leans heavy to in-person)",Computer Systems Design and Services,SVK,3.0,3.0,23203.0,3.0,5.702114417555504
39.5,,0,21.0,25.0,"Developer, full-stack",0.0,Remote,Healthcare,CAN,6.0,2.0,70040.0,3.0,2.302585092994046
49.5,4.0,0,25.0,30.0,"Developer, full-stack",0.0,Remote,Other:,USA,4.0,2.0,112000.0,3.0,2.302585092994046
39.5,5.0,0,15.0,20.0,"Developer, full-stack",0.0,Remote,Manufacturing,POL,10.0,5.0,62221.0,3.0,8.006200887093147
39.5,4.0,0,13.0,13.0,DevOps engineer or professional,0.0,Remote,Software Development,USA,8.0,3.0,169000.0,3.0,4.085976312551584
49.5,6.0,0,25.0,36.0,"Developer, back-end",0.0,"Hybrid (some remote, leans heavy to in-person)",Banking/Financial Services,CHE,11.0,5.0,161191.0,3.0,4.085976312551584
29.5,4.0,0,8.0,10.0,DevOps engineer or professional,0.0,Remote,Software Development,USA,7.0,6.0,190000.0,3.0,6.619406317542652
29.5,4.0,0,6.0,12.0,"Developer, full-stack",0.0,Remote,Software Development,GBR,8.0,3.0,32674.0,3.0,2.302585092994046
39.5,2.0,1,18.0,32.0,"Architect, software or solutions",,,Software Development,POL,6.0,4.0,109978.0,3.0,
29.5,4.0,1,10.0,14.0,"Developer, full-stack",,,Healthcare,BRA,5.0,2.0,118324.0,2.0,
29.5,1.0,0,14.0,18.0,"Developer, back-end",1.0,"Hybrid (some in-person, leans heavy to flexibility)",Retail and Consumer Services,DEU,6.0,4.0,174022.0,3.0,8.006200887093147
49.5,5.0,0,30.0,36.0,"Developer, full-stack",0.0,"Hybrid (some remote, leans heavy to in-person)",Software Development,HUN,6.0,3.0,57833.0,3.0,8.006200887093147
49.5,4.0,0,27.0,40.0,DevOps engineer or professional,0.0,Remote,Software Development,MEX,7.0,8.0,4211.0,2.0,4.085976312551584
59.5,2.0,1,30.0,30.0,"Developer, full-stack",,,Higher Education,USA,4.0,2.0,110000.0,3.0,
39.5,3.0,0,10.0,20.0,"Developer, full-stack",0.0,In-person,Other:,USA,8.0,4.0,80000.0,3.0,2.302585092994046
49.5,5.0,1,34.0,34.0,"Developer, full-stack",0.0,Remote,Software Development,ROU,13.0,3.0,63808.0,3.0,0.0
49.5,5.0,0,29.0,29.0,AI/ML engineer,1.0,"Hybrid (some in-person, leans heavy to flexibility)",Other:,NZL,5.0,3.0,124687.0,3.0,8.006200887093147
39.5,4.0,0,15.0,15.0,"Developer, back-end",0.0,Remote,Software Development,CHE,8.0,9.0,272784.0,3.0,8.922591630635415
59.5,2.0,0,43.0,47.0,Engineering manager,1.0,Remote,Software Development,USA,14.0,11.0,175000.0,3.0,2.302585092994046
29.5,4.0,1,6.0,10.0,"Developer, full-stack",,,Fintech,UKR,5.0,,4200.0,2.0,
49.5,4.0,0,30.0,30.0,"Senior executive (C-suite, VP, etc.)",1.0,"Your choice (very flexible, you can come in when you want or just as needed)","Internet, Telecomm or Information Services",USA,8.0,1.0,330000.0,3.0,5.702114417555504
29.5,5.0,0,10.0,15.0,AI/ML engineer,0.0,In-person,Software Development,USA,8.0,,96000.0,3.0,2.302585092994046
49.5,4.0,0,17.0,18.0,"Developer, front-end",0.0,"Hybrid (some in-person, leans heavy to flexibility)",Software Development,IRL,4.0,,92812.0,3.0,5.702114417555504
59.5,2.0,0,36.0,36.0,"Developer, full-stack",0.0,"Hybrid (some remote, leans heavy to in-person)",Software Development,USA,17.0,5.0,140000.0,3.0,6.619406317542652
29.5,4.0,0,7.0,11.0,"Developer, back-end",0.0,Remote,Software Development,RUS,14.0,,61245.0,3.0,2.302585092994046
29.5,5.0,0,11.0,15.0,"Developer, front-end",0.0,Remote,Fintech,UKR,3.0,1.0,57519.0,2.0,9.903487552536127
29.5,4.0,0,11.0,15.0,Cybersecurity or InfoSec professional,0.0,"Your choice (very flexible, you can come in when you want or just as needed)",Software Development,CAN,3.0,3.0,87550.0,3.0,8.006200887093147
39.5,4.0,0,10.0,12.0,Engineering manager,1.0,"Your choice (very flexible, you can come in when you want or just as needed)",Healthcare,IRL,9.0,5.0,150819.0,3.0,9.903487552536127
39.5,5.0,0,15.0,20.0,"Developer, back-end",0.0,"Hybrid (some in-person, leans heavy to flexibility)",Banking/Financial Services,NLD,7.0,3.0,125296.0,3.0,9.903487552536127
29.5,5.0,0,3.0,5.0,"Developer, back-end",0.0,"Hybrid (some remote, leans heavy to in-person)",Fintech,IND,5.0,,69744.0,1.0,8.006200887093147
39.5,5.0,0,18.0,18.0,"Developer, full-stack",1.0,"Hybrid (some remote, leans heavy to in-person)",Retail and Consumer Services,GTM,7.0,4.0,28107.0,2.0,2.302585092994046
49.5,4.0,0,20.0,20.0,"Architect, software or solutions",1.0,"Hybrid (some in-person, leans heavy to flexibility)",Software Development,SRB,,5.0,92812.0,2.0,4.085976312551584
39.5,5.0,0,15.0,19.0,AI/ML engineer,0.0,"Hybrid (some in-person, leans heavy to flexibility)",Healthcare,DNK,4.0,4.0,155521.0,3.0,9.903487552536127
39.5,4.0,1,18.0,21.0,"Developer, full-stack",,,Software Development,SWE,5.0,4.0,73375.0,3.0,
39.5,4.0,0,13.0,20.0,"Architect, software or solutions",0.0,Remote,Retail and Consumer Services,USA,8.0,7.0,195000.0,3.0,6.619406317542652
39.5,5.0,1,15.0,20.0,"Developer, full-stack",1.0,Remote,Software Development,SLV,,,50000.0,2.0,6.619406317542652
39.5,5.0,1,15.0,18.0,"Architect, software or solutions",1.0,Remote,Other:,POL,12.0,11.0,117347.0,3.0,4.085976312551584
49.5,5.0,1,30.0,40.0,"Developer, desktop or enterprise applications",0.0,Remote,Software Development,BRA,7.0,8.0,27306.0,2.0,8.006200887093147
39.5,1.0,0,10.0,10.0,Data engineer,0.0,"Hybrid (some in-person, leans heavy to flexibility)",Software Development,ARG,3.0,1.0,3753.0,2.0,8.922591630635415
29.5,4.0,0,9.0,15.0,"Developer, full-stack",0.0,"Hybrid (some remote, leans heavy to in-person)",Insurance,USA,9.0,4.0,152000.0,3.0,8.922591630635415
49.5,4.0,0,25.0,30.0,"Developer, full-stack",0.0,"Hybrid (some remote, leans heavy to in-person)",Other:,USA,4.0,4.0,75000.0,3.0,2.302585092994046
29.5,5.0,1,9.0,14.0,Data engineer,0.0,"Hybrid (some in-person, leans heavy to flexibility)",Other:,FRA,5.0,3.0,156620.0,3.0,9.903487552536127
39.5,6.0,0,8.0,18.0,AI/ML engineer,0.0,"Hybrid (some in-person, leans heavy to flexibility)",Software Development,USA,8.0,1.0,900000.0,3.0,9.903487552536127
39.5,4.0,1,18.0,25.0,"Senior executive (C-suite, VP, etc.)",,,Healthcare,BEL,8.0,3.0,185623.0,3.0,
39.5,2.0,0,23.0,25.0,"Architect, software or solutions",0.0,Remote,Software Development,PRT,5.0,7.0,63808.0,3.0,5.702114417555504
49.5,4.0,0,23.0,30.0,"Developer, full-stack",0.0,"Hybrid (some in-person, leans heavy to flexibility)",Higher Education,USA,6.0,4.0,101000.0,3.0,5.702114417555504
29.5,4.0,0,6.0,13.0,"Developer, embedded applications or devices",0.0,"Hybrid (some remote, leans heavy to in-person)",Government,USA,7.0,,88000.0,3.0,4.085976312551584
29.5,5.0,0,6.0,11.0,"Architect, software or solutions",0.0,"Hybrid (some in-person, leans heavy to flexibility)",Software Development,FRA,10.0,5.0,69609.0,3.0,2.302585092994046
21.0,4.0,0,6.0,9.0,"Developer, full-stack",0.0,Remote,Software Development,SRB,18.0,7.0,15200.0,2.0,2.302585092994046
39.5,2.0,0,16.0,21.0,"Developer, full-stack",0.0,In-person,Software Development,DEU,8.0,2.0,84691.0,3.0,5.702114417555504
29.5,4.0,0,5.0,5.0,"Developer, mobile",0.0,Remote,Fintech,ARG,1.0,,2303.0,2.0,8.006200887093147
49.5,4.0,0,33.0,17.0,"Developer, front-end",0.0,Remote,Media & Advertising Services,USA,4.0,1.0,132000.0,3.0,9.903487552536127
29.5,4.0,0,4.0,8.0,"Developer, full-stack",0.0,"Hybrid (some remote, leans heavy to in-person)",Government,NOR,9.0,6.0,75109.0,3.0,8.006200887093147
49.5,4.0,0,27.0,31.0,"Architect, software or solutions",0.0,"Your choice (very flexible, you can come in when you want or just as needed)",Fintech,USA,2.0,4.0,262000.0,3.0,5.702114417555504
29.5,4.0,0,3.0,6.0,"Developer, full-stack",0.0,In-person,Software Development,PRT,8.0,3.0,15036.0,3.0,5.702114417555504
29.5,4.0,0,5.0,10.0,"Developer, full-stack",0.0,In-person,Retail and Consumer Services,USA,7.0,1.0,72000.0,3.0,8.922591630635415
29.5,4.0,0,12.0,17.0,"Architect, software or solutions",1.0,"Hybrid (some remote, leans heavy to in-person)",Fintech,NLD,6.0,3.0,88171.0,3.0,4.085976312551584
21.0,5.0,0,1.0,6.0,"Developer, desktop or enterprise applications",0.0,Remote,Software Development,UKR,4.0,1.0,10000.0,2.0,5.702114417555504
29.5,4.0,0,7.0,18.0,"Developer, full-stack",0.0,"Hybrid (some remote, leans heavy to in-person)","Internet, Telecomm or Information Services",NLD,4.0,2.0,49654.0,3.0,2.302585092994046
77.5,2.0,1,45.0,45.0,"Senior executive (C-suite, VP, etc.)",0.0,Remote,Software Development,MLT,1.0,1.0,139218.0,3.0,2.302585092994046
39.5,1.0,1,12.0,15.0,"Developer, full-stack",,,Software Development,CZE,8.0,3.0,168500.0,3.0,
29.5,5.0,0,5.0,12.0,Data scientist,0.0,"Hybrid (some in-person, leans heavy to flexibility)",Other:,GBR,3.0,1.0,224633.0,3.0,4.085976312551584
49.5,5.0,0,6.0,21.0,Data engineer,0.0,"Hybrid (some in-person, leans heavy to flexibility)",Banking/Financial Services,BGR,8.0,4.0,44480.0,3.0,6.619406317542652
39.5,4.0,1,20.0,28.0,"Developer, full-stack",,,Software Development,BEL,8.0,9.0,127616.0,3.0,
29.5,4.0,0,5.0,11.0,"Developer, back-end",1.0,"Hybrid (some in-person, leans heavy to flexibility)",Software Development,GRC,2.0,7.0,26799.0,3.0,4.085976312551584
39.5,1.0,0,28.0,34.0,"Developer, desktop or enterprise applications",1.0,"Hybrid (some remote, leans heavy to in-person)",Healthcare,CHE,9.0,5.0,161191.0,3.0,4.085976312551584
49.5,4.0,0,30.0,35.0,AI/ML engineer,0.0,"Hybrid (some in-person, leans heavy to flexibility)","Internet, Telecomm or Information Services",USA,4.0,1.0,380000.0,3.0,9.903487552536127
49.5,4.0,0,25.0,30.0,"Developer, back-end",0.0,Remote,Software Development,USA,5.0,2.0,310000.0,3.0,9.903487552536127
39.5,4.0,0,21.0,30.0,Other (please specify):,0.0,"Your choice (very flexible, you can come in when you want or just as needed)",Software Development,USA,10.0,4.0,216000.0,3.0,9.903487552536127
49.5,4.0,0,20.0,25.0,"Developer, full-stack",0.0,"Hybrid (some remote, leans heavy to in-person)",Software Development,MEX,,3.0,40000.0,2.0,4.085976312551584
49.5,2.0,0,29.0,29.0,"Developer, full-stack",0.0,Remote,Software Development,PRT,7.0,7.0,290037.0,3.0,2.302585092994046
39.5,5.0,0,25.0,8.0,Engineering manager,1.0,Remote,Media & Advertising Services,ESP,5.0,3.0,93972.0,3.0,9.903487552536127
29.5,4.0,0,11.0,17.0,"Developer, full-stack",0.0,"Hybrid (some remote, leans heavy to in-person)",Manufacturing,NLD,2.0,2.0,71929.0,3.0,6.619406317542652
39.5,4.0,0,23.0,30.0,"Developer, back-end",0.0,"Hybrid (some in-person, leans heavy to flexibility)",Healthcare,NZL,7.0,5.0,66259.0,3.0,2.302585092994046
59.5,6.0,0,20.0,43.0,"Developer, back-end",0.0,"Hybrid (some in-person, leans heavy to flexibility)",Software Development,SWE,8.0,,88050.0,3.0,5.702114417555504
29.5,5.0,0,3.0,16.0,"Developer, back-end",0.0,"Hybrid (some in-person, leans heavy to flexibility)",Other:,POL,8.0,2.0,45847.0,3.0,5.702114417555504
39.5,5.0,1,14.0,20.0,"Developer, game or graphics",,,Software Development,ESP,2.0,,62648.0,3.0,
59.5,2.0,0,25.0,25.0,"Developer, desktop or enterprise applications",1.0,"Hybrid (some remote, leans heavy to in-person)",Manufacturing,USA,3.0,1.0,115000.0,3.0,2.302585092994046
39.5,5.0,0,13.0,18.0,"Developer, full-stack",0.0,"Your choice (very flexible, you can come in when you want or just as needed)",Fintech,AUT,8.0,4.0,127616.0,3.0,4.085976312551584
49.5,5.0,0,7.0,7.0,"Developer, back-end",0.0,"Your choice (very flexible, you can come in when you want or just as needed)",Energy,NZL,2.0,1.0,80113.0,3.0,4.085976312551584
29.5,6.0,0,2.0,15.0,AI/ML engineer,0.0,In-person,Banking/Financial Services,DEU,4.0,4.0,77730.0,3.0,5.702114417555504
39.5,5.0,0,6.0,7.0,"Developer, full-stack",0.0,Remote,Software Development,UKR,3.0,1.0,70000.0,2.0,5.702114417555504
49.5,4.0,0,27.0,32.0,"Developer, back-end",0.0,"Hybrid (some in-person, leans heavy to flexibility)",Software Development,DEU,7.0,3.0,92812.0,3.0,5.702114417555504
29.5,5.0,0,10.0,15.0,"Developer, full-stack",0.0,Remote,Software Development,FRA,9.0,6.0,69609.0,3.0,9.903487552536127
29.5,5.0,0,9.0,15.0,"Developer, full-stack",0.0,Remote,Software Development,ITA,5.0,3.0,58007.0,3.0,4.085976312551584
39.5,2.0,0,17.0,17.0,"Architect, software or solutions",1.0,Remote,Software Development,ESP,12.0,8.0,156620.0,3.0,9.903487552536127
49.5,4.0,1,24.0,28.0,DevOps engineer or professional,,,Banking/Financial Services,AUS,,,149522.0,3.0,
21.0,3.0,0,4.0,9.0,"Architect, software or solutions",0.0,"Your choice (very flexible, you can come in when you want or just as needed)",Software Development,DEU,5.0,1.0,47009.0,3.0,5.702114417555504
39.5,2.0,0,12.0,20.0,"Developer, back-end",0.0,Remote,Higher Education,USA,5.0,1.0,70000.0,3.0,8.006200887093147
39.5,1.0,0,20.0,25.0,Engineering manager,1.0,Remote,Software Development,UKR,6.0,2.0,69609.0,2.0,6.619406317542652
59.5,2.0,0,29.0,29.0,"Developer, full-stack",0.0,"Hybrid (some in-person, leans heavy to flexibility)",Software Development,NLD,5.0,4.0,87011.0,3.0,8.006200887093147
29.5,4.0,0,10.0,20.0,"Developer, back-end",,Remote,Software Development,USA,6.0,3.0,156000.0,3.0,4.085976312551584
49.5,4.0,1,21.0,17.0,"Developer, full-stack",0.0,Remote,Software Development,IND,4.0,3.0,36000.0,1.0,0.0
29.5,2.0,0,6.0,7.0,"Developer, full-stack",0.0,"Hybrid (some in-person, leans heavy to flexibility)",Software Development,FIN,8.0,3.0,69609.0,3.0,2.302585092994046
21.0,2.0,1,7.0,10.0,"Senior executive (C-suite, VP, etc.)",0.0,"Your choice (very flexible, you can come in when you want or just as needed)","Internet, Telecomm or Information Services",GBR,8.0,3.0,54457.0,3.0,2.302585092994046
29.5,4.0,0,1.0,8.0,"Developer, full-stack",0.0,"Hybrid (some remote, leans heavy to in-person)",Other:,NZL,9.0,3.0,42165.0,3.0,4.085976312551584
39.5,3.0,1,18.0,20.0,"Developer, full-stack",0.0,"Your choice (very flexible, you can come in when you want or just as needed)",Software Development,UKR,2.0,1.0,119831.0,2.0,0.0
29.5,5.0,0,9.0,12.0,Cloud infrastructure engineer,0.0,Remote,Media & Advertising Services,ESP,3.0,7.0,58007.0,3.0,8.006200887093147
39.5,4.0,0,22.0,30.0,"Architect, software or solutions",0.0,"Hybrid (some remote, leans heavy to in-person)",Computer Systems Design and Services,ISR,5.0,,294142.0,3.0,9.903487552536127
29.5,4.0,0,10.0,12.0,"Developer, back-end",0.0,"Hybrid (some in-person, leans heavy to flexibility)",Banking/Financial Services,ESP,9.0,5.0,73089.0,3.0,5.702114417555504
39.5,2.0,0,10.0,10.0,Engineering manager,1.0,Remote,Healthcare,USA,7.0,2.0,150000.0,3.0,9.903487552536127
29.5,2.0,0,12.0,24.0,"Developer, full-stack",0.0,"Hybrid (some in-person, leans heavy to flexibility)",Software Development,USA,17.0,12.0,201000.0,3.0,2.302585092994046
39.5,5.0,0,10.0,18.0,"Developer, QA or test",0.0,"Hybrid (some in-person, leans heavy to flexibility)","Internet, Telecomm or Information Services",ITA,5.0,5.0,27844.0,3.0,9.903487552536127
49.5,2.0,0,28.0,30.0,"Founder, technology or otherwise",1.0,"Hybrid (some remote, leans heavy to in-person)",Retail and Consumer Services,SWE,4.0,3.0,200000.0,3.0,4.085976312551584
29.5,4.0,1,5.0,5.0,"Developer, full-stack",,,Software Development,USA,2.0,1.0,5000.0,3.0,
29.5,2.0,0,13.0,17.0,"Developer, back-end",0.0,"Hybrid (some in-person, leans heavy to flexibility)",Fintech,IRL,6.0,3.0,124136.0,3.0,6.619406317542652
39.5,4.0,0,10.0,11.0,"Developer, full-stack",0.0,Remote,Software Development,AUS,6.0,5.0,125468.0,3.0,5.702114417555504
39.5,5.0,0,12.0,15.0,"Developer, back-end",0.0,"Hybrid (some in-person, leans heavy to flexibility)","Transportation, or Supply Chain",GBR,8.0,6.0,95299.0,3.0,5.702114417555504
59.5,4.0,0,38.0,45.0,"Developer, desktop or enterprise applications",0.0,Remote,Software Development,USA,5.0,1.0,400000.0,3.0,8.006200887093147
49.5,4.0,0,22.0,15.0,"Developer, full-stack",1.0,Remote,Other:,USA,2.0,2.0,100000.0,3.0,4.085976312551584
59.5,4.0,0,34.0,40.0,DevOps engineer or professional,0.0,"Your choice (very flexible, you can come in when you want or just as needed)","Internet, Telecomm or Information Services",USA,6.0,3.0,350000.0,3.0,9.903487552536127
29.5,5.0,0,3.0,15.0,"Developer, back-end",0.0,"Hybrid (some remote, leans heavy to in-person)",Fintech,SRB,10.0,4.0,2900.0,2.0,5.702114417555504
21.0,4.0,0,3.0,10.0,"Developer, front-end",0.0,"Hybrid (some remote, leans heavy to in-person)",Software Development,USA,5.0,2.0,100000.0,3.0,4.085976312551584
29.5,2.0,0,10.0,15.0,"Developer, back-end",0.0,Remote,Software Development,TUR,9.0,10.0,75410.0,2.0,5.702114417555504
29.5,5.0,0,7.0,14.0,"Developer, full-stack",0.0,Remote,Software Development,GEO,6.0,4.0,34925.0,2.0,8.006200887093147
29.5,5.0,0,10.0,10.0,"Developer, desktop or enterprise applications",1.0,Remote,Software Development,PHL,5.0,,50000.0,2.0,2.302585092994046
29.5,5.0,0,5.0,10.0,"Developer, embedded applications or devices",0.0,"Hybrid (some remote, leans heavy to in-person)","Internet, Telecomm or Information Services",USA,8.0,2.0,295000.0,3.0,8.922591630635415
49.5,2.0,0,27.0,40.0,"Developer, mobile",0.0,Remote,Software Development,USA,4.0,,220000.0,3.0,4.085976312551584
29.5,5.0,0,10.0,12.0,"Developer, front-end",0.0,"Your choice (very flexible, you can come in when you want or just as needed)","Internet, Telecomm or Information Services",FRA,5.0,6.0,54527.0,3.0,5.702114417555504
39.5,5.0,1,8.0,8.0,"Developer, back-end",,,Retail and Consumer Services,UKR,5.0,10.0,18000.0,2.0,
29.5,5.0,0,4.0,9.0,AI/ML engineer,0.0,"Hybrid (some in-person, leans heavy to flexibility)",Software Development,IND,6.0,5.0,18598.0,1.0,8.006200887093147
39.5,5.0,0,20.0,25.0,Engineering manager,0.0,"Hybrid (some remote, leans heavy to in-person)","Internet, Telecomm or Information Services",SGP,7.0,,84361.0,3.0,4.085976312551584
39.5,5.0,0,15.0,19.0,"Developer, desktop or enterprise applications",0.0,"Your choice (very flexible, you can come in when you want or just as needed)",Banking/Financial Services,USA,7.0,7.0,122000.0,3.0,9.903487552536127
21.0,5.0,0,1.0,10.0,"Developer, full-stack",0.0,In-person,Software Development,HKG,9.0,2.0,39745.0,3.0,5.702114417555504
49.5,5.0,0,28.0,38.0,"Developer, full-stack",0.0,"Hybrid (some in-person, leans heavy to flexibility)",Software Development,AUS,19.0,8.0,130019.0,3.0,8.922591630635415
29.5,5.0,0,10.0,13.0,"Developer, back-end",0.0,"Hybrid (some remote, leans heavy to in-person)",Software Development,JPN,5.0,2.0,96724.0,3.0,8.006200887093147
77.5,5.0,0,35.0,38.0,Data engineer,0.0,Remote,Other:,NZL,6.0,6.0,72282.0,3.0,2.302585092994046
39.5,4.0,0,14.0,20.0,"Developer, front-end",0.0,"Hybrid (some remote, leans heavy to in-person)",Insurance,USA,5.0,,135000.0,3.0,9.903487552536127
39.5,5.0,0,21.0,27.0,"Developer, back-end",0.0,Remote,Energy,USA,7.0,3.0,170000.0,3.0,5.702114417555504
39.5,4.0,1,14.0,15.0,"Architect, software or solutions",1.0,Remote,Fintech,USA,6.0,6.0,360000.0,3.0,0.0
39.5,4.0,0,22.0,22.0,"Developer, back-end",0.0,Remote,Software Development,BRA,4.0,3.0,12743.0,2.0,4.085976312551584
39.5,4.0,0,12.0,16.0,"Developer, back-end",0.0,Remote,Software Development,IND,3.0,2.0,89505.0,1.0,4.085976312551584
29.5,4.0,0,2.0,7.0,"Developer, back-end",0.0,In-person,Software Development,VNM,2.0,2.0,4585.0,2.0,
39.5,4.0,1,15.0,20.0,Engineering manager,,,Software Development,BGD,7.0,7.0,60000.0,1.0,
39.5,5.0,0,7.0,12.0,"Developer, back-end",0.0,"Hybrid (some in-person, leans heavy to flexibility)",Fintech,FIN,6.0,4.0,81210.0,3.0,5.702114417555504
39.5,4.0,0,14.0,14.0,"Developer, full-stack",1.0,In-person,Software Development,CHE,9.0,6.0,136392.0,3.0,2.302585092994046
39.5,5.0,0,15.0,19.0,"Developer, embedded applications or devices",1.0,Remote,Software Development,TUR,7.0,,50000.0,2.0,2.302585092994046
29.5,4.0,1,7.0,7.0,"Developer, full-stack",,,"Internet, Telecomm or Information Services",DEU,7.0,4.0,116015.0,3.0,
29.5,4.0,0,7.0,12.0,"Developer, back-end",0.0,In-person,Fintech,BGD,1.0,4.0,12273.0,1.0,8.006200887093147
39.5,6.0,0,11.0,25.0,"Developer, back-end",0.0,Remote,Computer Systems Design and Services,ZAF,5.0,1.0,7216.0,2.0,4.085976312551584
49.5,6.0,0,27.0,27.0,"Developer, desktop or enterprise applications",,In-person,Other:,FRA,4.0,1.0,30164.0,3.0,4.085976312551584
59.5,5.0,0,35.0,43.0,"Developer, desktop or enterprise applications",0.0,Remote,Software Development,DEU,6.0,,150819.0,3.0,8.006200887093147
29.5,4.0,0,10.0,14.0,"Developer, mobile",0.0,"Hybrid (some remote, leans heavy to in-person)",Other:,SRB,1.0,,8167.0,2.0,5.702114417555504
49.5,4.0,0,25.0,25.0,"Architect, software or solutions",0.0,In-person,Manufacturing,SWE,5.0,1.0,68134.0,3.0,5.702114417555504
39.5,5.0,0,15.0,15.0,"Developer, back-end",0.0,Remote,Banking/Financial Services,GBR,2.0,2.0,190598.0,3.0,6.619406317542652
39.5,5.0,0,20.0,23.0,"Developer, back-end",0.0,Remote,Software Development,FRA,1.0,,232029.0,3.0,9.903487552536127
39.5,5.0,0,11.0,17.0,"Developer, front-end",0.0,Remote,Software Development,FRA,1.0,,301638.0,3.0,8.922591630635415
59.5,4.0,1,25.0,25.0,Data engineer,,,Banking/Financial Services,IRL,4.0,6.0,174022.0,3.0,
29.5,1.0,1,12.0,16.0,"Developer, full-stack",,,Software Development,ROU,5.0,6.0,232029.0,3.0,
39.5,1.0,0,20.0,25.0,"Developer, full-stack",0.0,"Hybrid (some remote, leans heavy to in-person)",Software Development,ITA,6.0,2.0,40605.0,3.0,2.302585092994046
49.5,4.0,0,14.0,32.0,AI/ML engineer,0.0,In-person,Higher Education,IND,9.0,5.0,11624.0,1.0,4.085976312551584
29.5,2.0,0,10.0,16.0,"Developer, full-stack",0.0,"Hybrid (some remote, leans heavy to in-person)",Software Development,PRY,13.0,11.0,48132.0,2.0,5.702114417555504
29.5,5.0,0,7.0,10.0,"Developer, AI apps or physical AI",0.0,"Hybrid (some in-person, leans heavy to flexibility)",Software Development,DEU,7.0,4.0,69609.0,3.0,9.903487552536127
29.5,5.0,0,6.0,8.0,Data scientist,0.0,"Hybrid (some remote, leans heavy to in-person)","Transportation, or Supply Chain",DNK,5.0,1.0,95179.0,3.0,5.702114417555504
39.5,5.0,0,19.0,25.0,"Developer, back-end",0.0,"Your choice (very flexible, you can come in when you want or just as needed)",Fintech,HRV,4.0,2.0,81210.0,3.0,5.702114417555504
59.5,4.0,0,21.0,12.0,"Developer, full-stack",0.0,In-person,Government,BEL,9.0,7.0,30164.0,3.0,6.619406317542652
49.5,2.0,1,5.0,9.0,"Developer, front-end",0.0,Remote,Healthcare,ZAF,4.0,4.0,47922.0,2.0,2.302585092994046
21.0,3.0,0,2.0,8.0,"Developer, front-end",0.0,"Hybrid (some in-person, leans heavy to flexibility)",Software Development,NLD,7.0,,32484.0,3.0,2.302585092994046
29.5,5.0,0,12.0,15.0,"Developer, front-end",0.0,Remote,Software Development,IND,5.0,1.0,68581.0,1.0,8.006200887093147
29.5,4.0,0,8.0,11.0,"Developer, full-stack",0.0,"Your choice (very flexible, you can come in when you want or just as needed)",Retail and Consumer Services,ZAF,7.0,1.0,56830.0,2.0,8.006200887093147
39.5,5.0,0,9.0,9.0,"Developer, full-stack",0.0,"Hybrid (some remote, leans heavy to in-person)",Media & Advertising Services,BEL,5.0,5.0,75410.0,3.0,6.619406317542652
29.5,4.0,0,10.0,12.0,"Developer, full-stack",1.0,"Hybrid (some in-person, leans heavy to flexibility)",Software Development,RUS,9.0,7.0,65073.0,3.0,4.085976312551584
59.5,4.0,1,25.0,25.0,"Developer, back-end",,,Software Development,GBR,2.0,3.0,122527.0,3.0,
39.5,5.0,1,18.0,19.0,"Architect, software or solutions",0.0,Remote,Software Development,DEU,8.0,4.0,98612.0,3.0,4.085976312551584
39.5,4.0,0,19.0,25.0,"Developer, back-end",0.0,Remote,Fintech,USA,6.0,4.0,175000.0,3.0,5.702114417555504
39.5,4.0,0,12.0,12.0,"Developer, back-end",0.0,Remote,Healthcare,PRT,3.0,3.0,78890.0,3.0,4.085976312551584
39.5,5.0,0,3.0,4.0,"Developer, front-end",0.0,"Your choice (very flexible, you can come in when you want or just as needed)",Software Development,GBR,4.0,,47650.0,3.0,2.302585092994046
39.5,5.0,0,6.0,15.0,"Developer, back-end",1.0,"Hybrid (some in-person, leans heavy to flexibility)",Software Development,SVN,11.0,6.0,696088.0,3.0,4.085976312551584
49.5,4.0,0,30.0,40.0,"Architect, software or solutions",0.0,Remote,Media & Advertising Services,GBR,3.0,3.0,90194.0,3.0,6.619406317542652
39.5,5.0,0,9.0,14.0,"Developer, mobile",0.0,"Hybrid (some in-person, leans heavy to flexibility)",Other:,SWE,5.0,,61635.0,3.0,8.006200887093147
29.5,4.0,0,3.0,7.0,"Developer, full-stack",0.0,Remote,Software Development,BGD,3.0,1.0,7658.0,1.0,4.085976312551584
39.5,4.0,0,14.0,15.0,"Developer, full-stack",0.0,In-person,"Internet, Telecomm or Information Services",DEU,6.0,1.0,92812.0,3.0,5.702114417555504
49.5,4.0,0,12.0,16.0,"Developer, game or graphics",0.0,Remote,Software Development,UKR,1.0,,34511.0,2.0,4.085976312551584
29.5,2.0,0,3.0,7.0,"Developer, full-stack",0.0,"Hybrid (some remote, leans heavy to in-person)",Manufacturing,ITA,5.0,,31324.0,3.0,8.006200887093147
39.5,5.0,1,13.0,27.0,"Developer, embedded applications or devices",,,Software Development,CZE,5.0,3.0,92812.0,3.0,
39.5,5.0,0,14.0,19.0,"Developer, back-end",0.0,Remote,Media & Advertising Services,CAN,7.0,5.0,109438.0,3.0,6.619406317542652
39.5,6.0,0,7.0,7.0,Data engineer,0.0,Remote,Retail and Consumer Services,ESP,5.0,5.0,81210.0,3.0,5.702114417555504
39.5,5.0,0,19.0,28.0,"Developer, full-stack",0.0,Remote,Software Development,BGR,7.0,2.0,112244.0,3.0,2.302585092994046
29.5,4.0,0,1.0,3.0,"Developer, back-end",0.0,"Hybrid (some remote, leans heavy to in-person)",Software Development,MYS,5.0,4.0,11781.0,2.0,2.302585092994046
29.5,4.0,0,10.0,16.0,DevOps engineer or professional,0.0,"Your choice (very flexible, you can come in when you want or just as needed)","Internet, Telecomm or Information Services",USA,5.0,4.0,154000.0,3.0,5.702114417555504
29.5,4.0,0,8.0,15.0,"Developer, back-end",0.0,Remote,Fintech,IND,3.0,,209231.0,1.0,8.006200887093147
39.5,2.0,1,8.0,10.0,"Developer, full-stack",0.0,Remote,Healthcare,MEX,4.0,4.0,2632.0,2.0,8.006200887093147
49.5,3.0,0,12.0,15.0,"Developer, front-end",0.0,"Your choice (very flexible, you can come in when you want or just as needed)",Fintech,USA,4.0,,230000.0,3.0,4.085976312551584
29.5,1.0,0,7.0,8.0,Cloud infrastructure engineer,0.0,"Hybrid (some in-person, leans heavy to flexibility)","Internet, Telecomm or Information Services",CZE,9.0,8.0,67400.0,3.0,2.302585092994046
39.5,4.0,0,8.0,9.0,"Developer, back-end",0.0,"Hybrid (some in-person, leans heavy to flexibility)","Internet, Telecomm or Information Services",PRT,7.0,3.0,58007.0,3.0,8.006200887093147
39.5,5.0,1,10.0,12.0,"Developer, front-end",,,Other:,SVK,1.0,,87939.0,3.0,
29.5,5.0,0,7.0,13.0,"Developer, front-end",0.0,"Your choice (very flexible, you can come in when you want or just as needed)",Software Development,UKR,6.0,3.0,48000.0,2.0,2.302585092994046
29.5,4.0,0,11.0,20.0,"Developer, mobile",0.0,Remote,Healthcare,GBR,1.0,,74878.0,3.0,5.702114417555504
29.5,4.0,0,8.0,10.0,Cloud infrastructure engineer,1.0,Remote,Software Development,IND,8.0,10.0,13949.0,1.0,9.903487552536127
29.5,4.0,0,9.0,12.0,Data engineer,0.0,"Hybrid (some in-person, leans heavy to flexibility)",Fintech,ARG,2.0,4.0,41800.0,2.0,5.702114417555504
39.5,4.0,0,15.0,25.0,"Developer, back-end",0.0,"Hybrid (some in-person, leans heavy to flexibility)",Media & Advertising Services,NLD,3.0,2.0,92812.0,3.0,4.085976312551584
49.5,5.0,1,20.0,10.0,AI/ML engineer,,,Manufacturing,IND,,,1162.0,1.0,
39.5,4.0,0,16.0,16.0,"Developer, front-end",0.0,Remote,Fintech,USA,4.0,,158000.0,3.0,2.302585092994046
39.5,4.0,0,14.0,20.0,"Developer, back-end",0.0,Remote,Software Development,USA,4.0,2.0,200000.0,3.0,2.302585092994046
39.5,,1,20.0,10.0,"Architect, software or solutions",,,Software Development,LBN,3.0,4.0,5500.0,1.0,
39.5,5.0,1,18.0,33.0,"Developer, front-end",,,Software Development,CZE,4.0,,93611.0,3.0,
39.5,4.0,0,9.0,13.0,"Developer, full-stack",0.0,"Your choice (very flexible, you can come in when you want or just as needed)",Media & Advertising Services,IND,10.0,9.0,6974.0,1.0,2.302585092994046
29.5,4.0,0,12.0,20.0,"Developer, full-stack",0.0,"Hybrid (some remote, leans heavy to in-person)","Internet, Telecomm or Information Services",USA,19.0,4.0,500000.0,3.0,9.903487552536127
39.5,4.0,0,17.0,20.0,"Developer, back-end",1.0,Remote,Media & Advertising Services,MEX,3.0,5.0,78959.0,2.0,4.085976312551584
29.5,4.0,0,6.0,9.0,"Developer, full-stack",0.0,In-person,Banking/Financial Services,TUR,,,45446.0,2.0,9.903487552536127
39.5,5.0,1,12.0,14.0,"Developer, front-end",,,Software Development,FRA,4.0,,29004.0,3.0,
29.5,4.0,0,11.0,15.0,Cloud infrastructure engineer,0.0,Remote,Software Development,USA,4.0,3.0,519000.0,3.0,8.006200887093147
39.5,4.0,0,8.0,21.0,"Developer, desktop or enterprise applications",0.0,"Hybrid (some in-person, leans heavy to flexibility)",Insurance,USA,10.0,2.0,90000.0,3.0,8.922591630635415
29.5,4.0,1,7.0,14.0,"Developer, full-stack",0.0,Remote,Software Development,CAN,3.0,1.0,60000.0,3.0,4.085976312551584
39.5,4.0,0,21.0,26.0,"Developer, back-end",0.0,Remote,Fintech,COL,5.0,4.0,54320.0,2.0,9.903487552536127
59.5,5.0,0,38.0,44.0,"Developer, back-end",0.0,"Your choice (very flexible, you can come in when you want or just as needed)",Fintech,GBR,1.0,,133419.0,3.0,5.702114417555504
29.5,4.0,0,8.0,15.0,"Developer, full-stack",0.0,"Hybrid (some remote, leans heavy to in-person)",Healthcare,USA,11.0,2.0,108000.0,3.0,8.006200887093147
29.5,4.0,0,6.0,8.0,"Developer, front-end",0.0,In-person,Software Development,TZA,5.0,1.0,5613.0,1.0,2.302585092994046
29.5,4.0,0,10.0,12.0,"Developer, mobile",0.0,"Hybrid (some remote, leans heavy to in-person)",Software Development,GBR,,,96660.0,3.0,9.903487552536127
39.5,2.0,0,20.0,30.0,"Architect, software or solutions",1.0,"Hybrid (some in-person, leans heavy to flexibility)",Software Development,FRA,6.0,5.0,58007.0,3.0,5.702114417555504
49.5,2.0,0,30.0,42.0,"Developer, full-stack",1.0,Remote,Software Development,GBR,2.0,1.0,102106.0,3.0,4.085976312551584
39.5,4.0,0,11.0,14.0,"Developer, back-end",0.0,Remote,Software Development,MEX,7.0,4.0,2106.0,2.0,5.702114417555504
39.5,2.0,0,19.0,19.0,"Developer, back-end",0.0,Remote,"Internet, Telecomm or Information Services",GTM,,,41379.0,2.0,4.085976312551584
39.5,4.0,0,13.0,13.0,"Developer, front-end",0.0,Remote,Software Development,ROU,3.0,,55139.0,3.0,8.006200887093147
29.5,4.0,0,7.0,11.0,"Developer, full-stack",0.0,Remote,Other:,TUR,,,27773.0,2.0,8.006200887093147
39.5,5.0,0,10.0,20.0,"Developer, mobile",0.0,"Hybrid (some in-person, leans heavy to flexibility)",Software Development,DEU,10.0,3.0,87011.0,3.0,5.702114417555504
39.5,5.0,0,10.0,13.0,"Developer, full-stack",1.0,"Hybrid (some remote, leans heavy to in-person)",Manufacturing,ITA,9.0,7.0,116015.0,3.0,9.903487552536127
29.5,4.0,0,11.0,15.0,"Developer, full-stack",1.0,Remote,Fintech,USA,6.0,1.0,160000.0,3.0,4.085976312551584
29.5,5.0,0,7.0,15.0,DevOps engineer or professional,0.0,In-person,Software Development,RUS,5.0,3.0,55503.0,3.0,9.903487552536127
29.5,4.0,0,6.0,6.0,"Developer, front-end",1.0,In-person,Government,KHM,4.0,3.0,13200.0,1.0,4.085976312551584
39.5,4.0,0,11.0,15.0,"Developer, desktop or enterprise applications",0.0,"Hybrid (some in-person, leans heavy to flexibility)",Software Development,USA,7.0,3.0,105000.0,3.0,2.302585092994046
39.5,5.0,0,16.0,20.0,"Developer, back-end",0.0,In-person,Fintech,CHN,2.0,1.0,69643.0,2.0,9.903487552536127
29.5,4.0,0,15.0,15.0,"Developer, back-end",0.0,"Hybrid (some in-person, leans heavy to flexibility)",Software Development,USA,5.0,3.0,200000.0,3.0,9.903487552536127
39.5,5.0,0,1.0,4.0,"Developer, full-stack",0.0,"Hybrid (some remote, leans heavy to in-person)",Other:,SWE,3.0,2.0,47065.0,3.0,9.903487552536127
39.5,2.0,0,10.0,30.0,"Developer, full-stack",0.0,Remote,Manufacturing,DEU,9.0,2.0,83531.0,3.0,5.702114417555504
21.0,4.0,0,2.0,8.0,"Developer, full-stack",0.0,"Your choice (very flexible, you can come in when you want or just as needed)",Software Development,IND,,,11624.0,1.0,5.702114417555504
21.0,2.0,0,2.0,3.0,"Developer, full-stack",0.0,"Your choice (very flexible, you can come in when you want or just as needed)",Software Development,ARG,,,40000.0,2.0,9.903487552536127
39.5,2.0,0,18.0,18.0,"Developer, back-end",0.0,Remote,Computer Systems Design and Services,AUS,6.0,4.0,208030.0,3.0,5.702114417555504
21.0,4.0,0,4.0,4.0,"Developer, full-stack",0.0,In-person,Other:,IND,8.0,4.0,12786.0,1.0,5.702114417555504
59.5,4.0,0,31.0,41.0,"Architect, software or solutions",,,Software Development,CAN,,,65663.0,3.0,2.302585092994046
49.5,2.0,0,25.0,40.0,"Developer, embedded applications or devices",0.0,"Hybrid (some remote, leans heavy to in-person)",Computer Systems Design and Services,SWE,8.0,1.0,83857.0,3.0,9.903487552536127
39.5,2.0,0,17.0,17.0,DevOps engineer or professional,0.0,"Hybrid (some in-person, leans heavy to flexibility)",Banking/Financial Services,HUN,8.0,8.0,72870.0,3.0,8.006200887093147
29.5,4.0,0,8.0,,"Developer, mobile",1.0,Remote,Other:,TUR,,,63120.0,2.0,8.922591630635415
21.0,4.0,0,2.0,8.0,"Developer, QA or test",0.0,"Hybrid (some remote, leans heavy to in-person)",Software Development,IND,6.0,2.0,4068.0,1.0,9.903487552536127
29.5,1.0,0,7.0,10.0,Data or business analyst,0.0,In-person,Software Development,PRT,6.0,7.0,19722.0,3.0,2.302585092994046
29.5,5.0,0,4.0,5.0,"Developer, AI apps or physical AI",0.0,In-person,Software Development,IND,11.0,4.0,8137.0,1.0,4.085976312551584
39.5,5.0,0,13.0,18.0,"Architect, software or solutions",1.0,In-person,Software Development,POL,,,51851.0,3.0,2.302585092994046
39.5,2.0,0,19.0,24.0,"Developer, back-end",0.0,Remote,Energy,DEU,8.0,6.0,92812.0,3.0,8.006200887093147
29.5,4.0,0,3.0,4.0,Data engineer,0.0,Remote,Healthcare,IND,,,5231.0,1.0,4.085976312551584
29.5,4.0,0,3.0,3.0,"Developer, back-end",0.0,Remote,Software Development,BRA,5.0,3.0,17415.0,2.0,6.619406317542652
49.5,6.0,0,21.0,30.0,Cybersecurity or InfoSec professional,0.0,"Your choice (very flexible, you can come in when you want or just as needed)",Computer Systems Design and Services,FRA,5.0,,116015.0,3.0,6.619406317542652
21.0,4.0,0,3.0,9.0,"Developer, full-stack",0.0,Remote,Software Development,USA,6.0,4.0,71000.0,3.0,4.085976312551584
59.5,5.0,0,36.0,46.0,Academic researcher,1.0,"Hybrid (some in-person, leans heavy to flexibility)",Higher Education,URY,10.0,7.0,44404.0,3.0,8.006200887093147
49.5,4.0,0,23.0,36.0,"Developer, back-end",,,Software Development,CAN,4.0,,110897.0,3.0,6.619406317542652
59.5,5.0,0,38.0,40.0,"Architect, software or solutions",0.0,"Hybrid (some in-person, leans heavy to flexibility)",Fintech,USA,4.0,1.0,350000.0,3.0,9.903487552536127
29.5,2.0,0,10.0,10.0,"Architect, software or solutions",0.0,"Hybrid (some in-person, leans heavy to flexibility)",Software Development,BGR,4.0,,68203.0,3.0,2.302585092994046
39.5,6.0,0,5.0,6.0,"Developer, full-stack",0.0,"Hybrid (some in-person, leans heavy to flexibility)",Software Development,ESP,3.0,,80514.0,3.0,4.085976312551584
21.0,2.0,0,2.0,12.0,"Developer, back-end",0.0,Remote,Software Development,BRA,5.0,1.0,30764.0,2.0,5.702114417555504
29.5,4.0,0,5.0,10.0,"Developer, full-stack",1.0,"Your choice (very flexible, you can come in when you want or just as needed)",Software Development,URY,4.0,3.0,72000.0,3.0,4.085976312551584
29.5,4.0,0,7.0,12.0,"Developer, front-end",0.0,Remote,"Transportation, or Supply Chain",USA,4.0,,142000.0,3.0,5.702114417555504
29.5,4.0,1,1.0,10.0,"Developer, full-stack",,,Software Development,GBR,5.0,1.0,43565.0,3.0,
39.5,4.0,0,16.0,20.0,"Developer, full-stack",0.0,Remote,"Transportation, or Supply Chain",USA,8.0,5.0,210000.0,3.0,8.922591630635415
29.5,5.0,1,10.0,14.0,"Developer, full-stack",1.0,Remote,"Internet, Telecomm or Information Services",ROU,4.0,2.0,69609.0,3.0,8.006200887093147
39.5,5.0,0,6.0,5.0,"Developer, full-stack",0.0,Remote,Government,USA,3.0,2.0,112000.0,3.0,4.085976312551584
29.5,5.0,0,10.0,15.0,"Developer, full-stack",0.0,"Hybrid (some in-person, leans heavy to flexibility)","Internet, Telecomm or Information Services",GBR,6.0,1.0,136141.0,3.0,8.006200887093147
39.5,5.0,0,18.0,21.0,"Developer, back-end",0.0,Remote,Software Development,USA,5.0,5.0,239000.0,3.0,5.702114417555504
29.5,4.0,0,11.0,13.0,"Developer, back-end",0.0,In-person,Insurance,DEU,9.0,3.0,116015.0,3.0,9.903487552536127
29.5,5.0,0,9.0,14.0,"Developer, back-end",0.0,"Hybrid (some remote, leans heavy to in-person)",Software Development,SWE,,,73375.0,3.0,5.702114417555504
29.5,4.0,0,14.0,16.0,"Developer, back-end",0.0,"Hybrid (some in-person, leans heavy to flexibility)",Retail and Consumer Services,BRA,9.0,7.0,63713.0,2.0,9.903487552536127
29.5,5.0,0,8.0,12.0,DevOps engineer or professional,0.0,"Hybrid (some in-person, leans heavy to flexibility)",Media & Advertising Services,JPN,5.0,,60798.0,3.0,8.006200887093147
29.5,4.0,0,3.0,8.0,"Developer, mobile",0.0,Remote,Banking/Financial Services,TUR,,,35347.0,2.0,6.619406317542652
29.5,3.0,0,5.0,10.0,"Developer, full-stack",0.0,In-person,Software Development,TUR,4.0,5.0,25248.0,2.0,2.302585092994046
21.0,3.0,0,3.0,8.0,"Developer, mobile",1.0,"Hybrid (some in-person, leans heavy to flexibility)","Transportation, or Supply Chain",TUR,,,3408.0,2.0,8.006200887093147
29.5,2.0,0,12.0,16.0,"Developer, front-end",1.0,Remote,Software Development,ZAF,8.0,7.0,39465.0,2.0,4.085976312551584
29.5,2.0,0,8.0,8.0,"Developer, full-stack",0.0,In-person,Other:,SVK,6.0,3.0,30164.0,3.0,4.085976312551584
39.5,6.0,0,8.0,10.0,"Developer, full-stack",0.0,"Hybrid (some in-person, leans heavy to flexibility)",Software Development,DEU,4.0,2.0,80050.0,3.0,4.085976312551584
29.5,5.0,0,5.0,15.0,Data scientist,0.0,In-person,Software Development,SWE,11.0,7.0,73375.0,3.0,5.702114417555504
29.5,5.0,1,12.0,15.0,"Developer, back-end",,,Energy,POL,4.0,,99608.0,3.0,
21.0,4.0,0,,6.0,"Developer, full-stack",0.0,In-person,Manufacturing,USA,11.0,8.0,50000.0,3.0,9.903487552536127
39.5,3.0,0,25.0,28.0,"Developer, full-stack",1.0,"Hybrid (some remote, leans heavy to in-person)",Government,BRA,,,43689.0,2.0,6.619406317542652
39.5,2.0,0,13.0,25.0,"Developer, back-end",0.0,Remote,Retail and Consumer Services,USA,4.0,3.0,130000.0,3.0,4.085976312551584
39.5,4.0,0,21.0,21.0,"Developer, full-stack",0.0,Remote,Software Development,SLV,5.0,2.0,120000.0,2.0,8.006200887093147
29.5,2.0,0,5.0,9.0,"Developer, full-stack",0.0,Remote,Software Development,USA,12.0,4.0,130000.0,3.0,5.702114417555504
59.5,5.0,0,30.0,41.0,"Architect, software or solutions",0.0,"Hybrid (some in-person, leans heavy to flexibility)",Software Development,DEU,6.0,1.0,139218.0,3.0,9.903487552536127
29.5,4.0,0,6.0,10.0,Cloud infrastructure engineer,0.0,Remote,Software Development,CAN,2.0,5.0,124029.0,3.0,8.006200887093147
29.5,4.0,0,12.0,15.0,"Developer, full-stack",0.0,Remote,Software Development,PRT,,,69609.0,3.0,5.702114417555504
39.5,6.0,0,9.0,26.0,"Developer, full-stack",0.0,Remote,Software Development,GBR,,,81685.0,3.0,2.302585092994046
29.5,5.0,0,7.0,13.0,Other (please specify):,0.0,"Your choice (very flexible, you can come in when you want or just as needed)",Fintech,FRA,8.0,2.0,139218.0,3.0,2.302585092994046
59.5,5.0,1,30.0,20.0,"Developer, full-stack",,,Media & Advertising Services,USA,4.0,2.0,60000.0,3.0,
59.5,4.0,1,27.0,30.0,"Developer, full-stack",0.0,Remote,Fintech,USA,6.0,6.0,150000.0,3.0,0.0
29.5,2.0,0,7.0,14.0,"Developer, front-end",0.0,"Hybrid (some remote, leans heavy to in-person)","Transportation, or Supply Chain",AUT,5.0,2.0,58007.0,3.0,8.922591630635415
39.5,5.0,0,15.0,18.0,Engineering manager,1.0,"Hybrid (some in-person, leans heavy to flexibility)",Fintech,GBR,3.0,2.0,136141.0,3.0,4.085976312551584
21.0,4.0,0,,4.0,"Developer, back-end",0.0,"Hybrid (some remote, leans heavy to in-person)",Software Development,IND,,,23248.0,1.0,9.903487552536127
29.5,2.0,0,12.0,17.0,"Developer, full-stack",0.0,Remote,Software Development,ARG,10.0,2.0,30710.0,2.0,2.302585092994046
49.5,4.0,0,26.0,30.0,"Developer, back-end",0.0,Remote,Software Development,ITA,14.0,10.0,46406.0,3.0,2.302585092994046
29.5,3.0,0,6.0,10.0,"Developer, full-stack",0.0,"Your choice (very flexible, you can come in when you want or just as needed)",Fintech,USA,,,180000.0,3.0,4.085976312551584
29.5,5.0,0,5.0,15.0,"Developer, game or graphics",0.0,Remote,Software Development,ITA,3.0,,29004.0,3.0,2.302585092994046
21.0,4.0,0,3.0,5.0,"Developer, full-stack",0.0,Remote,Software Development,IND,,,34872.0,1.0,2.302585092994046
39.5,4.0,0,9.0,12.0,"Developer, desktop or enterprise applications",0.0,"Hybrid (some in-person, leans heavy to flexibility)",Higher Education,GBR,,,53095.0,3.0,8.922591630635415
39.5,4.0,0,22.0,25.0,Engineering manager,1.0,"Hybrid (some remote, leans heavy to in-person)",Software Development,USA,12.0,8.0,260000.0,3.0,8.006200887093147
49.5,2.0,0,27.0,25.0,"Developer, full-stack",0.0,"Your choice (very flexible, you can come in when you want or just as needed)",Software Development,GBR,5.0,2.0,81685.0,3.0,2.302585092994046
49.5,4.0,0,25.0,25.0,"Developer, desktop or enterprise applications",0.0,"Hybrid (some remote, leans heavy to in-person)",Energy,COL,2.0,3.0,25447.0,2.0,2.302585092994046
29.5,5.0,1,8.0,12.0,"Architect, software or solutions",,,Software Development,ZAF,4.0,3.0,54124.0,2.0,
39.5,4.0,0,14.0,19.0,"Developer, front-end",0.0,Remote,Software Development,USA,,,170000.0,3.0,5.702114417555504
29.5,4.0,0,5.0,15.0,DevOps engineer or professional,0.0,"Hybrid (some in-person, leans heavy to flexibility)",Fintech,USA,8.0,2.0,149000.0,3.0,9.903487552536127
39.5,4.0,0,13.0,17.0,"Architect, software or solutions",1.0,Remote,Retail and Consumer Services,USA,,,257000.0,3.0,8.006200887093147
77.5,4.0,0,45.0,47.0,"Developer, full-stack",0.0,Remote,Government,USA,4.0,1.0,136000.0,3.0,8.006200887093147
29.5,4.0,0,7.0,15.0,"Developer, embedded applications or devices",0.0,"Hybrid (some in-person, leans heavy to flexibility)","Internet, Telecomm or Information Services",POL,8.0,,43664.0,3.0,9.903487552536127
39.5,4.0,0,10.0,10.0,"Developer, back-end",0.0,Remote,Software Development,USA,1.0,2.0,135100.0,3.0,8.006200887093147
39.5,4.0,0,13.0,17.0,DevOps engineer or professional,0.0,"Hybrid (some remote, leans heavy to in-person)",Software Development,CAN,10.0,1.0,109438.0,3.0,6.619406317542652
59.5,6.0,0,32.0,32.0,AI/ML engineer,0.0,Remote,Government,USA,1.0,,246000.0,3.0,8.922591630635415
21.0,4.0,0,5.0,10.0,"Developer, full-stack",0.0,"Your choice (very flexible, you can come in when you want or just as needed)",Healthcare,USA,5.0,,1000000.0,3.0,9.903487552536127
29.5,4.0,0,10.0,10.0,"Developer, full-stack",0.0,"Hybrid (some in-person, leans heavy to flexibility)",Software Development,GBR,11.0,10.0,97886.0,3.0,5.702114417555504
39.5,4.0,0,10.0,10.0,"Developer, back-end",0.0,"Hybrid (some in-person, leans heavy to flexibility)",Software Development,BEL,1.0,1.0,81210.0,3.0,9.903487552536127
39.5,4.0,0,12.0,12.0,"Developer, full-stack",0.0,Remote,Insurance,DEU,4.0,2.0,110214.0,3.0,4.085976312551584
39.5,1.0,0,24.0,26.0,"Developer, full-stack",0.0,"Hybrid (some in-person, leans heavy to flexibility)",Software Development,PRT,,,41765.0,3.0,8.006200887093147
29.5,4.0,0,3.0,10.0,"Developer, full-stack",0.0,"Your choice (very flexible, you can come in when you want or just as needed)","Internet, Telecomm or Information Services",AUT,,,58007.0,3.0,2.302585092994046
59.5,3.0,0,20.0,20.0,"Developer, full-stack",0.0,Remote,Banking/Financial Services,USA,,,155000.0,3.0,8.006200887093147
29.5,4.0,1,10.0,10.0,Data engineer,0.0,Remote,Software Development,COL,,,100000.0,2.0,2.302585092994046
29.5,2.0,0,8.0,13.0,"Developer, back-end",0.0,"Hybrid (some remote, leans heavy to in-person)",Software Development,GRC,5.0,5.0,46406.0,3.0,2.302585092994046
39.5,2.0,0,20.0,25.0,"Developer, full-stack",0.0,Remote,"Transportation, or Supply Chain",NLD,3.0,1.0,133417.0,3.0,2.302585092994046
29.5,4.0,0,6.0,7.0,"Developer, front-end",0.0,Remote,Higher Education,GBR,1.0,,66709.0,3.0,5.702114417555504
39.5,2.0,1,3.0,3.0,"Developer, full-stack",,,Software Development,AGO,2.0,6.0,13922.0,1.0,
39.5,5.0,0,17.0,20.0,Engineering manager,0.0,"Hybrid (some remote, leans heavy to in-person)",Computer Systems Design and Services,FIN,2.0,3.0,69609.0,3.0,4.085976312551584
29.5,5.0,0,5.0,13.0,"Developer, full-stack",0.0,"Hybrid (some remote, leans heavy to in-person)",Software Development,AUT,,,81210.0,3.0,4.085976312551584
39.5,5.0,0,6.0,6.0,"Developer, mobile",,Remote,Fintech,POL,3.0,1.0,87328.0,3.0,9.903487552536127
39.5,4.0,0,14.0,20.0,DevOps engineer or professional,0.0,Remote,Retail and Consumer Services,IND,7.0,4.0,94154.0,1.0,5.702114417555504
21.0,4.0,0,4.0,10.0,"Developer, full-stack",0.0,"Your choice (very flexible, you can come in when you want or just as needed)",Software Development,GBR,5.0,3.0,44927.0,3.0,4.085976312551584
39.5,5.0,0,18.0,30.0,"Developer, back-end",0.0,Remote,Software Development,FRA,2.0,1.0,113694.0,3.0,5.702114417555504
29.5,5.0,0,3.0,8.0,"Developer, front-end",0.0,"Hybrid (some remote, leans heavy to in-person)",Software Development,IND,4.0,1.0,6974.0,1.0,5.702114417555504
29.5,2.0,1,3.0,4.0,"Developer, back-end",,,Software Development,KEN,,,1161.0,1.0,
39.5,5.0,0,12.0,28.0,"Developer, back-end",0.0,In-person,"Internet, Telecomm or Information Services",CHN,4.0,8.0,208928.0,2.0,9.903487552536127
29.5,5.0,0,4.0,5.0,"Developer, front-end",0.0,Remote,Software Development,DEU,6.0,2.0,63808.0,3.0,5.702114417555504
21.0,4.0,0,2.0,2.0,"Developer, full-stack",0.0,"Hybrid (some remote, leans heavy to in-person)",Higher Education,IND,,,2906.0,1.0,4.085976312551584
39.5,4.0,1,10.0,15.0,"Developer, mobile",0.0,Remote,Software Development,USA,5.0,2.0,50000.0,3.0,2.302585092994046
29.5,5.0,1,8.0,10.0,"Developer, back-end",,,Fintech,UKR,5.0,2.0,5453.0,2.0,
39.5,5.0,0,15.0,,Data scientist,0.0,Remote,Energy,CAN,4.0,,134973.0,3.0,8.006200887093147
29.5,,0,4.0,6.0,"Developer, full-stack",0.0,"Your choice (very flexible, you can come in when you want or just as needed)",Other:,CAN,7.0,1.0,43775.0,3.0,5.702114417555504
49.5,4.0,0,36.0,40.0,"Architect, software or solutions",1.0,Remote,Software Development,CHL,6.0,4.0,120000.0,3.0,5.702114417555504
21.0,4.0,0,3.0,8.0,"Developer, full-stack",0.0,Remote,Software Development,USA,8.0,3.0,68000.0,3.0,2.302585092994046
49.5,4.0,0,27.0,30.0,"Architect, software or solutions",1.0,Remote,Software Development,DEU,5.0,2.0,162421.0,3.0,4.085976312551584
49.5,5.0,0,34.0,40.0,Data scientist,0.0,"Hybrid (some in-person, leans heavy to flexibility)",Healthcare,DEU,,,127616.0,3.0,4.085976312551584
29.5,4.0,0,9.0,9.0,"Developer, full-stack",0.0,Remote,"Internet, Telecomm or Information Services",USA,4.0,2.0,165000.0,3.0,9.903487552536127
29.5,,0,8.0,12.0,"Developer, mobile",0.0,"Your choice (very flexible, you can come in when you want or just as needed)",Software Development,CAN,3.0,,218875.0,3.0,8.922591630635415
29.5,5.0,0,2.0,10.0,"Developer, back-end",0.0,"Hybrid (some remote, leans heavy to in-person)",Computer Systems Design and Services,GBR,9.0,,57179.0,3.0,9.903487552536127
49.5,3.0,0,25.0,,"Developer, full-stack",1.0,"Hybrid (some remote, leans heavy to in-person)",Other:,DNK,12.0,,116640.0,3.0,2.302585092994046
49.5,4.0,0,25.0,30.0,"Developer, full-stack",0.0,"Hybrid (some in-person, leans heavy to flexibility)",Retail and Consumer Services,ZAF,4.0,1.0,67655.0,2.0,5.702114417555504
29.5,3.0,0,3.0,6.0,DevOps engineer or professional,0.0,In-person,Software Development,DEU,10.0,4.0,58007.0,3.0,2.302585092994046
21.0,4.0,0,1.0,9.0,"Developer, full-stack",0.0,"Hybrid (some remote, leans heavy to in-person)",Software Development,TUR,10.0,6.0,6665.0,2.0,2.302585092994046
21.0,2.0,0,3.0,8.0,"Developer, full-stack",0.0,"Hybrid (some remote, leans heavy to in-person)",Software Development,CZE,10.0,5.0,22467.0,3.0,4.085976312551584
39.5,3.0,0,9.0,31.0,"Developer, full-stack",0.0,"Hybrid (some in-person, leans heavy to flexibility)",Software Development,SWE,6.0,3.0,60796.0,3.0,5.702114417555504
29.5,4.0,0,12.0,17.0,"Developer, back-end",0.0,Remote,Healthcare,USA,,,121000.0,3.0,8.006200887093147
21.0,4.0,0,2.0,6.0,"Developer, back-end",0.0,"Hybrid (some remote, leans heavy to in-person)",Manufacturing,USA,8.0,2.0,90000.0,3.0,9.903487552536127
39.5,2.0,0,20.0,24.0,Database administrator or engineer,0.0,Remote,Software Development,NZL,3.0,1.0,301177.0,3.0,9.903487552536127
29.5,4.0,0,10.0,10.0,"Developer, full-stack",0.0,Remote,Software Development,BRA,,,34951.0,2.0,8.006200887093147
39.5,2.0,1,14.0,15.0,"Developer, mobile",0.0,"Hybrid (some in-person, leans heavy to flexibility)",Banking/Financial Services,POL,,,78595.0,3.0,4.085976312551584
29.5,2.0,1,3.0,4.0,"Developer, full-stack",0.0,Remote,Software Development,KEN,,,3483.0,1.0,4.085976312551584
39.5,4.0,0,23.0,15.0,"Developer, desktop or enterprise applications",0.0,Remote,Retail and Consumer Services,USA,4.0,2.0,115000.0,3.0,9.903487552536127
39.5,6.0,0,20.0,25.0,"Developer, full-stack",0.0,"Hybrid (some remote, leans heavy to in-person)",Software Development,USA,1.0,,800000.0,3.0,9.903487552536127
49.5,3.0,1,25.0,25.0,"Developer, back-end",,,Software Development,ALB,3.0,,17402.0,2.0,
49.5,3.0,0,2.0,4.0,"Developer, front-end",0.0,In-person,Banking/Financial Services,NZL,,,42165.0,3.0,4.085976312551584
39.5,4.0,0,20.0,25.0,Engineering manager,1.0,Remote,Healthcare,USA,8.0,4.0,350000.0,3.0,
39.5,4.0,0,15.0,21.0,"Senior executive (C-suite, VP, etc.)",1.0,Remote,Fintech,GBR,6.0,4.0,142949.0,3.0,4.085976312551584
39.5,5.0,0,14.0,14.0,"Developer, back-end",0.0,"Your choice (very flexible, you can come in when you want or just as needed)",Fintech,USA,5.0,8.0,170000.0,3.0,5.702114417555504
21.0,5.0,1,5.0,6.0,"Developer, front-end",,,Software Development,UKR,5.0,1.0,20000.0,2.0,
39.5,4.0,0,19.0,22.0,"Developer, full-stack",1.0,"Hybrid (some in-person, leans heavy to flexibility)",Retail and Consumer Services,AUS,3.0,1.0,138470.0,3.0,8.922591630635415
29.5,5.0,0,4.0,10.0,"Developer, full-stack",0.0,"Hybrid (some in-person, leans heavy to flexibility)","Transportation, or Supply Chain",GBR,,,82366.0,3.0,8.006200887093147
49.5,5.0,0,20.0,24.0,"Developer, full-stack",0.0,Remote,Software Development,GBR,5.0,3.0,122527.0,3.0,2.302585092994046
29.5,4.0,0,9.0,11.0,"Developer, full-stack",0.0,Remote,Healthcare,USA,8.0,3.0,107000.0,3.0,9.903487552536127
21.0,1.0,0,3.0,5.0,"Developer, desktop or enterprise applications",0.0,"Hybrid (some in-person, leans heavy to flexibility)",Software Development,DEU,13.0,6.0,43738.0,3.0,6.619406317542652
39.5,5.0,1,19.0,19.0,"Developer, back-end",0.0,Remote,Government,RUS,7.0,3.0,61245.0,3.0,0.0
39.5,2.0,0,18.0,22.0,"Developer, full-stack",0.0,In-person,Fintech,CYP,8.0,4.0,98612.0,3.0,5.702114417555504
39.5,5.0,1,13.0,22.0,"Developer, full-stack",,,Software Development,DEU,7.0,7.0,127616.0,3.0,
39.5,2.0,1,23.0,30.0,"Developer, full-stack",,,Software Development,USA,8.0,3.0,240000.0,3.0,
49.5,6.0,0,15.0,15.0,"Architect, software or solutions",0.0,Remote,"Transportation, or Supply Chain",CAN,8.0,4.0,180000.0,3.0,4.085976312551584
39.5,6.0,0,10.0,15.0,"Developer, full-stack",0.0,Remote,Other:,USA,7.0,1.0,96000.0,3.0,5.702114417555504
39.5,4.0,0,18.0,24.0,"Developer, full-stack",0.0,In-person,Software Development,MDV,13.0,13.0,23369.0,2.0,2.302585092994046
39.5,5.0,0,14.0,29.0,"Developer, front-end",0.0,Remote,"Internet, Telecomm or Information Services",ESP,4.0,,83531.0,3.0,5.702114417555504
21.0,4.0,0,6.0,8.0,"Developer, embedded applications or devices",0.0,In-person,Software Development,USA,7.0,,80000.0,3.0,4.085976312551584
29.5,4.0,0,4.0,8.0,Applied scientist,0.0,Remote,Energy,BRA,2.0,,17840.0,2.0,5.702114417555504
59.5,4.0,0,30.0,35.0,"Developer, desktop or enterprise applications",0.0,"Hybrid (some in-person, leans heavy to flexibility)",Software Development,IRL,5.0,2.0,81210.0,3.0,2.302585092994046
29.5,1.0,0,4.0,5.0,"Developer, front-end",0.0,Remote,Insurance,DEU,3.0,,77150.0,3.0,6.619406317542652
49.5,4.0,1,27.0,34.0,"Architect, software or solutions",,,Healthcare,GBR,7.0,2.0,136141.0,3.0,
,4.0,0,13.0,15.0,"Developer, front-end",0.0,"Hybrid (some remote, leans heavy to in-person)",Software Development,USA,3.0,,150000.0,3.0,
39.5,4.0,0,10.0,20.0,"Senior executive (C-suite, VP, etc.)",1.0,"Your choice (very flexible, you can come in when you want or just as needed)",Software Development,CAN,5.0,1.0,109438.0,3.0,4.085976312551584
39.5,4.0,0,14.0,20.0,"Developer, front-end",0.0,"Your choice (very flexible, you can come in when you want or just as needed)",Software Development,CAN,6.0,,99223.0,3.0,8.006200887093147
21.0,4.0,0,3.0,7.0,"Developer, mobile",0.0,"Hybrid (some remote, leans heavy to in-person)",Software Development,BLR,6.0,,13209.0,2.0,2.302585092994046
49.5,5.0,1,24.0,40.0,"Developer, full-stack",0.0,"Hybrid (some remote, leans heavy to in-person)",Software Development,AUT,3.0,2.0,11601.0,3.0,0.0
59.5,4.0,0,30.0,38.0,"Developer, front-end",0.0,"Hybrid (some in-person, leans heavy to flexibility)",Fintech,USA,4.0,1.0,340000.0,3.0,5.702114417555504
39.5,4.0,0,2.0,8.0,"Developer, full-stack",0.0,Remote,Software Development,USA,7.0,1.0,55000.0,3.0,9.903487552536127
49.5,5.0,0,20.0,30.0,"Developer, full-stack",0.0,"Hybrid (some in-person, leans heavy to flexibility)",Software Development,DEU,5.0,3.0,83531.0,3.0,6.619406317542652
39.5,5.0,0,12.0,22.0,Engineering manager,1.0,"Your choice (very flexible, you can come in when you want or just as needed)",Fintech,SGP,6.0,5.0,234337.0,3.0,5.702114417555504
39.5,5.0,1,9.0,19.0,"Developer, full-stack",,,Software Development,CZE,5.0,3.0,50550.0,3.0,
29.5,4.0,0,6.0,9.0,Data engineer,0.0,Remote,Software Development,USA,5.0,5.0,180000.0,3.0,5.702114417555504
49.5,4.0,0,28.0,28.0,"Developer, full-stack",0.0,Remote,Energy,BRA,4.0,1.0,24029.0,2.0,9.903487552536127
39.5,4.0,1,18.0,30.0,"Developer, game or graphics",,,Software Development,CAN,13.0,3.0,80254.0,3.0,
49.5,5.0,0,20.0,24.0,Data or business analyst,0.0,"Your choice (very flexible, you can come in when you want or just as needed)",Energy,USA,9.0,8.0,200000.0,3.0,8.922591630635415
29.5,5.0,0,5.0,10.0,Engineering manager,0.0,"Your choice (very flexible, you can come in when you want or just as needed)",Fintech,GBR,5.0,4.0,123889.0,3.0,5.702114417555504
29.5,4.0,0,5.0,8.0,"Developer, full-stack",0.0,"Hybrid (some in-person, leans heavy to flexibility)",Software Development,GBR,3.0,2.0,59902.0,3.0,6.619406317542652
29.5,4.0,0,5.0,9.0,"Developer, back-end",0.0,In-person,Banking/Financial Services,TUN,4.0,1.0,9368.0,1.0,4.085976312551584
21.0,4.0,0,3.0,10.0,"Developer, embedded applications or devices",0.0,In-person,Healthcare,USA,4.0,,90000.0,3.0,9.903487552536127
49.5,1.0,1,30.0,30.0,"Developer, full-stack",,,Software Development,ROU,8.0,2.0,126361.0,3.0,0.0
39.5,4.0,0,12.0,20.0,Applied scientist,0.0,"Your choice (very flexible, you can come in when you want or just as needed)",Government,USA,7.0,1.0,250000.0,3.0,8.006200887093147
39.5,6.0,0,15.0,25.0,"Developer, full-stack",1.0,"Hybrid (some remote, leans heavy to in-person)",Software Development,NOR,7.0,4.0,108710.0,3.0,5.702114417555504
29.5,4.0,0,15.0,15.0,"Developer, mobile",0.0,"Hybrid (some in-person, leans heavy to flexibility)",Software Development,SWE,2.0,,88050.0,3.0,9.903487552536127
29.5,2.0,0,9.0,12.0,"Developer, full-stack",0.0,"Hybrid (some in-person, leans heavy to flexibility)",Software Development,BEL,6.0,4.0,46406.0,3.0,4.085976312551584
21.0,3.0,0,4.0,8.0,Cloud infrastructure engineer,0.0,"Your choice (very flexible, you can come in when you want or just as needed)",Banking/Financial Services,CAN,5.0,4.0,64933.0,3.0,6.619406317542652
49.5,4.0,0,25.0,30.0,"Developer, full-stack",0.0,"Hybrid (some remote, leans heavy to in-person)",Software Development,LVA,7.0,3.0,48726.0,3.0,4.085976312551584
29.5,4.0,0,4.0,12.0,AI/ML engineer,0.0,"Hybrid (some in-person, leans heavy to flexibility)",Software Development,USA,10.0,1.0,140000.0,3.0,2.302585092994046
59.5,5.0,0,27.0,40.0,Data engineer,0.0,"Hybrid (some remote, leans heavy to in-person)",Government,USA,3.0,3.0,125000.0,3.0,5.702114417555504
39.5,6.0,0,4.0,15.0,Applied scientist,0.0,"Hybrid (some remote, leans heavy to in-person)",Software Development,DNK,9.0,,110109.0,3.0,5.702114417555504
39.5,4.0,0,15.0,30.0,"Developer, QA or test",0.0,Remote,Higher Education,USA,6.0,4.0,90000.0,3.0,4.085976312551584
29.5,4.0,0,7.0,15.0,"Developer, full-stack",0.0,Remote,Software Development,BRA,5.0,3.0,65533.0,2.0,5.702114417555504
39.5,5.0,0,20.0,25.0,"Developer, full-stack",1.0,Remote,Media & Advertising Services,USA,6.0,1.0,140000.0,3.0,4.085976312551584
39.5,4.0,0,15.0,18.0,"Developer, game or graphics",0.0,"Hybrid (some in-person, leans heavy to flexibility)",Software Development,NLD,6.0,,81210.0,3.0,5.702114417555504
21.0,4.0,0,1.0,6.0,"Developer, back-end",0.0,Remote,Banking/Financial Services,TUR,5.0,3.0,24000.0,2.0,8.006200887093147
49.5,3.0,0,30.0,35.0,"Architect, software or solutions",1.0,Remote,Software Development,VEN,2.0,2.0,32000.0,1.0,4.085976312551584
39.5,3.0,0,15.0,15.0,"Developer, mobile",1.0,"Hybrid (some remote, leans heavy to in-person)",Software Development,COL,6.0,,76831.0,2.0,6.619406317542652
39.5,4.0,0,20.0,26.0,Engineering manager,1.0,Remote,Software Development,DEU,7.0,4.0,145018.0,3.0,6.619406317542652
49.5,5.0,1,28.0,32.0,"Developer, full-stack",0.0,"Your choice (very flexible, you can come in when you want or just as needed)",Banking/Financial Services,GBR,5.0,3.0,176984.0,3.0,8.006200887093147
21.0,4.0,0,3.0,5.0,"Developer, full-stack",0.0,"Hybrid (some in-person, leans heavy to flexibility)",Government,USA,11.0,4.0,74000.0,3.0,8.006200887093147
29.5,5.0,0,10.0,20.0,"Developer, full-stack",0.0,"Your choice (very flexible, you can come in when you want or just as needed)",Software Development,DEU,4.0,2.0,104413.0,3.0,4.085976312551584
39.5,5.0,0,18.0,23.0,"Developer, back-end",0.0,Remote,Banking/Financial Services,UKR,8.0,5.0,24943.0,2.0,5.702114417555504
29.5,5.0,0,6.0,15.0,"Developer, game or graphics",0.0,"Hybrid (some in-person, leans heavy to flexibility)",Healthcare,ITA,3.0,,49886.0,3.0,2.302585092994046
29.5,5.0,0,1.0,13.0,Other (please specify):,0.0,"Hybrid (some in-person, leans heavy to flexibility)","Transportation, or Supply Chain",JPN,9.0,,64736.0,3.0,5.702114417555504
77.5,5.0,0,45.0,50.0,AI/ML engineer,0.0,Remote,"Internet, Telecomm or Information Services",USA,5.0,4.0,300000.0,3.0,9.903487552536127
59.5,4.0,1,33.0,35.0,"Developer, full-stack",0.0,Remote,Healthcare,CAN,6.0,4.0,72958.0,3.0,9.903487552536127
39.5,4.0,0,10.0,15.0,"Developer, back-end",0.0,Remote,Software Development,ITA,3.0,6.0,58007.0,3.0,8.006200887093147
39.5,6.0,0,10.0,22.0,"Developer, back-end",0.0,"Hybrid (some remote, leans heavy to in-person)",Software Development,CHE,7.0,1.0,371979.0,3.0,9.903487552536127
39.5,4.0,0,20.0,25.0,"Architect, software or solutions",1.0,"Hybrid (some remote, leans heavy to in-person)",Software Development,EGY,12.0,7.0,63909.0,1.0,5.702114417555504
49.5,4.0,0,20.0,25.0,"Senior executive (C-suite, VP, etc.)",1.0,Remote,Software Development,USA,7.0,8.0,550000.0,3.0,4.085976312551584
29.5,2.0,0,4.0,10.0,"Developer, full-stack",0.0,"Your choice (very flexible, you can come in when you want or just as needed)",Media & Advertising Services,HUN,11.0,6.0,43375.0,3.0,6.619406317542652
29.5,5.0,0,5.0,9.0,AI/ML engineer,0.0,"Hybrid (some remote, leans heavy to in-person)",Software Development,GBR,9.0,1.0,340354.0,3.0,8.006200887093147
29.5,2.0,0,8.0,15.0,"Developer, back-end",0.0,"Your choice (very flexible, you can come in when you want or just as needed)",Software Development,CAN,7.0,4.0,131325.0,3.0,6.619406317542652
21.0,4.0,0,1.0,6.0,"Developer, back-end",0.0,In-person,Fintech,USA,12.0,5.0,120000.0,3.0,9.903487552536127
29.5,4.0,0,11.0,22.0,"Developer, back-end",0.0,"Hybrid (some in-person, leans heavy to flexibility)",Software Development,USA,9.0,,1950000.0,3.0,9.903487552536127
49.5,4.0,1,28.0,39.0,"Developer, back-end",,,Software Development,GBR,5.0,1.0,122527.0,3.0,
49.5,4.0,0,32.0,43.0,"Architect, software or solutions",0.0,Remote,Software Development,USA,9.0,2.0,600000.0,3.0,9.903487552536127
39.5,5.0,0,17.0,27.0,Engineering manager,1.0,"Hybrid (some remote, leans heavy to in-person)",Media & Advertising Services,USA,8.0,3.0,250000.0,3.0,4.085976312551584
39.5,6.0,0,11.0,20.0,"Developer, AI apps or physical AI",0.0,"Your choice (very flexible, you can come in when you want or just as needed)",Healthcare,GBR,5.0,6.0,108913.0,3.0,4.085976312551584
29.5,3.0,0,10.0,20.0,"Architect, software or solutions",1.0,"Hybrid (some remote, leans heavy to in-person)",Software Development,DEU,7.0,3.0,85851.0,3.0,4.085976312551584
29.5,5.0,0,8.0,10.0,"Developer, back-end",0.0,"Hybrid (some remote, leans heavy to in-person)","Internet, Telecomm or Information Services",FRA,3.0,3.0,51841.0,3.0,4.085976312551584
29.5,4.0,0,3.0,7.0,"Developer, full-stack",0.0,In-person,Manufacturing,BRA,3.0,6.0,17476.0,2.0,8.006200887093147
39.5,4.0,0,22.0,30.0,"Developer, full-stack",0.0,Remote,Software Development,USA,5.0,1.0,185000.0,3.0,9.903487552536127
39.5,4.0,0,12.0,20.0,"Developer, QA or test",0.0,Remote,Other:,USA,4.0,,72000.0,3.0,5.702114417555504
39.5,4.0,0,10.0,13.0,"Developer, full-stack",0.0,"Hybrid (some in-person, leans heavy to flexibility)",Media & Advertising Services,GBR,3.0,1.0,54457.0,3.0,2.302585092994046
29.5,3.0,1,6.0,10.0,"Developer, full-stack",0.0,"Your choice (very flexible, you can come in when you want or just as needed)",Software Development,USA,10.0,5.0,100000.0,3.0,0.0
29.5,5.0,0,6.0,8.0,"Developer, full-stack",0.0,In-person,Other:,USA,14.0,5.0,135000.0,3.0,2.302585092994046
39.5,5.0,0,12.0,16.0,"Developer, back-end",0.0,Remote,Fintech,GBR,7.0,4.0,136141.0,3.0,8.006200887093147
39.5,3.0,0,15.0,20.0,"Developer, full-stack",0.0,Remote,Manufacturing,USA,11.0,3.0,275000.0,3.0,5.702114417555504
39.5,5.0,0,8.0,7.0,"Developer, front-end",1.0,"Hybrid (some remote, leans heavy to in-person)","Internet, Telecomm or Information Services",FRA,6.0,2.0,81210.0,3.0,8.006200887093147
29.5,4.0,0,8.0,10.0,"Developer, full-stack",0.0,Remote,Fintech,GBR,4.0,1.0,68071.0,3.0,2.302585092994046
49.5,5.0,0,30.0,40.0,"Developer, embedded applications or devices",0.0,Remote,Software Development,CAN,4.0,,218875.0,3.0,8.006200887093147
21.0,4.0,0,2.0,8.0,"Developer, full-stack",0.0,"Hybrid (some remote, leans heavy to in-person)",Software Development,IDN,4.0,2.0,2758.0,2.0,2.302585092994046
29.5,2.0,0,2.0,3.0,"Developer, full-stack",0.0,"Your choice (very flexible, you can come in when you want or just as needed)",Software Development,ITA,9.0,10.0,31904.0,3.0,9.903487552536127
29.5,5.0,0,1.0,7.0,"Developer, full-stack",0.0,In-person,Software Development,TUN,12.0,5.0,4073.0,1.0,2.302585092994046
49.5,4.0,0,23.0,25.0,"Developer, full-stack",0.0,Remote,Software Development,USA,7.0,1.0,138000.0,3.0,6.619406317542652
21.0,5.0,0,5.0,15.0,"Developer, embedded applications or devices",0.0,"Hybrid (some remote, leans heavy to in-person)",Other:,USA,8.0,,120000.0,3.0,9.903487552536127
49.5,6.0,0,15.0,10.0,Engineering manager,1.0,"Hybrid (some remote, leans heavy to in-person)","Internet, Telecomm or Information Services",PRT,3.0,3.0,104413.0,3.0,6.619406317542652
49.5,2.0,0,26.0,30.0,"Architect, software or solutions",1.0,"Hybrid (some remote, leans heavy to in-person)","Internet, Telecomm or Information Services",CHE,4.0,2.0,99194.0,3.0,4.085976312551584
29.5,4.0,0,12.0,15.0,"Developer, full-stack",0.0,"Hybrid (some in-person, leans heavy to flexibility)",Other:,USA,8.0,3.0,112000.0,3.0,5.702114417555504
39.5,4.0,0,20.0,25.0,"Developer, full-stack",0.0,"Hybrid (some remote, leans heavy to in-person)",Software Development,USA,6.0,4.0,145000.0,3.0,2.302585092994046
49.5,5.0,0,26.0,30.0,"Developer, full-stack",0.0,"Your choice (very flexible, you can come in when you want or just as needed)",Software Development,SWE,5.0,1.0,66038.0,3.0,4.085976312551584
39.5,4.0,0,6.0,6.0,"Developer, full-stack",0.0,"Hybrid (some remote, leans heavy to in-person)",Higher Education,USA,9.0,6.0,98000.0,3.0,4.085976312551584
29.5,5.0,1,5.0,8.0,AI/ML engineer,,,Energy,FRA,6.0,7.0,127616.0,3.0,
39.5,6.0,0,9.0,13.0,Data scientist,0.0,"Your choice (very flexible, you can come in when you want or just as needed)","Transportation, or Supply Chain",DNK,4.0,2.0,128304.0,3.0,9.903487552536127
29.5,4.0,0,7.0,11.0,"Developer, full-stack",0.0,"Hybrid (some in-person, leans heavy to flexibility)",Manufacturing,USA,9.0,3.0,125000.0,3.0,9.903487552536127
49.5,3.0,0,5.0,5.0,"Developer, desktop or enterprise applications",0.0,"Hybrid (some in-person, leans heavy to flexibility)",Energy,USA,7.0,3.0,170000.0,3.0,6.619406317542652
39.5,4.0,0,15.0,19.0,"Developer, back-end",0.0,"Hybrid (some in-person, leans heavy to flexibility)",Other:,ROU,1.0,1.0,53273.0,3.0,9.903487552536127
39.5,5.0,0,10.0,25.0,"Developer, back-end",0.0,"Hybrid (some remote, leans heavy to in-person)",Software Development,DEU,3.0,4.0,92812.0,3.0,5.702114417555504
39.5,4.0,0,7.0,15.0,"Developer, full-stack",0.0,In-person,Government,USA,5.0,2.0,68000.0,3.0,2.302585092994046
29.5,2.0,0,5.0,10.0,"Developer, full-stack",0.0,Remote,Other:,BRA,6.0,4.0,8738.0,2.0,2.302585092994046
29.5,4.0,0,8.0,14.0,"Developer, desktop or enterprise applications",0.0,In-person,Retail and Consumer Services,BOL,1.0,1.0,6936.0,1.0,5.702114417555504
49.5,5.0,0,23.0,25.0,"Developer, back-end",0.0,Remote,Software Development,RUS,5.0,3.0,45934.0,3.0,4.085976312551584
29.5,4.0,0,3.0,6.0,"Developer, back-end",0.0,In-person,Fintech,POL,7.0,7.0,46939.0,3.0,9.903487552536127
29.5,4.0,0,7.0,8.0,"Developer, front-end",0.0,"Hybrid (some in-person, leans heavy to flexibility)",Software Development,USA,5.0,1.0,90000.0,3.0,
29.5,6.0,0,6.0,15.0,Cybersecurity or InfoSec professional,0.0,"Hybrid (some remote, leans heavy to in-person)",Other:,FRA,6.0,,66128.0,3.0,9.903487552536127
21.0,5.0,0,1.0,11.0,Other (please specify):,0.0,"Your choice (very flexible, you can come in when you want or just as needed)","Transportation, or Supply Chain",GBR,8.0,4.0,51407.0,3.0,8.922591630635415
29.5,4.0,0,12.0,10.0,"Developer, back-end",0.0,"Hybrid (some in-person, leans heavy to flexibility)",Banking/Financial Services,USA,3.0,2.0,198000.0,3.0,5.702114417555504
39.5,6.0,0,13.0,20.0,Data engineer,0.0,Remote,Software Development,DEU,2.0,8.0,95132.0,3.0,2.302585092994046
21.0,4.0,0,1.0,10.0,"Developer, full-stack",0.0,In-person,Software Development,USA,6.0,2.0,140000.0,3.0,9.903487552536127
39.5,4.0,0,15.0,24.0,"Developer, mobile",0.0,"Hybrid (some remote, leans heavy to in-person)",Software Development,USA,4.0,,170000.0,3.0,8.006200887093147
49.5,5.0,0,25.0,30.0,Other (please specify):,0.0,In-person,"Transportation, or Supply Chain",NLD,6.0,2.0,106733.0,3.0,5.702114417555504
39.5,5.0,1,22.0,29.0,"Developer, full-stack",0.0,Remote,Fintech,POL,8.0,3.0,200000.0,3.0,2.302585092994046
39.5,4.0,0,11.0,17.0,"Developer, full-stack",0.0,Remote,Software Development,USA,5.0,3.0,160900.0,3.0,5.702114417555504
39.5,5.0,1,9.0,20.0,"Developer, back-end",,,Other:,SWE,5.0,3.0,83857.0,3.0,
39.5,5.0,0,15.0,20.0,"Developer, back-end",0.0,"Your choice (very flexible, you can come in when you want or just as needed)",Banking/Financial Services,SVK,2.0,3.0,46406.0,3.0,2.302585092994046
21.0,4.0,1,1.0,5.0,"Developer, full-stack",,,Software Development,CAN,10.0,2.0,21888.0,3.0,
29.5,4.0,0,8.0,14.0,"Developer, full-stack",0.0,"Your choice (very flexible, you can come in when you want or just as needed)",Media & Advertising Services,USA,13.0,8.0,124000.0,3.0,5.702114417555504
29.5,4.0,0,7.0,10.0,"Developer, full-stack",1.0,"Your choice (very flexible, you can come in when you want or just as needed)",Software Development,VEN,8.0,7.0,12000.0,1.0,2.302585092994046
39.5,4.0,0,15.0,16.0,"Developer, full-stack",0.0,"Hybrid (some remote, leans heavy to in-person)",Other:,BGR,7.0,4.0,99635.0,3.0,5.702114417555504
29.5,4.0,0,5.0,6.0,"Developer, back-end",0.0,In-person,Other:,USA,4.0,1.0,68500.0,3.0,5.702114417555504
39.5,2.0,0,18.0,18.0,"Architect, software or solutions",1.0,"Hybrid (some remote, leans heavy to in-person)",Retail and Consumer Services,ITA,5.0,,76570.0,3.0,4.085976312551584
29.5,5.0,0,12.0,16.0,"Developer, full-stack",0.0,"Your choice (very flexible, you can come in when you want or just as needed)",Software Development,NLD,4.0,,162421.0,3.0,8.006200887093147
29.5,4.0,0,12.0,18.0,"Developer, front-end",0.0,"Hybrid (some remote, leans heavy to in-person)",Government,NOR,10.0,4.0,81038.0,3.0,8.006200887093147
29.5,4.0,0,6.0,16.0,"Developer, full-stack",0.0,"Your choice (very flexible, you can come in when you want or just as needed)",Software Development,GBR,7.0,4.0,119805.0,3.0,4.085976312551584
29.5,5.0,0,7.0,10.0,"Developer, full-stack",0.0,"Hybrid (some in-person, leans heavy to flexibility)",Software Development,SWE,6.0,11.0,73375.0,3.0,8.006200887093147
39.5,4.0,0,15.0,15.0,"Developer, full-stack",1.0,Remote,Software Development,BIH,1.0,,85440.0,2.0,5.702114417555504
39.5,4.0,0,21.0,28.0,"Architect, software or solutions",0.0,"Hybrid (some remote, leans heavy to in-person)",Software Development,DEU,5.0,5.0,116015.0,3.0,9.903487552536127
39.5,4.0,0,23.0,29.0,"Developer, mobile",0.0,Remote,Software Development,USA,4.0,1.0,950000.0,3.0,9.903487552536127
39.5,5.0,0,19.0,20.0,"Developer, back-end",0.0,Remote,Insurance,FRA,5.0,5.0,48726.0,3.0,2.302585092994046
49.5,4.0,0,33.0,40.0,"Developer, back-end",0.0,Remote,Other:,USA,6.0,2.0,180000.0,3.0,8.006200887093147
39.5,4.0,0,20.0,25.0,"Architect, software or solutions",1.0,Remote,Computer Systems Design and Services,COL,7.0,5.0,25202.0,2.0,5.702114417555504
29.5,2.0,0,10.0,15.0,"Developer, back-end",0.0,Remote,Banking/Financial Services,KAZ,2.0,3.0,23169.0,2.0,4.085976312551584
39.5,6.0,0,20.0,24.0,Other (please specify):,0.0,In-person,Energy,USA,4.0,,140000.0,3.0,8.922591630635415
29.5,2.0,0,6.0,8.0,Cloud infrastructure engineer,0.0,Remote,"Internet, Telecomm or Information Services",ITA,7.0,7.0,46406.0,3.0,9.903487552536127
21.0,5.0,0,2.0,10.0,"Developer, full-stack",0.0,In-person,Software Development,GBR,6.0,5.0,87811.0,3.0,5.702114417555504
39.5,5.0,0,24.0,26.0,"Developer, full-stack",0.0,"Hybrid (some in-person, leans heavy to flexibility)","Transportation, or Supply Chain",USA,6.0,3.0,140000.0,3.0,8.922591630635415
29.5,4.0,0,11.0,19.0,"Developer, front-end",0.0,"Hybrid (some remote, leans heavy to in-person)",Other:,SWE,3.0,,82283.0,3.0,8.006200887093147
29.5,4.0,0,4.0,12.0,"Developer, embedded applications or devices",0.0,Remote,"Internet, Telecomm or Information Services",POL,4.0,,54580.0,3.0,9.903487552536127
39.5,4.0,0,25.0,25.0,"Developer, back-end",0.0,"Hybrid (some remote, leans heavy to in-person)","Internet, Telecomm or Information Services",LVA,5.0,5.0,46406.0,3.0,4.085976312551584
29.5,2.0,0,8.0,9.0,"Developer, front-end",0.0,Remote,Software Development,UKR,4.0,2.0,81590.0,2.0,8.922591630635415
77.5,5.0,0,45.0,50.0,"Developer, back-end",0.0,Remote,Other:,CAN,4.0,,185000.0,3.0,6.619406317542652
49.5,4.0,0,30.0,34.0,"Developer, desktop or enterprise applications",0.0,"Hybrid (some in-person, leans heavy to flexibility)",Software Development,AUS,1.0,,195028.0,3.0,5.702114417555504
21.0,2.0,0,5.0,10.0,"Developer, full-stack",0.0,"Hybrid (some remote, leans heavy to in-person)",Software Development,COL,3.0,1.0,8809.0,2.0,2.302585092994046
39.5,4.0,0,14.0,19.0,"Developer, back-end",0.0,Remote,Fintech,USA,6.0,1.0,645000.0,3.0,8.922591630635415
39.5,5.0,0,22.0,29.0,"Developer, front-end",0.0,Remote,Higher Education,USA,4.0,1.0,116000.0,3.0,9.903487552536127
39.5,5.0,0,16.0,18.0,"Developer, full-stack",0.0,Remote,Software Development,CHL,6.0,2.0,38171.0,3.0,4.085976312551584
29.5,1.0,0,10.0,15.0,"Architect, software or solutions",1.0,"Your choice (very flexible, you can come in when you want or just as needed)",Banking/Financial Services,BRA,9.0,2.0,34951.0,2.0,8.922591630635415
39.5,4.0,1,25.0,30.0,"Developer, full-stack",,,Software Development,TUR,7.0,2.0,80000.0,2.0,
29.5,2.0,0,10.0,18.0,"Developer, full-stack",0.0,"Hybrid (some in-person, leans heavy to flexibility)",Software Development,USA,9.0,6.0,125000.0,3.0,2.302585092994046
39.5,2.0,0,19.0,30.0,"Developer, full-stack",0.0,"Your choice (very flexible, you can come in when you want or just as needed)",Software Development,USA,18.0,,225000.0,3.0,6.619406317542652
49.5,5.0,0,22.0,25.0,"Developer, back-end",0.0,Remote,Retail and Consumer Services,USA,4.0,2.0,150000.0,3.0,9.903487552536127
39.5,6.0,0,9.0,20.0,"Developer, back-end",0.0,"Hybrid (some in-person, leans heavy to flexibility)",Software Development,DEU,7.0,1.0,73089.0,3.0,4.085976312551584
29.5,4.0,0,12.0,17.0,"Developer, full-stack",0.0,In-person,Other:,BRA,2.0,3.0,65533.0,2.0,4.085976312551584
21.0,2.0,0,4.0,7.0,"Developer, front-end",0.0,Remote,Banking/Financial Services,MMR,4.0,,18290.0,1.0,4.085976312551584
39.5,5.0,0,2.0,9.0,"Developer, full-stack",0.0,Remote,Fintech,USA,10.0,2.0,165000.0,3.0,4.085976312551584
29.5,4.0,0,2.0,7.0,"Developer, back-end",0.0,In-person,Fintech,IDN,8.0,,5883.0,2.0,8.006200887093147
29.5,3.0,0,12.0,12.0,Cloud infrastructure engineer,0.0,Remote,Software Development,USA,10.0,6.0,360000.0,3.0,9.903487552536127
49.5,5.0,1,20.0,30.0,"Developer, full-stack",,,Software Development,POL,,5.0,116015.0,3.0,
21.0,4.0,0,1.0,8.0,"Developer, desktop or enterprise applications",0.0,"Your choice (very flexible, you can come in when you want or just as needed)",Software Development,NZL,10.0,2.0,42165.0,3.0,8.006200887093147
39.5,4.0,0,20.0,21.0,"Architect, software or solutions",1.0,"Your choice (very flexible, you can come in when you want or just as needed)",Software Development,IRN,8.0,5.0,59822.0,2.0,2.302585092994046
29.5,4.0,0,4.0,8.0,"Developer, full-stack",0.0,Remote,Software Development,UKR,3.0,4.0,60000.0,2.0,5.702114417555504
39.5,5.0,0,10.0,12.0,"Developer, embedded applications or devices",0.0,"Hybrid (some remote, leans heavy to in-person)","Internet, Telecomm or Information Services",BEL,7.0,,92812.0,3.0,9.903487552536127
39.5,2.0,0,13.0,13.0,"Developer, back-end",0.0,"Hybrid (some remote, leans heavy to in-person)",Healthcare,USA,8.0,3.0,186000.0,3.0,8.006200887093147
29.5,4.0,0,7.0,13.0,"Developer, back-end",0.0,In-person,Software Development,GBR,10.0,4.0,149756.0,3.0,5.702114417555504
49.5,5.0,0,13.0,13.0,"Developer, back-end",0.0,"Hybrid (some in-person, leans heavy to flexibility)",Retail and Consumer Services,IND,14.0,11.0,17436.0,1.0,8.006200887093147
59.5,5.0,1,35.0,40.0,"Developer, desktop or enterprise applications",,,Software Development,BEL,5.0,1.0,69609.0,3.0,
29.5,5.0,0,8.0,11.0,"Developer, back-end",1.0,"Your choice (very flexible, you can come in when you want or just as needed)",Software Development,DEU,3.0,3.0,104413.0,3.0,5.702114417555504
39.5,4.0,0,24.0,24.0,"Architect, software or solutions",0.0,"Hybrid (some remote, leans heavy to in-person)",Software Development,USA,6.0,2.0,280000.0,3.0,9.903487552536127
29.5,2.0,0,5.0,10.0,"Developer, desktop or enterprise applications",0.0,In-person,Software Development,ITA,6.0,4.0,37125.0,3.0,4.085976312551584
39.5,6.0,0,16.0,26.0,"Developer, back-end",0.0,"Hybrid (some in-person, leans heavy to flexibility)",Software Development,BEL,5.0,2.0,92812.0,3.0,4.085976312551584
29.5,4.0,0,6.0,9.0,"Developer, full-stack",1.0,"Hybrid (some remote, leans heavy to in-person)",Software Development,ITA,5.0,2.0,30164.0,3.0,2.302585092994046
49.5,2.0,0,18.0,30.0,"Developer, back-end",0.0,"Hybrid (some remote, leans heavy to in-person)",Healthcare,GBR,4.0,3.0,204212.0,3.0,9.903487552536127
29.5,5.0,0,10.0,20.0,"Developer, mobile",0.0,"Hybrid (some remote, leans heavy to in-person)",Retail and Consumer Services,GBR,4.0,1.0,122527.0,3.0,2.302585092994046
29.5,4.0,0,11.0,11.0,"Developer, back-end",0.0,Remote,Software Development,DEU,6.0,6.0,66824.0,3.0,4.085976312551584
29.5,5.0,0,7.0,15.0,"Developer, full-stack",0.0,Remote,Media & Advertising Services,FRA,7.0,5.0,63808.0,3.0,8.922591630635415
29.5,4.0,0,3.0,10.0,Cloud infrastructure engineer,0.0,"Hybrid (some remote, leans heavy to in-person)",Software Development,IND,5.0,,58120.0,1.0,9.903487552536127
59.5,4.0,0,38.0,42.0,"Architect, software or solutions",1.0,"Hybrid (some in-person, leans heavy to flexibility)",Software Development,ITA,3.0,2.0,69609.0,3.0,6.619406317542652
29.5,2.0,0,3.0,13.0,"Developer, front-end",0.0,"Hybrid (some remote, leans heavy to in-person)",Healthcare,DEU,8.0,3.0,62648.0,3.0,5.702114417555504
49.5,3.0,0,23.0,25.0,"Developer, mobile",0.0,"Hybrid (some in-person, leans heavy to flexibility)",Retail and Consumer Services,DNK,2.0,,104199.0,3.0,8.006200887093147
39.5,2.0,1,10.0,12.0,"Developer, back-end",,,Software Development,VNM,6.0,3.0,275124.0,2.0,
39.5,4.0,1,15.0,23.0,"Developer, full-stack",,,Software Development,DEU,7.0,3.0,580073.0,3.0,
49.5,5.0,0,25.0,28.0,"Developer, full-stack",0.0,In-person,Software Development,UKR,12.0,12.0,50000.0,2.0,4.085976312551584
29.5,4.0,0,10.0,16.0,"Developer, back-end",0.0,"Your choice (very flexible, you can come in when you want or just as needed)",Other:,GBR,7.0,,106190.0,3.0,4.085976312551584
29.5,5.0,0,8.0,14.0,"Developer, back-end",0.0,"Your choice (very flexible, you can come in when you want or just as needed)",Software Development,POL,8.0,5.0,64131.0,3.0,8.006200887093147
39.5,4.0,0,17.0,20.0,"Developer, back-end",0.0,Remote,Software Development,ESP,3.0,6.0,67289.0,3.0,8.006200887093147
29.5,1.0,0,5.0,15.0,"Developer, desktop or enterprise applications",0.0,In-person,Software Development,ITA,8.0,2.0,30164.0,3.0,2.302585092994046
39.5,1.0,0,18.0,25.0,"Senior executive (C-suite, VP, etc.)",1.0,"Hybrid (some remote, leans heavy to in-person)",Software Development,GBR,9.0,6.0,204212.0,3.0,4.085976312551584
29.5,4.0,1,7.0,8.0,"Developer, front-end",1.0,Remote,Healthcare,UKR,3.0,,70800.0,2.0,4.085976312551584
29.5,4.0,0,5.0,10.0,"Developer, back-end",1.0,"Hybrid (some remote, leans heavy to in-person)",Software Development,IRN,4.0,4.0,8546.0,2.0,2.302585092994046
49.5,5.0,0,20.0,30.0,"Developer, embedded applications or devices",0.0,"Hybrid (some in-person, leans heavy to flexibility)",Other:,DEU,4.0,,106733.0,3.0,8.006200887093147
29.5,4.0,0,10.0,13.0,"Developer, back-end",0.0,Remote,Software Development,DEU,7.0,2.0,92812.0,3.0,4.085976312551584
39.5,5.0,0,12.0,8.0,"Developer, QA or test",0.0,Remote,Software Development,POL,5.0,4.0,77776.0,3.0,9.903487552536127
21.0,4.0,0,4.0,8.0,"Developer, full-stack",0.0,Remote,Software Development,PHL,16.0,1.0,3863.0,2.0,2.302585092994046
29.5,2.0,0,6.0,8.0,"Developer, front-end",0.0,In-person,"Transportation, or Supply Chain",IRN,3.0,1.0,308605.0,2.0,5.702114417555504
59.5,6.0,0,46.0,46.0,Applied scientist,0.0,"Your choice (very flexible, you can come in when you want or just as needed)",Software Development,CHE,12.0,8.0,200000.0,3.0,0.0
29.5,4.0,0,10.0,12.0,"Architect, software or solutions",0.0,In-person,Software Development,IRN,,8.0,11869.0,2.0,5.702114417555504
39.5,4.0,0,12.0,20.0,Cloud infrastructure engineer,0.0,Remote,Software Development,USA,8.0,2.0,110000.0,3.0,6.619406317542652
49.5,4.0,1,30.0,30.0,"Founder, technology or otherwise",,,Software Development,CZE,8.0,7.0,197225.0,3.0,
29.5,5.0,1,8.0,12.0,"Developer, mobile",0.0,Remote,Software Development,DEU,4.0,4.0,81210.0,3.0,9.903487552536127
39.5,1.0,0,14.0,16.0,"Developer, mobile",0.0,"Hybrid (some in-person, leans heavy to flexibility)",Retail and Consumer Services,DEU,2.0,,77730.0,3.0,9.903487552536127
29.5,4.0,0,10.0,16.0,"Developer, desktop or enterprise applications",0.0,Remote,"Internet, Telecomm or Information Services",NLD,5.0,,232029.0,3.0,9.903487552536127
29.5,4.0,0,2.0,10.0,"Developer, desktop or enterprise applications",0.0,"Hybrid (some in-person, leans heavy to flexibility)",Fintech,HUN,7.0,2.0,20820.0,3.0,4.085976312551584
39.5,4.0,0,13.0,17.0,"Developer, full-stack",0.0,"Hybrid (some in-person, leans heavy to flexibility)",Manufacturing,IND,6.0,2.0,32547.0,1.0,9.903487552536127
29.5,5.0,0,8.0,11.0,"Developer, desktop or enterprise applications",0.0,In-person,Software Development,ARM,1.0,,60681.0,2.0,9.903487552536127
29.5,5.0,0,9.0,10.0,"Developer, desktop or enterprise applications",0.0,Remote,Software Development,HRV,4.0,,64968.0,3.0,8.006200887093147
39.5,2.0,0,20.0,22.0,"Developer, full-stack",0.0,Remote,Software Development,USA,9.0,3.0,180000.0,3.0,4.085976312551584
29.5,4.0,0,7.0,10.0,"Developer, full-stack",0.0,"Hybrid (some remote, leans heavy to in-person)",Software Development,NLD,11.0,6.0,133417.0,3.0,8.006200887093147
29.5,4.0,0,10.0,16.0,"Developer, full-stack",1.0,"Hybrid (some remote, leans heavy to in-person)",Software Development,AUS,10.0,5.0,81262.0,3.0,5.702114417555504
49.5,5.0,0,25.0,23.0,"Developer, embedded applications or devices",0.0,"Your choice (very flexible, you can come in when you want or just as needed)",Retail and Consumer Services,USA,3.0,,235000.0,3.0,8.006200887093147
59.5,4.0,0,20.0,30.0,"Developer, full-stack",0.0,Remote,Software Development,USA,7.0,2.0,123000.0,3.0,4.085976312551584
29.5,2.0,1,11.0,12.0,"Developer, back-end",,,Software Development,UKR,12.0,7.0,95865.0,2.0,
49.5,5.0,1,20.0,22.0,"Developer, full-stack",,,Healthcare,SWE,4.0,1.0,88050.0,3.0,
21.0,4.0,0,3.0,4.0,Cloud infrastructure engineer,0.0,"Hybrid (some in-person, leans heavy to flexibility)",Software Development,HUN,6.0,4.0,28309.0,3.0,8.006200887093147
29.5,6.0,0,5.0,15.0,"Developer, full-stack",0.0,"Hybrid (some remote, leans heavy to in-person)",Fintech,FRA,18.0,10.0,73553.0,3.0,4.085976312551584
29.5,4.0,0,4.0,8.0,"Developer, full-stack",0.0,"Your choice (very flexible, you can come in when you want or just as needed)",Software Development,LKA,5.0,1.0,9992.0,2.0,4.085976312551584
21.0,4.0,0,2.0,8.0,"Developer, full-stack",0.0,In-person,Software Development,FRA,13.0,3.0,20883.0,3.0,5.702114417555504
29.5,5.0,0,7.0,13.0,"Developer, back-end",0.0,Remote,Software Development,UKR,5.0,2.0,30000.0,2.0,5.702114417555504
29.5,1.0,0,6.0,10.0,"Developer, full-stack",0.0,Remote,Other:,USA,6.0,3.0,170000.0,3.0,6.619406317542652
39.5,4.0,0,7.0,9.0,"Developer, back-end",0.0,Remote,Software Development,USA,10.0,6.0,170000.0,3.0,5.702114417555504
49.5,2.0,0,30.0,30.0,"Developer, back-end",0.0,Remote,Software Development,USA,5.0,3.0,180000.0,3.0,6.619406317542652
29.5,4.0,0,3.0,9.0,"Developer, full-stack",0.0,In-person,Other:,SAU,7.0,4.0,17594.0,3.0,2.302585092994046
49.5,2.0,0,29.0,42.0,"Developer, full-stack",,,Retail and Consumer Services,USA,6.0,6.0,220000.0,3.0,5.702114417555504
39.5,2.0,0,13.0,20.0,"Developer, full-stack",0.0,Remote,Software Development,SWE,8.0,2.0,58700.0,3.0,2.302585092994046
39.5,4.0,0,17.0,26.0,Engineering manager,1.0,Remote,Software Development,USA,3.0,2.0,238000.0,3.0,5.702114417555504
39.5,5.0,0,27.0,36.0,"Architect, software or solutions",0.0,Remote,Higher Education,USA,5.0,3.0,220000.0,3.0,4.085976312551584
49.5,4.0,0,30.0,35.0,"Developer, mobile",0.0,Remote,Other:,USA,7.0,1.0,220000.0,3.0,5.702114417555504
29.5,3.0,0,8.0,9.0,"Senior executive (C-suite, VP, etc.)",0.0,Remote,Software Development,USA,9.0,5.0,230000.0,3.0,5.702114417555504
39.5,5.0,0,14.0,24.0,"Developer, full-stack",0.0,Remote,Software Development,JPN,6.0,2.0,89815.0,3.0,4.085976312551584
39.5,4.0,0,11.0,14.0,"Developer, full-stack",0.0,"Hybrid (some remote, leans heavy to in-person)",Software Development,ISR,6.0,4.0,151777.0,3.0,4.085976312551584
39.5,2.0,0,5.0,6.0,"Developer, mobile",0.0,Remote,Software Development,USA,2.0,1.0,92000.0,3.0,8.006200887093147
39.5,1.0,0,14.0,18.0,"Developer, full-stack",0.0,"Your choice (very flexible, you can come in when you want or just as needed)","Transportation, or Supply Chain",CHE,7.0,5.0,99194.0,3.0,8.006200887093147
29.5,6.0,0,12.0,16.0,"Developer, back-end",0.0,"Hybrid (some remote, leans heavy to in-person)",Software Development,SRB,8.0,,139218.0,2.0,6.619406317542652
21.0,4.0,0,,9.0,"Developer, full-stack",0.0,In-person,Software Development,ITA,7.0,2.0,23203.0,3.0,2.302585092994046
29.5,5.0,0,6.0,13.0,"Developer, back-end",0.0,"Your choice (very flexible, you can come in when you want or just as needed)",Software Development,USA,5.0,,270000.0,3.0,9.903487552536127
49.5,4.0,0,25.0,35.0,"Developer, embedded applications or devices",0.0,"Your choice (very flexible, you can come in when you want or just as needed)",Computer Systems Design and Services,USA,4.0,,600000.0,3.0,9.903487552536127
29.5,2.0,1,1.0,15.0,"Developer, mobile",,,Fintech,RUS,2.0,,50000.0,3.0,
21.0,3.0,0,2.0,10.0,Cloud infrastructure engineer,0.0,In-person,Software Development,CAN,4.0,4.0,87550.0,3.0,9.903487552536127
29.5,4.0,0,6.0,9.0,"Developer, back-end",0.0,Remote,Software Development,FRA,3.0,3.0,73089.0,3.0,8.006200887093147
59.5,5.0,0,30.0,40.0,"Developer, full-stack",0.0,In-person,Energy,HRV,3.0,1.0,36223.0,3.0,8.922591630635415
39.5,4.0,0,20.0,23.0,"Developer, desktop or enterprise applications",0.0,In-person,Software Development,CAN,4.0,,142269.0,3.0,5.702114417555504
21.0,1.0,0,3.0,9.0,Other (please specify):,0.0,"Hybrid (some in-person, leans heavy to flexibility)",Software Development,DEU,7.0,,87011.0,3.0,2.302585092994046
39.5,4.0,0,15.0,10.0,"Developer, full-stack",0.0,In-person,Software Development,CAN,8.0,1.0,72958.0,3.0,5.702114417555504
29.5,1.0,0,5.0,25.0,"Developer, back-end",0.0,"Hybrid (some in-person, leans heavy to flexibility)",Software Development,CZE,8.0,3.0,51486.0,3.0,8.006200887093147
29.5,4.0,0,12.0,15.0,DevOps engineer or professional,1.0,"Your choice (very flexible, you can come in when you want or just as needed)",Software Development,CHE,12.0,5.0,182270.0,3.0,4.085976312551584
21.0,2.0,0,2.0,5.0,"Developer, full-stack",0.0,"Hybrid (some remote, leans heavy to in-person)",Software Development,USA,3.0,3.0,85000.0,3.0,4.085976312551584
29.5,5.0,0,5.0,12.0,"Developer, game or graphics",0.0,"Hybrid (some remote, leans heavy to in-person)",Software Development,DNK,7.0,3.0,111975.0,3.0,5.702114417555504
29.5,5.0,0,8.0,13.0,"Developer, embedded applications or devices",0.0,"Hybrid (some in-person, leans heavy to flexibility)",Software Development,FRA,5.0,,58007.0,3.0,5.702114417555504
39.5,4.0,0,25.0,30.0,"Developer, embedded applications or devices",0.0,Remote,Software Development,USA,9.0,,160000.0,3.0,4.085976312551584
49.5,4.0,1,22.0,26.0,"Developer, front-end",0.0,Remote,Software Development,USA,6.0,2.0,233000.0,3.0,9.903487552536127
49.5,1.0,0,25.0,30.0,"Developer, full-stack",0.0,Remote,Government,DEU,5.0,2.0,104413.0,3.0,5.702114417555504
21.0,4.0,0,3.0,6.0,"Developer, back-end",0.0,In-person,Software Development,IND,6.0,5.0,9973.0,1.0,4.085976312551584
39.5,6.0,0,14.0,21.0,"Developer, desktop or enterprise applications",0.0,"Hybrid (some remote, leans heavy to in-person)",Higher Education,DEU,9.0,2.0,75410.0,3.0,8.922591630635415
59.5,5.0,0,34.0,44.0,"Developer, embedded applications or devices",0.0,"Hybrid (some remote, leans heavy to in-person)",Manufacturing,GBR,8.0,,83046.0,3.0,8.922591630635415
49.5,2.0,0,31.0,42.0,DevOps engineer or professional,0.0,Remote,"Internet, Telecomm or Information Services",USA,10.0,3.0,325000.0,3.0,6.619406317542652
29.5,4.0,0,15.0,20.0,"Architect, software or solutions",1.0,"Your choice (very flexible, you can come in when you want or just as needed)",Software Development,BRA,8.0,6.0,32767.0,2.0,4.085976312551584
29.5,4.0,0,10.0,18.0,"Developer, full-stack",0.0,Remote,Software Development,CAN,5.0,2.0,59096.0,3.0,5.702114417555504
39.5,6.0,0,11.0,30.0,"Developer, embedded applications or devices",0.0,Remote,Computer Systems Design and Services,GBR,10.0,,112317.0,3.0,5.702114417555504
21.0,4.0,0,1.0,9.0,"Developer, QA or test",0.0,In-person,Computer Systems Design and Services,CAN,7.0,,65663.0,3.0,5.702114417555504
49.5,5.0,1,30.0,30.0,"Developer, full-stack",,,Fintech,DNK,13.0,10.0,217729.0,3.0,
59.5,5.0,0,36.0,42.0,Engineering manager,1.0,"Hybrid (some in-person, leans heavy to flexibility)",Software Development,USA,3.0,4.0,229000.0,3.0,5.702114417555504
39.5,5.0,0,8.0,20.0,Data scientist,0.0,"Hybrid (some in-person, leans heavy to flexibility)",Other:,DEU,7.0,2.0,110214.0,3.0,5.702114417555504
39.5,5.0,1,12.0,15.0,"Developer, full-stack",,,Banking/Financial Services,BEL,5.0,2.0,116015.0,3.0,
29.5,4.0,0,3.0,8.0,"Developer, full-stack",0.0,"Hybrid (some in-person, leans heavy to flexibility)",Higher Education,BEL,6.0,7.0,40605.0,3.0,8.006200887093147
39.5,4.0,0,14.0,30.0,"Developer, back-end",0.0,Remote,Software Development,GBR,3.0,3.0,117082.0,3.0,4.085976312551584
29.5,5.0,0,4.0,4.0,"Developer, desktop or enterprise applications",0.0,"Your choice (very flexible, you can come in when you want or just as needed)",Software Development,FRA,6.0,3.0,61488.0,3.0,4.085976312551584
39.5,1.0,1,15.0,25.0,"Founder, technology or otherwise",,,Software Development,DEU,6.0,4.0,20883.0,3.0,
29.5,5.0,0,6.0,,DevOps engineer or professional,0.0,Remote,Other:,DEU,3.0,1.0,97452.0,3.0,9.903487552536127
29.5,4.0,0,7.0,10.0,"Developer, front-end",0.0,Remote,Other:,USA,4.0,3.0,135000.0,3.0,8.006200887093147
49.5,1.0,0,34.0,6.0,"Developer, full-stack",0.0,Remote,Healthcare,GBR,3.0,2.0,68071.0,3.0,8.006200887093147
39.5,4.0,0,16.0,20.0,"Developer, back-end",0.0,"Your choice (very flexible, you can come in when you want or just as needed)",Software Development,USA,4.0,2.0,150000.0,3.0,5.702114417555504
39.5,5.0,0,9.0,23.0,"Developer, full-stack",0.0,"Your choice (very flexible, you can come in when you want or just as needed)","Transportation, or Supply Chain",DEU,7.0,2.0,98612.0,3.0,2.302585092994046
59.5,4.0,0,35.0,45.0,"Developer, back-end",0.0,"Hybrid (some in-person, leans heavy to flexibility)",Software Development,AUS,5.0,5.0,162523.0,3.0,4.085976312551584
59.5,4.0,1,40.0,46.0,DevOps engineer or professional,,,Software Development,USA,6.0,4.0,130000.0,3.0,
39.5,4.0,1,11.0,21.0,"Founder, technology or otherwise",0.0,"Your choice (very flexible, you can come in when you want or just as needed)",Software Development,NLD,7.0,4.0,75410.0,3.0,0.0
21.0,4.0,0,2.0,12.0,"Developer, embedded applications or devices",0.0,"Hybrid (some remote, leans heavy to in-person)",Computer Systems Design and Services,USA,4.0,,96000.0,3.0,9.903487552536127
29.5,3.0,0,11.0,11.0,"Developer, full-stack",0.0,Remote,Software Development,USA,9.0,3.0,104000.0,3.0,2.302585092994046
21.0,5.0,0,2.0,5.0,Cloud infrastructure engineer,0.0,"Your choice (very flexible, you can come in when you want or just as needed)",Software Development,FRA,6.0,3.0,48726.0,3.0,5.702114417555504
29.5,4.0,1,6.0,8.0,"Developer, full-stack",0.0,Remote,Software Development,ROU,3.0,5.0,16542.0,3.0,6.619406317542652
39.5,4.0,0,15.0,20.0,"Developer, back-end",0.0,Remote,Healthcare,USA,10.0,5.0,135000.0,3.0,8.922591630635415
29.5,3.0,0,5.0,5.0,"Architect, software or solutions",1.0,"Hybrid (some remote, leans heavy to in-person)",Software Development,BRA,1.0,,21480.0,2.0,5.702114417555504
39.5,4.0,0,10.0,18.0,"Developer, full-stack",0.0,Remote,Software Development,USA,7.0,7.0,180000.0,3.0,6.619406317542652
39.5,5.0,0,19.0,23.0,"Developer, desktop or enterprise applications",0.0,In-person,Manufacturing,CHN,3.0,,41786.0,2.0,5.702114417555504
29.5,4.0,0,10.0,14.0,"Developer, back-end",0.0,Remote,Software Development,NLD,3.0,2.0,121815.0,3.0,5.702114417555504
29.5,5.0,0,8.0,10.0,"Developer, embedded applications or devices",0.0,Remote,Software Development,USA,5.0,2.0,108000.0,3.0,9.903487552536127
29.5,4.0,0,9.0,12.0,"Developer, back-end",0.0,"Hybrid (some remote, leans heavy to in-person)","Internet, Telecomm or Information Services",SWE,2.0,6.0,75472.0,3.0,8.006200887093147
29.5,1.0,0,13.0,18.0,"Developer, full-stack",0.0,Remote,Software Development,USA,9.0,4.0,300000.0,3.0,9.903487552536127
21.0,4.0,0,2.0,6.0,"Developer, back-end",0.0,"Hybrid (some remote, leans heavy to in-person)",Software Development,MYS,3.0,2.0,14420.0,2.0,5.702114417555504
39.5,4.0,0,20.0,28.0,"Developer, full-stack",0.0,Remote,Software Development,USA,6.0,2.0,131200.0,3.0,2.302585092994046
29.5,5.0,0,13.0,18.0,"Developer, back-end",0.0,Remote,Software Development,USA,10.0,3.0,135000.0,3.0,5.702114417555504
49.5,4.0,0,26.0,31.0,"Developer, back-end",0.0,Remote,Fintech,USA,5.0,2.0,185000.0,3.0,4.085976312551584
29.5,4.0,0,7.0,11.0,"Developer, full-stack",0.0,"Hybrid (some in-person, leans heavy to flexibility)",Government,NLD,5.0,1.0,81210.0,3.0,5.702114417555504
29.5,4.0,0,7.0,18.0,"Developer, mobile",0.0,In-person,Software Development,AUS,7.0,,227533.0,3.0,9.903487552536127
21.0,4.0,0,5.0,8.0,"Developer, mobile",0.0,"Hybrid (some remote, leans heavy to in-person)",Higher Education,DEU,8.0,,41765.0,3.0,4.085976312551584
77.5,5.0,1,55.0,56.0,"Architect, software or solutions",0.0,Remote,Software Development,USA,4.0,2.0,120000.0,3.0,0.0
29.5,5.0,0,6.0,15.0,Engineering manager,1.0,"Hybrid (some remote, leans heavy to in-person)",Other:,CHL,3.0,1.0,38171.0,3.0,2.302585092994046
29.5,4.0,0,12.0,16.0,"Developer, desktop or enterprise applications",1.0,In-person,Software Development,RUS,2.0,1.0,77832.0,3.0,9.903487552536127
39.5,4.0,0,21.0,26.0,"Developer, embedded applications or devices",0.0,In-person,Computer Systems Design and Services,USA,8.0,,230000.0,3.0,5.702114417555504
59.5,2.0,0,40.0,30.0,System administrator,0.0,"Hybrid (some remote, leans heavy to in-person)",Government,AUS,5.0,2.0,91013.0,3.0,5.702114417555504
29.5,5.0,0,3.0,8.0,"Developer, back-end",0.0,In-person,Software Development,DNK,6.0,4.0,83981.0,3.0,4.085976312551584
29.5,1.0,0,7.0,12.0,"Developer, back-end",1.0,"Your choice (very flexible, you can come in when you want or just as needed)",Banking/Financial Services,DEU,11.0,1.0,74249.0,3.0,4.085976312551584
21.0,2.0,0,10.0,12.0,"Developer, back-end",0.0,"Your choice (very flexible, you can come in when you want or just as needed)",Software Development,DEU,12.0,5.0,58471.0,3.0,6.619406317542652
39.5,4.0,0,9.0,12.0,"Developer, full-stack",0.0,"Hybrid (some remote, leans heavy to in-person)",Software Development,USA,4.0,5.0,220000.0,3.0,8.006200887093147
39.5,5.0,0,30.0,35.0,Other (please specify):,0.0,"Hybrid (some remote, leans heavy to in-person)",Healthcare,AUT,11.0,2.0,98612.0,3.0,2.302585092994046
39.5,2.0,0,26.0,28.0,"Developer, full-stack",0.0,"Your choice (very flexible, you can come in when you want or just as needed)",Software Development,CHE,12.0,5.0,123993.0,3.0,5.702114417555504
49.5,5.0,1,25.0,38.0,"Developer, full-stack",,,Healthcare,ESP,9.0,4.0,69609.0,3.0,
21.0,4.0,0,,9.0,"Developer, embedded applications or devices",0.0,"Hybrid (some remote, leans heavy to in-person)",Software Development,SRB,4.0,,50000.0,2.0,5.702114417555504
29.5,5.0,0,3.0,17.0,"Developer, back-end",0.0,"Your choice (very flexible, you can come in when you want or just as needed)",Software Development,DEU,7.0,4.0,23203.0,3.0,4.085976312551584
29.5,4.0,0,13.0,18.0,"Developer, back-end",0.0,Remote,Banking/Financial Services,GBR,3.0,1.0,106871.0,3.0,5.702114417555504
39.5,4.0,0,15.0,6.0,Data engineer,0.0,Remote,Fintech,IND,,1.0,23248.0,1.0,5.702114417555504
39.5,4.0,0,22.0,22.0,"Developer, front-end",0.0,Remote,Other:,JPN,2.0,,82906.0,3.0,5.702114417555504
29.5,1.0,0,10.0,12.0,"Developer, full-stack",0.0,In-person,Retail and Consumer Services,CHE,9.0,5.0,88494.0,3.0,4.085976312551584
49.5,3.0,0,30.0,38.0,DevOps engineer or professional,0.0,"Hybrid (some remote, leans heavy to in-person)",Other:,FRA,8.0,4.0,47566.0,3.0,8.006200887093147
49.5,4.0,1,26.0,39.0,Other (please specify):,,,Software Development,SRB,4.0,,85000.0,2.0,
29.5,2.0,1,9.0,13.0,"Developer, full-stack",,,Insurance,UKR,2.0,,6240.0,2.0,
39.5,2.0,0,15.0,21.0,"Developer, full-stack",0.0,In-person,Software Development,SRB,6.0,5.0,28511.0,2.0,2.302585092994046
29.5,3.0,0,10.0,18.0,"Architect, software or solutions",0.0,"Hybrid (some remote, leans heavy to in-person)",Banking/Financial Services,SWE,4.0,3.0,104822.0,3.0,8.006200887093147
21.0,4.0,0,1.0,7.0,"Developer, desktop or enterprise applications",0.0,"Hybrid (some remote, leans heavy to in-person)",Other:,IND,4.0,,25573.0,1.0,9.903487552536127
29.5,5.0,0,9.0,16.0,"Developer, back-end",0.0,Remote,Media & Advertising Services,DEU,6.0,3.0,83322.0,3.0,2.302585092994046
49.5,4.0,0,23.0,34.0,"Developer, full-stack",0.0,"Hybrid (some in-person, leans heavy to flexibility)",Software Development,GRC,4.0,1.0,63808.0,3.0,4.085976312551584
29.5,6.0,0,5.0,9.0,"Architect, software or solutions",0.0,"Hybrid (some in-person, leans heavy to flexibility)",Fintech,TUN,1.0,10.0,18330.0,1.0,4.085976312551584
39.5,5.0,0,13.0,15.0,"Developer, desktop or enterprise applications",0.0,Remote,Software Development,MYS,9.0,1.0,40056.0,2.0,9.903487552536127
39.5,4.0,0,14.0,14.0,"Developer, back-end",0.0,"Hybrid (some remote, leans heavy to in-person)",Banking/Financial Services,JOR,5.0,3.0,67702.0,2.0,8.922591630635415
29.5,4.0,0,5.0,6.0,"Developer, front-end",,Remote,Software Development,CAN,4.0,4.0,21888.0,3.0,4.085976312551584
29.5,4.0,0,4.0,6.0,"Developer, full-stack",0.0,In-person,Manufacturing,IRN,5.0,3.0,85460.0,2.0,2.302585092994046
39.5,5.0,0,13.0,18.0,"Developer, full-stack",0.0,"Hybrid (some in-person, leans heavy to flexibility)",Banking/Financial Services,DEU,6.0,3.0,78890.0,3.0,5.702114417555504
39.5,2.0,0,11.0,15.0,"Developer, full-stack",0.0,Remote,Other:,DEU,7.0,2.0,69609.0,3.0,5.702114417555504
39.5,6.0,0,12.0,17.0,"Developer, mobile",0.0,"Your choice (very flexible, you can come in when you want or just as needed)",Software Development,ARE,4.0,1.0,130703.0,3.0,2.302585092994046
29.5,5.0,0,5.0,10.0,"Developer, back-end",0.0,In-person,Fintech,CZE,11.0,3.0,39317.0,3.0,4.085976312551584
29.5,2.0,0,3.0,4.0,AI/ML engineer,0.0,In-person,Healthcare,ITA,7.0,2.0,37821.0,3.0,5.702114417555504
39.5,5.0,1,11.0,20.0,"Developer, back-end",,,Retail and Consumer Services,CZE,12.0,9.0,70208.0,3.0,
29.5,5.0,0,5.0,12.0,"Developer, back-end",0.0,"Your choice (very flexible, you can come in when you want or just as needed)",Software Development,FRA,5.0,1.0,127616.0,3.0,5.702114417555504
49.5,4.0,0,20.0,20.0,"Developer, full-stack",0.0,"Hybrid (some in-person, leans heavy to flexibility)",Higher Education,USA,7.0,3.0,130000.0,3.0,4.085976312551584
29.5,5.0,0,14.0,18.0,"Developer, mobile",0.0,"Your choice (very flexible, you can come in when you want or just as needed)",Software Development,USA,8.0,,175000.0,3.0,5.702114417555504
29.5,4.0,0,6.0,6.0,"Developer, full-stack",0.0,Remote,Software Development,GBR,6.0,4.0,66709.0,3.0,2.302585092994046
29.5,4.0,0,6.0,8.0,"Developer, full-stack",0.0,In-person,Other:,IRN,6.0,2.0,9496.0,2.0,2.302585092994046
29.5,4.0,1,6.0,10.0,"Developer, front-end",,,Software Development,POL,5.0,2.0,66321.0,3.0,
29.5,4.0,0,9.0,12.0,"Developer, full-stack",0.0,Remote,Software Development,GBR,8.0,5.0,102106.0,3.0,5.702114417555504
29.5,4.0,0,4.0,12.0,"Developer, back-end",0.0,"Hybrid (some in-person, leans heavy to flexibility)",Fintech,USA,4.0,1.0,71500.0,3.0,8.922591630635415
49.5,5.0,0,20.0,20.0,"Developer, front-end",0.0,"Your choice (very flexible, you can come in when you want or just as needed)",Software Development,GRC,1.0,,71929.0,3.0,8.006200887093147
49.5,4.0,1,24.0,27.0,Data engineer,0.0,Remote,Software Development,HUN,6.0,3.0,90000.0,3.0,5.702114417555504
29.5,5.0,0,11.0,20.0,"Developer, back-end",0.0,"Your choice (very flexible, you can come in when you want or just as needed)",Software Development,CZE,13.0,5.0,561668.0,3.0,8.922591630635415
39.5,0.0,0,22.0,24.0,"Developer, full-stack",0.0,"Hybrid (some remote, leans heavy to in-person)",Software Development,ISR,4.0,6.0,148248.0,3.0,5.702114417555504
39.5,4.0,0,16.0,20.0,Data engineer,1.0,"Your choice (very flexible, you can come in when you want or just as needed)",Software Development,DEU,,,90491.0,3.0,4.085976312551584
29.5,4.0,0,10.0,14.0,Cybersecurity or InfoSec professional,0.0,"Your choice (very flexible, you can come in when you want or just as needed)",Software Development,USA,6.0,2.0,189122.0,3.0,9.903487552536127
21.0,3.0,0,1.0,7.0,"Developer, full-stack",0.0,"Hybrid (some remote, leans heavy to in-person)",Manufacturing,ITA,,,33644.0,3.0,2.302585092994046
29.5,4.0,0,10.0,16.0,"Developer, back-end",0.0,"Hybrid (some remote, leans heavy to in-person)",Software Development,USA,3.0,,150000.0,3.0,5.702114417555504
29.5,4.0,0,12.0,6.0,"Developer, full-stack",0.0,"Hybrid (some remote, leans heavy to in-person)","Internet, Telecomm or Information Services",GBR,,,95299.0,3.0,8.922591630635415
59.5,1.0,0,30.0,43.0,Database administrator or engineer,0.0,"Your choice (very flexible, you can come in when you want or just as needed)",Government,CAN,6.0,4.0,93387.0,3.0,6.619406317542652
29.5,5.0,0,9.0,9.0,"Developer, back-end",0.0,Remote,Software Development,IRL,7.0,8.0,174022.0,3.0,2.302585092994046
39.5,4.0,0,14.0,14.0,"Developer, full-stack",0.0,"Hybrid (some in-person, leans heavy to flexibility)",Software Development,CAN,10.0,7.0,87550.0,3.0,8.006200887093147
29.5,4.0,0,5.0,9.0,"Developer, full-stack",0.0,"Your choice (very flexible, you can come in when you want or just as needed)",Software Development,EGY,3.0,3.0,27960.0,1.0,8.922591630635415
29.5,4.0,0,11.0,20.0,"Architect, software or solutions",0.0,In-person,Manufacturing,USA,,,200000.0,3.0,5.702114417555504
39.5,5.0,1,13.0,17.0,"Developer, back-end",,,Software Development,SRB,4.0,7.0,98000.0,2.0,
49.5,4.0,0,25.0,29.0,"Developer, desktop or enterprise applications",0.0,"Hybrid (some remote, leans heavy to in-person)",Software Development,TUR,9.0,,1515.0,2.0,5.702114417555504
39.5,5.0,0,16.0,24.0,"Developer, back-end",0.0,Remote,Software Development,ITA,6.0,3.0,197225.0,3.0,9.903487552536127
29.5,5.0,0,1.0,12.0,Academic researcher,0.0,In-person,Higher Education,DEU,2.0,,66824.0,3.0,8.922591630635415
21.0,4.0,0,2.0,4.0,"Developer, back-end",1.0,"Hybrid (some remote, leans heavy to in-person)",Software Development,EGY,5.0,2.0,3595.0,1.0,2.302585092994046
29.5,5.0,1,8.0,8.0,"Developer, full-stack",,,Other:,ROU,4.0,1.0,20677.0,3.0,
29.5,4.0,1,15.0,20.0,"Developer, full-stack",,,Software Development,CAN,3.0,2.0,72958.0,3.0,
49.5,4.0,0,22.0,24.0,"Developer, back-end",0.0,Remote,Software Development,USA,5.0,6.0,120000.0,3.0,4.085976312551584
29.5,4.0,0,10.0,15.0,"Developer, back-end",0.0,"Hybrid (some remote, leans heavy to in-person)",Other:,NLD,,,90491.0,3.0,8.006200887093147
39.5,4.0,0,15.0,17.0,"Developer, full-stack",0.0,Remote,Software Development,USA,9.0,4.0,85000.0,3.0,2.302585092994046
21.0,2.0,0,4.0,9.0,"Developer, game or graphics",0.0,Remote,Software Development,RUS,3.0,,55687.0,3.0,4.085976312551584
39.5,5.0,0,15.0,17.0,"Developer, full-stack",0.0,"Your choice (very flexible, you can come in when you want or just as needed)",Software Development,CAN,2.0,,72958.0,3.0,5.702114417555504
39.5,4.0,1,13.0,17.0,Database administrator or engineer,0.0,"Your choice (very flexible, you can come in when you want or just as needed)",Banking/Financial Services,SWE,8.0,3.0,62893.0,3.0,0.0
29.5,4.0,0,5.0,10.0,"Developer, full-stack",0.0,"Hybrid (some remote, leans heavy to in-person)",Banking/Financial Services,NLD,7.0,5.0,71929.0,3.0,9.903487552536127
29.5,4.0,0,14.0,17.0,"Developer, back-end",0.0,"Hybrid (some in-person, leans heavy to flexibility)",Computer Systems Design and Services,NLD,12.0,,110214.0,3.0,5.702114417555504
59.5,5.0,0,40.0,45.0,"Developer, full-stack",0.0,"Your choice (very flexible, you can come in when you want or just as needed)",Government,USA,,,96300.0,3.0,5.702114417555504
29.5,4.0,0,11.0,15.0,"Developer, back-end",0.0,Remote,Software Development,DEU,,7.0,110214.0,3.0,4.085976312551584
29.5,6.0,0,8.0,15.0,Other (please specify):,0.0,"Hybrid (some in-person, leans heavy to flexibility)",Higher Education,FRA,4.0,,50994.0,3.0,5.702114417555504
39.5,2.0,0,12.0,26.0,"Developer, back-end",0.0,Remote,Software Development,DEU,2.0,2.0,104413.0,3.0,2.302585092994046
59.5,4.0,0,27.0,40.0,"Developer, back-end",1.0,In-person,Government,USA,8.0,5.0,240000.0,3.0,4.085976312551584
77.5,6.0,0,43.0,52.0,Other (please specify):,0.0,"Your choice (very flexible, you can come in when you want or just as needed)",Government,NLD,1.0,,116015.0,3.0,6.619406317542652
21.0,2.0,0,2.0,2.0,"Developer, back-end",0.0,"Hybrid (some remote, leans heavy to in-person)",Software Development,IRN,2.0,2.0,166172.0,2.0,5.702114417555504
29.5,4.0,0,10.0,15.0,"Developer, mobile",0.0,Remote,Software Development,USA,,,510000.0,3.0,8.006200887093147
39.5,5.0,0,11.0,17.0,"Developer, back-end",0.0,"Hybrid (some in-person, leans heavy to flexibility)",Software Development,FRA,4.0,3.0,74249.0,3.0,6.619406317542652
39.5,4.0,0,23.0,25.0,"Developer, full-stack",0.0,"Hybrid (some in-person, leans heavy to flexibility)",Software Development,BEL,6.0,4.0,91276.0,3.0,4.085976312551584
29.5,4.0,0,8.0,15.0,"Developer, full-stack",0.0,"Your choice (very flexible, you can come in when you want or just as needed)",Banking/Financial Services,USA,8.0,3.0,110000.0,3.0,6.619406317542652
49.5,5.0,0,24.0,33.0,Engineering manager,1.0,Remote,Software Development,USA,,,220000.0,3.0,2.302585092994046
49.5,1.0,0,28.0,30.0,"Developer, mobile",0.0,"Hybrid (some in-person, leans heavy to flexibility)","Transportation, or Supply Chain",GBR,2.0,,106190.0,3.0,9.903487552536127
39.5,2.0,0,25.0,25.0,"Developer, full-stack",0.0,Remote,Software Development,USA,7.0,8.0,149950.0,3.0,5.702114417555504
29.5,4.0,0,8.0,16.0,"Developer, full-stack",0.0,In-person,"Internet, Telecomm or Information Services",USA,,,500000.0,3.0,9.903487552536127
39.5,4.0,0,14.0,30.0,DevOps engineer or professional,0.0,"Hybrid (some in-person, leans heavy to flexibility)",Media & Advertising Services,GBR,9.0,,299511.0,3.0,8.006200887093147
39.5,5.0,0,17.0,30.0,"Developer, embedded applications or devices",,,Other:,DEU,9.0,,83531.0,3.0,8.006200887093147
39.5,5.0,0,13.0,24.0,"Developer, back-end",0.0,"Hybrid (some in-person, leans heavy to flexibility)",Software Development,IND,4.0,5.0,90667.0,1.0,9.903487552536127
21.0,4.0,0,1.0,7.0,"Developer, back-end",0.0,"Hybrid (some in-person, leans heavy to flexibility)",Software Development,POL,4.0,2.0,28109.0,3.0,8.006200887093147
29.5,4.0,0,10.0,15.0,"Developer, back-end",0.0,Remote,Software Development,USA,6.0,3.0,200000.0,3.0,4.085976312551584
39.5,4.0,0,13.0,15.0,"Developer, front-end",0.0,Remote,Software Development,USA,5.0,1.0,190000.0,3.0,5.702114417555504
29.5,4.0,0,5.0,6.0,"Developer, full-stack",0.0,"Hybrid (some remote, leans heavy to in-person)",Retail and Consumer Services,KOR,5.0,1.0,33072.0,3.0,4.085976312551584
39.5,1.0,0,17.0,22.0,"Developer, full-stack",0.0,"Hybrid (some remote, leans heavy to in-person)",Manufacturing,CHE,7.0,3.0,173590.0,3.0,9.903487552536127
29.5,4.0,0,4.0,9.0,"Developer, full-stack",0.0,"Hybrid (some in-person, leans heavy to flexibility)",Media & Advertising Services,BEL,6.0,3.0,46406.0,3.0,4.085976312551584
29.5,5.0,0,7.0,15.0,"Developer, full-stack",0.0,"Hybrid (some in-person, leans heavy to flexibility)",Software Development,UKR,3.0,4.0,17256.0,2.0,2.302585092994046
29.5,5.0,0,3.0,10.0,"Developer, desktop or enterprise applications",0.0,"Hybrid (some remote, leans heavy to in-person)",Software Development,GBR,2.0,,84408.0,3.0,9.903487552536127
49.5,4.0,0,32.0,37.0,"Developer, desktop or enterprise applications",0.0,"Hybrid (some remote, leans heavy to in-person)",Energy,USA,5.0,1.0,145600.0,3.0,8.006200887093147
29.5,5.0,0,8.0,24.0,"Developer, full-stack",0.0,"Hybrid (some remote, leans heavy to in-person)",Software Development,DNK,,,104976.0,3.0,2.302585092994046
39.5,1.0,0,26.0,32.0,"Developer, back-end",0.0,"Your choice (very flexible, you can come in when you want or just as needed)",Software Development,AUT,6.0,1.0,97104.0,3.0,5.702114417555504
29.5,5.0,0,10.0,18.0,DevOps engineer or professional,0.0,"Hybrid (some in-person, leans heavy to flexibility)",Software Development,DEU,,,92812.0,3.0,8.006200887093147
29.5,5.0,0,9.0,15.0,"Developer, full-stack",0.0,"Hybrid (some in-person, leans heavy to flexibility)",Computer Systems Design and Services,BEL,9.0,3.0,87011.0,3.0,4.085976312551584
29.5,4.0,1,10.0,18.0,"Architect, software or solutions",,,Software Development,POL,5.0,1.0,95515.0,3.0,
29.5,4.0,0,4.0,6.0,"Developer, full-stack",1.0,In-person,Government,MEX,,,25793.0,2.0,2.302585092994046
29.5,5.0,0,3.0,7.0,"Developer, full-stack",0.0,Remote,Software Development,GBR,8.0,1.0,80323.0,3.0,5.702114417555504
29.5,3.0,0,4.0,6.0,"Developer, back-end",1.0,Remote,Insurance,COL,12.0,5.0,19575.0,2.0,8.006200887093147
29.5,4.0,0,11.0,15.0,"Architect, software or solutions",0.0,"Hybrid (some remote, leans heavy to in-person)",Other:,IND,5.0,4.0,58120.0,1.0,5.702114417555504
29.5,4.0,0,6.0,11.0,Data scientist,0.0,"Hybrid (some remote, leans heavy to in-person)",Higher Education,USA,7.0,6.0,103000.0,3.0,8.006200887093147
29.5,5.0,0,7.0,10.0,"Developer, full-stack",0.0,In-person,Software Development,BGD,,,8051.0,1.0,5.702114417555504
29.5,4.0,0,6.0,11.0,"Developer, QA or test",0.0,"Hybrid (some in-person, leans heavy to flexibility)",Software Development,DEU,2.0,1.0,64968.0,3.0,4.085976312551584
39.5,4.0,0,16.0,6.0,"Developer, full-stack",0.0,Remote,Software Development,USA,7.0,1.0,104000.0,3.0,5.702114417555504
29.5,4.0,0,12.0,16.0,"Developer, back-end",0.0,Remote,"Internet, Telecomm or Information Services",RUS,4.0,2.0,63797.0,3.0,5.702114417555504
49.5,4.0,0,23.0,30.0,"Architect, software or solutions",0.0,Remote,Healthcare,USA,1.0,1.0,177000.0,3.0,5.702114417555504
39.5,5.0,0,15.0,20.0,"Developer, back-end",0.0,"Hybrid (some in-person, leans heavy to flexibility)",Software Development,DEU,7.0,2.0,110214.0,3.0,4.085976312551584
39.5,4.0,0,10.0,21.0,"Architect, software or solutions",0.0,"Your choice (very flexible, you can come in when you want or just as needed)",Manufacturing,AUT,13.0,3.0,97452.0,3.0,8.006200887093147
39.5,4.0,0,15.0,26.0,"Developer, mobile",0.0,Remote,Software Development,GRC,6.0,,82370.0,3.0,
29.5,4.0,0,9.0,15.0,Cloud infrastructure engineer,0.0,"Your choice (very flexible, you can come in when you want or just as needed)",Government,GBR,4.0,3.0,68071.0,3.0,9.903487552536127
39.5,4.0,1,12.0,15.0,"Developer, full-stack",,,Retail and Consumer Services,POL,3.0,4.0,130992.0,3.0,
29.5,5.0,0,5.0,11.0,"Developer, embedded applications or devices",0.0,"Hybrid (some remote, leans heavy to in-person)",Software Development,CHE,11.0,5.0,126473.0,3.0,5.702114417555504
39.5,5.0,0,15.0,20.0,"Developer, AI apps or physical AI",0.0,Remote,Software Development,ITA,4.0,,139218.0,3.0,8.922591630635415
39.5,4.0,0,17.0,24.0,DevOps engineer or professional,0.0,"Your choice (very flexible, you can come in when you want or just as needed)",Media & Advertising Services,DEU,7.0,3.0,48726.0,3.0,4.085976312551584
39.5,4.0,0,13.0,23.0,"Developer, back-end",0.0,In-person,Software Development,PHL,4.0,5.0,45000.0,2.0,4.085976312551584
39.5,4.0,0,12.0,16.0,"Developer, back-end",0.0,"Hybrid (some remote, leans heavy to in-person)",Computer Systems Design and Services,USA,8.0,6.0,210000.0,3.0,9.903487552536127
29.5,2.0,0,6.0,11.0,"Developer, full-stack",0.0,"Your choice (very flexible, you can come in when you want or just as needed)",Software Development,DEU,5.0,4.0,64388.0,3.0,5.702114417555504
39.5,5.0,0,20.0,20.0,"Developer, full-stack",0.0,In-person,Computer Systems Design and Services,FRA,7.0,2.0,69609.0,3.0,4.085976312551584
29.5,2.0,1,9.0,10.0,"Developer, full-stack",,,Healthcare,FRA,5.0,3.0,116015.0,3.0,
59.5,5.0,1,35.0,38.0,"Architect, software or solutions",,,Other:,DEU,7.0,5.0,127616.0,3.0,
29.5,4.0,0,9.0,13.0,"Developer, back-end",0.0,"Your choice (very flexible, you can come in when you want or just as needed)",Software Development,UKR,5.0,2.0,75908.0,2.0,6.619406317542652
39.5,5.0,0,10.0,20.0,"Developer, full-stack",0.0,"Hybrid (some in-person, leans heavy to flexibility)",Software Development,HUN,6.0,,54941.0,3.0,6.619406317542652
39.5,4.0,0,20.0,,"Developer, mobile",0.0,"Your choice (very flexible, you can come in when you want or just as needed)","Internet, Telecomm or Information Services",NLD,,,83531.0,3.0,4.085976312551584
39.5,4.0,0,18.0,25.0,Cloud infrastructure engineer,0.0,Remote,Government,USA,4.0,8.0,190000.0,3.0,8.006200887093147
49.5,5.0,1,30.0,42.0,"Developer, mobile",,,Software Development,DEU,8.0,3.0,150819.0,3.0,
59.5,5.0,0,36.0,45.0,"Developer, desktop or enterprise applications",0.0,Remote,Government,USA,6.0,1.0,165000.0,3.0,5.702114417555504
29.5,5.0,1,6.0,13.0,"Developer, full-stack",,,Software Development,CZE,5.0,3.0,101428.0,3.0,
49.5,6.0,0,25.0,35.0,"Architect, software or solutions",0.0,Remote,Software Development,GBR,,,122527.0,3.0,4.085976312551584
49.5,2.0,0,17.0,31.0,"Developer, desktop or enterprise applications",0.0,Remote,Software Development,BRA,1.0,,45509.0,2.0,6.619406317542652
29.5,5.0,0,5.0,14.0,"Architect, software or solutions",0.0,Remote,Fintech,USA,3.0,2.0,750000.0,3.0,6.619406317542652
39.5,4.0,0,,7.0,"Developer, full-stack",0.0,Remote,Software Development,USA,,,65000.0,3.0,2.302585092994046
39.5,2.0,1,8.0,8.0,"Developer, full-stack",,,Software Development,NAM,8.0,6.0,35000.0,1.0,
39.5,5.0,0,14.0,28.0,Data scientist,0.0,Remote,"Internet, Telecomm or Information Services",ITA,6.0,6.0,55687.0,3.0,6.619406317542652
29.5,5.0,0,3.0,5.0,"Developer, back-end",0.0,"Your choice (very flexible, you can come in when you want or just as needed)",Fintech,PRT,8.0,3.0,42786.0,3.0,6.619406317542652
29.5,4.0,0,6.0,8.0,"Developer, back-end",0.0,"Hybrid (some in-person, leans heavy to flexibility)",Software Development,ARG,3.0,3.0,13649.0,2.0,2.302585092994046
39.5,5.0,0,9.0,17.0,"Developer, front-end",0.0,In-person,Software Development,DEU,3.0,3.0,70769.0,3.0,5.702114417555504
39.5,3.0,0,8.0,8.0,"Developer, front-end",0.0,"Hybrid (some in-person, leans heavy to flexibility)",Media & Advertising Services,CHL,5.0,,55136.0,3.0,9.903487552536127
39.5,5.0,0,2.0,5.0,"Developer, front-end",0.0,In-person,Manufacturing,,,,30000.0,,4.085976312551584
39.5,5.0,0,14.0,20.0,"Developer, back-end",1.0,In-person,Higher Education,SYR,17.0,11.0,6000.0,0.0,6.619406317542652
29.5,5.0,1,15.0,18.0,"Senior executive (C-suite, VP, etc.)",,,Software Development,HUN,5.0,2.0,4627.0,3.0,
29.5,4.0,0,5.0,10.0,"Developer, full-stack",0.0,Remote,Healthcare,USA,5.0,1.0,74500.0,3.0,8.922591630635415
29.5,3.0,0,7.0,10.0,"Developer, full-stack",0.0,Remote,Software Development,CAN,8.0,3.0,85361.0,3.0,8.922591630635415
49.5,4.0,0,30.0,35.0,"Developer, back-end",0.0,"Your choice (very flexible, you can come in when you want or just as needed)",Software Development,AUS,7.0,3.0,169024.0,3.0,8.006200887093147
49.5,6.0,0,24.0,10.0,"Developer, full-stack",1.0,In-person,Software Development,FRA,4.0,1.0,40605.0,3.0,2.302585092994046
59.5,5.0,0,39.0,45.0,"Developer, full-stack",0.0,"Hybrid (some remote, leans heavy to in-person)",Retail and Consumer Services,ITA,7.0,2.0,104413.0,3.0,8.922591630635415
49.5,6.0,0,30.0,20.0,"Developer, full-stack",0.0,Remote,Software Development,COL,,,1200.0,2.0,9.903487552536127
59.5,4.0,0,35.0,40.0,"Developer, full-stack",0.0,"Hybrid (some in-person, leans heavy to flexibility)",Other:,USA,7.0,6.0,200000.0,3.0,8.006200887093147
29.5,4.0,0,7.0,8.0,"Developer, back-end",,,Fintech,FRA,,,116015.0,3.0,4.085976312551584
39.5,4.0,0,23.0,25.0,"Architect, software or solutions",0.0,Remote,Computer Systems Design and Services,GBR,15.0,6.0,170177.0,3.0,6.619406317542652
29.5,1.0,0,14.0,17.0,"Developer, full-stack",1.0,"Hybrid (some remote, leans heavy to in-person)",Insurance,ITA,7.0,4.0,43505.0,3.0,5.702114417555504
59.5,6.0,0,35.0,48.0,"Developer, back-end",0.0,"Hybrid (some in-person, leans heavy to flexibility)",Healthcare,USA,7.0,2.0,180000.0,3.0,9.903487552536127
39.5,4.0,0,20.0,25.0,"Developer, full-stack",0.0,Remote,Software Development,BRA,6.0,6.0,110000.0,2.0,8.006200887093147
29.5,4.0,0,2.0,6.0,Data engineer,0.0,Remote,Insurance,USA,5.0,5.0,117000.0,3.0,9.903487552536127
49.5,4.0,0,34.0,41.0,"Developer, full-stack",0.0,Remote,"Internet, Telecomm or Information Services",AUS,7.0,3.0,117017.0,3.0,2.302585092994046
39.5,4.0,0,8.0,5.0,"Developer, full-stack",0.0,"Hybrid (some remote, leans heavy to in-person)",Manufacturing,JPN,9.0,4.0,31090.0,3.0,8.922591630635415
39.5,4.0,0,18.0,22.0,"Architect, software or solutions",0.0,"Hybrid (some in-person, leans heavy to flexibility)",Software Development,USA,10.0,5.0,150000.0,3.0,4.085976312551584
39.5,4.0,0,22.0,28.0,Engineering manager,1.0,"Hybrid (some remote, leans heavy to in-person)",Software Development,NZL,8.0,6.0,79511.0,3.0,4.085976312551584
29.5,5.0,0,14.0,20.0,"Developer, full-stack",0.0,Remote,Healthcare,CAN,9.0,10.0,170000.0,3.0,6.619406317542652
39.5,5.0,0,13.0,20.0,DevOps engineer or professional,1.0,"Hybrid (some in-person, leans heavy to flexibility)",Manufacturing,USA,13.0,3.0,108000.0,3.0,4.085976312551584
49.5,5.0,0,26.0,30.0,Engineering manager,1.0,In-person,Other:,USA,7.0,3.0,250000.0,3.0,5.702114417555504
29.5,1.0,0,8.0,8.0,"Developer, full-stack",1.0,In-person,Fintech,VEN,5.0,3.0,13000.0,1.0,2.302585092994046
29.5,4.0,0,10.0,12.0,"Architect, software or solutions",1.0,Remote,Computer Systems Design and Services,BRA,8.0,5.0,154731.0,2.0,8.006200887093147
49.5,4.0,0,25.0,30.0,"Developer, full-stack",1.0,"Hybrid (some in-person, leans heavy to flexibility)",Media & Advertising Services,GBR,5.0,4.0,88492.0,3.0,2.302585092994046
39.5,4.0,0,13.0,20.0,"Developer, full-stack",0.0,"Hybrid (some in-person, leans heavy to flexibility)",Other:,USA,5.0,2.0,145699.0,3.0,6.619406317542652
49.5,5.0,0,32.0,39.0,"Developer, embedded applications or devices",0.0,"Hybrid (some in-person, leans heavy to flexibility)","Internet, Telecomm or Information Services",BRA,3.0,,45509.0,2.0,8.922591630635415
29.5,4.0,0,3.0,3.0,"Developer, full-stack",0.0,In-person,Software Development,IND,5.0,5.0,20342.0,1.0,6.619406317542652
29.5,4.0,0,2.0,7.0,"Developer, desktop or enterprise applications",0.0,Remote,Software Development,MEX,9.0,6.0,11613.0,2.0,4.085976312551584
29.5,4.0,0,6.0,10.0,"Developer, front-end",0.0,"Hybrid (some remote, leans heavy to in-person)","Internet, Telecomm or Information Services",IND,3.0,,25573.0,1.0,8.922591630635415
21.0,1.0,0,3.0,6.0,"Developer, desktop or enterprise applications",0.0,"Hybrid (some in-person, leans heavy to flexibility)",Other:,DEU,10.0,3.0,58007.0,3.0,8.006200887093147
29.5,5.0,0,10.0,16.0,"Developer, full-stack",0.0,Remote,Software Development,DEU,8.0,5.0,67289.0,3.0,8.006200887093147
49.5,5.0,0,30.0,44.0,"Architect, software or solutions",0.0,"Hybrid (some in-person, leans heavy to flexibility)",Software Development,DNK,4.0,,155521.0,3.0,5.702114417555504
39.5,4.0,0,22.0,26.0,"Developer, back-end",0.0,"Your choice (very flexible, you can come in when you want or just as needed)",Software Development,AUS,14.0,5.0,130019.0,3.0,8.922591630635415
29.5,6.0,0,7.0,15.0,Academic researcher,0.0,"Hybrid (some remote, leans heavy to in-person)",Higher Education,USA,5.0,,60000.0,3.0,9.903487552536127
29.5,4.0,0,5.0,10.0,"Developer, full-stack",0.0,"Hybrid (some remote, leans heavy to in-person)",Manufacturing,USA,9.0,5.0,105000.0,3.0,8.006200887093147
21.0,1.0,0,5.0,6.0,System administrator,0.0,"Hybrid (some remote, leans heavy to in-person)",Healthcare,DEU,10.0,7.0,54527.0,3.0,9.903487552536127
29.5,4.0,0,5.0,3.0,Other (please specify):,0.0,Remote,Fintech,IND,2.0,,34872.0,1.0,2.302585092994046
39.5,2.0,0,3.0,7.0,"Developer, embedded applications or devices",0.0,Remote,"Internet, Telecomm or Information Services",HRV,5.0,,40605.0,3.0,2.302585092994046
29.5,4.0,0,5.0,8.0,"Developer, full-stack",0.0,"Your choice (very flexible, you can come in when you want or just as needed)",Software Development,TUR,5.0,2.0,44689.0,2.0,5.702114417555504
39.5,4.0,0,15.0,28.0,"Developer, back-end",0.0,"Hybrid (some in-person, leans heavy to flexibility)","Internet, Telecomm or Information Services",SWE,5.0,2.0,53798.0,3.0,4.085976312551584
21.0,5.0,0,4.0,6.0,"Developer, full-stack",0.0,"Your choice (very flexible, you can come in when you want or just as needed)",Computer Systems Design and Services,RUS,5.0,3.0,15949.0,3.0,4.085976312551584
49.5,2.0,0,27.0,28.0,"Developer, full-stack",0.0,"Hybrid (some in-person, leans heavy to flexibility)",Other:,AUS,7.0,5.0,97514.0,3.0,5.702114417555504
39.5,5.0,0,16.0,16.0,"Architect, software or solutions",0.0,Remote,Software Development,ESP,2.0,2.0,116015.0,3.0,2.302585092994046
21.0,4.0,0,1.0,5.0,"Developer, full-stack",0.0,In-person,Software Development,IND,5.0,3.0,4650.0,1.0,5.702114417555504
49.5,6.0,1,25.0,25.0,"Founder, technology or otherwise",,,Software Development,DEU,7.0,2.0,232029.0,3.0,
39.5,2.0,0,29.0,32.0,DevOps engineer or professional,0.0,In-person,Manufacturing,USA,8.0,3.0,190000.0,3.0,6.619406317542652
29.5,6.0,0,9.0,9.0,AI/ML engineer,0.0,"Hybrid (some in-person, leans heavy to flexibility)",Software Development,BRA,7.0,4.0,39320.0,2.0,4.085976312551584
29.5,4.0,0,13.0,16.0,"Developer, desktop or enterprise applications",0.0,"Hybrid (some remote, leans heavy to in-person)",Software Development,DEU,4.0,3.0,83531.0,3.0,2.302585092994046
39.5,5.0,0,10.0,15.0,"Developer, back-end",0.0,In-person,Software Development,CZE,12.0,1.0,234028.0,3.0,9.903487552536127
39.5,4.0,0,19.0,30.0,"Developer, full-stack",0.0,Remote,Software Development,USA,10.0,7.0,59000.0,3.0,2.302585092994046
21.0,5.0,1,4.0,10.0,"Developer, full-stack",0.0,"Your choice (very flexible, you can come in when you want or just as needed)",Software Development,LKA,7.0,8.0,99915.0,2.0,0.0
49.5,6.0,1,24.0,24.0,"Developer, embedded applications or devices",,,Software Development,GBR,7.0,1.0,163370.0,3.0,
49.5,2.0,0,20.0,20.0,Data or business analyst,0.0,Remote,Retail and Consumer Services,GBR,5.0,3.0,65348.0,3.0,8.006200887093147
21.0,4.0,0,3.0,12.0,"Developer, back-end",0.0,In-person,Insurance,HKG,6.0,5.0,47389.0,3.0,8.006200887093147
29.5,4.0,0,8.0,14.0,Engineering manager,1.0,In-person,Healthcare,EGY,3.0,2.0,3048.0,1.0,8.006200887093147
29.5,5.0,0,4.0,7.0,"Developer, full-stack",0.0,"Hybrid (some remote, leans heavy to in-person)",Software Development,FRA,5.0,6.0,46406.0,3.0,5.702114417555504
39.5,4.0,0,18.0,25.0,"Developer, back-end",0.0,Remote,Software Development,FRA,6.0,1.0,203026.0,3.0,9.903487552536127
29.5,4.0,0,4.0,5.0,Other (please specify):,0.0,"Hybrid (some remote, leans heavy to in-person)",Media & Advertising Services,IND,3.0,4.0,8985.0,1.0,9.903487552536127
29.5,4.0,0,12.0,18.0,"Developer, AI apps or physical AI",0.0,Remote,Software Development,GBR,,,136141.0,3.0,2.302585092994046
29.5,5.0,0,2.0,12.0,"Developer, embedded applications or devices",,"Hybrid (some remote, leans heavy to in-person)",Software Development,ZAF,8.0,,39465.0,2.0,4.085976312551584
39.5,6.0,1,20.0,25.0,"Developer, back-end",1.0,Remote,Retail and Consumer Services,HRV,11.0,7.0,58007.0,3.0,0.0
29.5,4.0,0,2.0,3.0,"Developer, full-stack",0.0,Remote,Fintech,UKR,6.0,3.0,9275.0,2.0,2.302585092994046
21.0,,0,3.0,5.0,"Developer, full-stack",0.0,In-person,Software Development,CHE,10.0,5.0,76566.0,3.0,4.085976312551584
29.5,4.0,0,6.0,15.0,"Architect, software or solutions",0.0,"Hybrid (some remote, leans heavy to in-person)",Other:,CHE,4.0,,148791.0,3.0,8.006200887093147
39.5,4.0,0,7.0,25.0,"Developer, front-end",0.0,Remote,Retail and Consumer Services,DEU,6.0,4.0,89795.0,3.0,5.702114417555504
29.5,5.0,0,3.0,10.0,AI/ML engineer,0.0,In-person,Software Development,,4.0,,33886.0,,6.619406317542652
29.5,2.0,0,7.0,9.0,DevOps engineer or professional,0.0,In-person,Software Development,DEU,7.0,3.0,133417.0,3.0,9.903487552536127
39.5,5.0,0,18.0,22.0,"Developer, back-end",0.0,"Hybrid (some in-person, leans heavy to flexibility)",Other:,HUN,7.0,2.0,92812.0,3.0,4.085976312551584
39.5,5.0,0,13.0,20.0,"Developer, back-end",0.0,"Hybrid (some in-person, leans heavy to flexibility)",Computer Systems Design and Services,FRA,4.0,2.0,104413.0,3.0,5.702114417555504
39.5,6.0,0,20.0,20.0,"Developer, front-end",0.0,"Your choice (very flexible, you can come in when you want or just as needed)",Software Development,FRA,3.0,4.0,64968.0,3.0,2.302585092994046
39.5,2.0,0,10.0,20.0,"Developer, full-stack",0.0,"Hybrid (some remote, leans heavy to in-person)",Software Development,DEU,9.0,3.0,62648.0,3.0,2.302585092994046
29.5,4.0,0,6.0,10.0,"Developer, mobile",0.0,"Hybrid (some remote, leans heavy to in-person)",Other:,DEU,2.0,1.0,63808.0,3.0,2.302585092994046
29.5,5.0,0,14.0,20.0,Engineering manager,1.0,"Your choice (very flexible, you can come in when you want or just as needed)",Software Development,DEU,9.0,3.0,150819.0,3.0,6.619406317542652
39.5,5.0,1,12.0,18.0,"Developer, full-stack",,,Software Development,FRA,6.0,2.0,92812.0,3.0,
29.5,5.0,0,10.0,21.0,"Developer, embedded applications or devices",0.0,In-person,Software Development,AUT,9.0,4.0,85851.0,3.0,5.702114417555504
39.5,1.0,0,18.0,20.0,"Developer, embedded applications or devices",1.0,Remote,Software Development,GBR,5.0,5.0,81685.0,3.0,2.302585092994046
29.5,4.0,0,4.0,5.0,"Developer, full-stack",1.0,In-person,Software Development,IND,4.0,3.0,13949.0,1.0,4.085976312551584
39.5,5.0,0,15.0,17.0,"Developer, back-end",0.0,"Hybrid (some remote, leans heavy to in-person)",Government,GBR,2.0,3.0,61531.0,3.0,5.702114417555504
29.5,4.0,0,5.0,18.0,DevOps engineer or professional,0.0,Remote,Manufacturing,DEU,6.0,1.0,60328.0,3.0,2.302585092994046
39.5,5.0,0,12.0,12.0,"Developer, back-end",0.0,Remote,Energy,UKR,2.0,1.0,31635.0,2.0,8.006200887093147
29.5,2.0,0,6.0,13.0,"Senior executive (C-suite, VP, etc.)",1.0,Remote,Fintech,GBR,,,102106.0,3.0,5.702114417555504
39.5,4.0,0,12.0,15.0,DevOps engineer or professional,0.0,"Hybrid (some in-person, leans heavy to flexibility)",Manufacturing,DEU,6.0,,92812.0,3.0,8.006200887093147
29.5,4.0,1,5.0,10.0,"Developer, full-stack",,,Software Development,ISR,,,97067.0,3.0,
29.5,5.0,0,7.0,7.0,"Developer, full-stack",0.0,"Your choice (very flexible, you can come in when you want or just as needed)",Software Development,PRT,5.0,1.0,47566.0,3.0,2.302585092994046
21.0,5.0,0,3.0,8.0,Data scientist,0.0,"Hybrid (some in-person, leans heavy to flexibility)",Software Development,FRA,5.0,2.0,60328.0,3.0,4.085976312551584
29.5,4.0,0,7.0,13.0,"Developer, mobile",0.0,"Hybrid (some in-person, leans heavy to flexibility)",Software Development,AUT,5.0,4.0,56847.0,3.0,4.085976312551584
21.0,4.0,0,1.0,8.0,"Developer, full-stack",0.0,"Hybrid (some remote, leans heavy to in-person)",Software Development,NLD,7.0,2.0,46406.0,3.0,8.006200887093147
39.5,5.0,0,13.0,20.0,"Developer, game or graphics",0.0,"Hybrid (some remote, leans heavy to in-person)",Software Development,CHE,6.0,1.0,96714.0,3.0,2.302585092994046
21.0,4.0,0,3.0,10.0,"Developer, back-end",0.0,"Your choice (very flexible, you can come in when you want or just as needed)",Software Development,IND,6.0,2.0,20109.0,1.0,9.903487552536127
